ISO-10303-21;
HEADER;
/* Generated by software containing ST-Developer
 * from STEP Tools, Inc. (www.steptools.com) 
 */

FILE_DESCRIPTION(
/* description */ (''),
/* implementation_level */ '2;1');

FILE_NAME(
/* name */ 'TOPPART.step',
/* time_stamp */ '2026-04-08T13:09:49+05:30',
/* author */ (''),
/* organization */ (''),
/* preprocessor_version */ 'ST-DEVELOPER v20.1',
/* originating_system */ 'Autodesk Translation Framework v14.24.0.0',
/* authorisation */ '');

FILE_SCHEMA (('AUTOMOTIVE_DESIGN { 1 0 10303 214 3 1 1 }'));
ENDSEC;

DATA;
#10=MECHANICAL_DESIGN_GEOMETRIC_PRESENTATION_REPRESENTATION('',(#13),#6294);
#11=SHAPE_REPRESENTATION_RELATIONSHIP('SRR','None',#6301,#12);
#12=ADVANCED_BREP_SHAPE_REPRESENTATION('',(#14),#6293);
#13=STYLED_ITEM('',(#6310),#14);
#14=MANIFOLD_SOLID_BREP('Body1',#3554);
#15=CYLINDRICAL_SURFACE('',#3685,2.5);
#16=CYLINDRICAL_SURFACE('',#3688,7.5);
#17=CYLINDRICAL_SURFACE('',#3690,15.);
#18=CYLINDRICAL_SURFACE('',#3693,10.);
#19=CYLINDRICAL_SURFACE('',#3697,10.);
#20=CYLINDRICAL_SURFACE('',#3700,15.);
#21=CYLINDRICAL_SURFACE('',#3702,7.5);
#22=CYLINDRICAL_SURFACE('',#3705,2.5);
#23=CYLINDRICAL_SURFACE('',#3708,7.5);
#24=CYLINDRICAL_SURFACE('',#3711,2.5);
#25=CYLINDRICAL_SURFACE('',#3715,10.);
#26=CYLINDRICAL_SURFACE('',#3718,15.);
#27=CYLINDRICAL_SURFACE('',#3720,15.);
#28=CYLINDRICAL_SURFACE('',#3723,10.);
#29=CYLINDRICAL_SURFACE('',#3726,7.5);
#30=CYLINDRICAL_SURFACE('',#3729,2.5);
#31=CYLINDRICAL_SURFACE('',#3732,1.6);
#32=CYLINDRICAL_SURFACE('',#3734,6.);
#33=CYLINDRICAL_SURFACE('',#3744,6.);
#34=CYLINDRICAL_SURFACE('',#3746,6.);
#35=CYLINDRICAL_SURFACE('',#3748,6.);
#36=CYLINDRICAL_SURFACE('',#3749,1.6);
#37=CYLINDRICAL_SURFACE('',#3750,1.6);
#38=CYLINDRICAL_SURFACE('',#3751,1.6);
#39=CIRCLE('',#3658,6.);
#40=CIRCLE('',#3659,6.);
#41=CIRCLE('',#3660,6.);
#42=CIRCLE('',#3661,6.);
#43=CIRCLE('',#3662,1.6);
#44=CIRCLE('',#3663,1.6);
#45=CIRCLE('',#3664,1.6);
#46=CIRCLE('',#3665,1.6);
#47=CIRCLE('',#3666,7.5);
#48=CIRCLE('',#3667,2.5);
#49=CIRCLE('',#3668,15.);
#50=CIRCLE('',#3669,10.);
#51=CIRCLE('',#3670,15.);
#52=CIRCLE('',#3671,10.);
#53=CIRCLE('',#3672,7.5);
#54=CIRCLE('',#3673,2.5);
#55=CIRCLE('',#3674,7.5);
#56=CIRCLE('',#3675,2.5);
#57=CIRCLE('',#3676,15.);
#58=CIRCLE('',#3677,10.);
#59=CIRCLE('',#3678,15.);
#60=CIRCLE('',#3679,10.);
#61=CIRCLE('',#3680,7.5);
#62=CIRCLE('',#3681,2.5);
#63=CIRCLE('',#3686,2.5);
#64=CIRCLE('',#3689,7.5);
#65=CIRCLE('',#3691,15.);
#66=CIRCLE('',#3694,10.);
#67=CIRCLE('',#3698,10.);
#68=CIRCLE('',#3701,15.);
#69=CIRCLE('',#3703,7.5);
#70=CIRCLE('',#3706,2.5);
#71=CIRCLE('',#3709,7.5);
#72=CIRCLE('',#3712,2.5);
#73=CIRCLE('',#3716,10.);
#74=CIRCLE('',#3719,15.);
#75=CIRCLE('',#3721,15.);
#76=CIRCLE('',#3724,10.);
#77=CIRCLE('',#3727,7.5);
#78=CIRCLE('',#3730,2.5);
#79=CIRCLE('',#3733,1.6);
#80=CIRCLE('',#3735,6.);
#81=CIRCLE('',#3738,6.);
#82=CIRCLE('',#3739,6.);
#83=CIRCLE('',#3740,6.);
#84=CIRCLE('',#3741,1.6);
#85=CIRCLE('',#3742,1.6);
#86=CIRCLE('',#3743,1.6);
#87=FACE_BOUND('',#445,.T.);
#88=FACE_BOUND('',#522,.T.);
#89=FACE_BOUND('',#556,.T.);
#90=FACE_BOUND('',#558,.T.);
#91=FACE_BOUND('',#559,.T.);
#92=FACE_BOUND('',#560,.T.);
#93=FACE_BOUND('',#561,.T.);
#94=FACE_BOUND('',#562,.T.);
#95=FACE_BOUND('',#563,.T.);
#96=FACE_BOUND('',#564,.T.);
#97=FACE_BOUND('',#565,.T.);
#98=FACE_BOUND('',#566,.T.);
#99=FACE_BOUND('',#567,.T.);
#100=FACE_BOUND('',#568,.T.);
#101=FACE_BOUND('',#569,.T.);
#102=FACE_BOUND('',#570,.T.);
#103=FACE_BOUND('',#571,.T.);
#104=FACE_BOUND('',#572,.T.);
#105=FACE_BOUND('',#573,.T.);
#106=FACE_BOUND('',#574,.T.);
#107=FACE_BOUND('',#575,.T.);
#108=FACE_BOUND('',#576,.T.);
#109=FACE_BOUND('',#577,.T.);
#110=FACE_BOUND('',#578,.T.);
#111=FACE_BOUND('',#617,.T.);
#112=FACE_BOUND('',#618,.T.);
#113=FACE_BOUND('',#619,.T.);
#114=FACE_BOUND('',#620,.T.);
#115=FACE_BOUND('',#621,.T.);
#116=FACE_BOUND('',#622,.T.);
#117=FACE_BOUND('',#623,.T.);
#118=FACE_BOUND('',#624,.T.);
#119=FACE_BOUND('',#625,.T.);
#120=FACE_BOUND('',#626,.T.);
#121=FACE_BOUND('',#627,.T.);
#122=FACE_BOUND('',#628,.T.);
#123=PLANE('',#3568);
#124=PLANE('',#3569);
#125=PLANE('',#3570);
#126=PLANE('',#3571);
#127=PLANE('',#3572);
#128=PLANE('',#3573);
#129=PLANE('',#3574);
#130=PLANE('',#3575);
#131=PLANE('',#3576);
#132=PLANE('',#3577);
#133=PLANE('',#3578);
#134=PLANE('',#3579);
#135=PLANE('',#3580);
#136=PLANE('',#3581);
#137=PLANE('',#3582);
#138=PLANE('',#3583);
#139=PLANE('',#3584);
#140=PLANE('',#3585);
#141=PLANE('',#3586);
#142=PLANE('',#3587);
#143=PLANE('',#3588);
#144=PLANE('',#3589);
#145=PLANE('',#3590);
#146=PLANE('',#3591);
#147=PLANE('',#3592);
#148=PLANE('',#3593);
#149=PLANE('',#3594);
#150=PLANE('',#3595);
#151=PLANE('',#3596);
#152=PLANE('',#3597);
#153=PLANE('',#3598);
#154=PLANE('',#3599);
#155=PLANE('',#3600);
#156=PLANE('',#3601);
#157=PLANE('',#3602);
#158=PLANE('',#3603);
#159=PLANE('',#3604);
#160=PLANE('',#3605);
#161=PLANE('',#3606);
#162=PLANE('',#3607);
#163=PLANE('',#3608);
#164=PLANE('',#3609);
#165=PLANE('',#3610);
#166=PLANE('',#3611);
#167=PLANE('',#3612);
#168=PLANE('',#3613);
#169=PLANE('',#3614);
#170=PLANE('',#3615);
#171=PLANE('',#3616);
#172=PLANE('',#3617);
#173=PLANE('',#3618);
#174=PLANE('',#3619);
#175=PLANE('',#3620);
#176=PLANE('',#3621);
#177=PLANE('',#3622);
#178=PLANE('',#3623);
#179=PLANE('',#3624);
#180=PLANE('',#3625);
#181=PLANE('',#3626);
#182=PLANE('',#3627);
#183=PLANE('',#3628);
#184=PLANE('',#3629);
#185=PLANE('',#3630);
#186=PLANE('',#3631);
#187=PLANE('',#3632);
#188=PLANE('',#3633);
#189=PLANE('',#3634);
#190=PLANE('',#3635);
#191=PLANE('',#3636);
#192=PLANE('',#3637);
#193=PLANE('',#3638);
#194=PLANE('',#3639);
#195=PLANE('',#3640);
#196=PLANE('',#3641);
#197=PLANE('',#3642);
#198=PLANE('',#3643);
#199=PLANE('',#3644);
#200=PLANE('',#3645);
#201=PLANE('',#3646);
#202=PLANE('',#3647);
#203=PLANE('',#3648);
#204=PLANE('',#3649);
#205=PLANE('',#3650);
#206=PLANE('',#3651);
#207=PLANE('',#3652);
#208=PLANE('',#3653);
#209=PLANE('',#3654);
#210=PLANE('',#3655);
#211=PLANE('',#3656);
#212=PLANE('',#3657);
#213=PLANE('',#3682);
#214=PLANE('',#3683);
#215=PLANE('',#3684);
#216=PLANE('',#3687);
#217=PLANE('',#3692);
#218=PLANE('',#3695);
#219=PLANE('',#3696);
#220=PLANE('',#3699);
#221=PLANE('',#3704);
#222=PLANE('',#3707);
#223=PLANE('',#3710);
#224=PLANE('',#3713);
#225=PLANE('',#3714);
#226=PLANE('',#3717);
#227=PLANE('',#3722);
#228=PLANE('',#3725);
#229=PLANE('',#3728);
#230=PLANE('',#3731);
#231=PLANE('',#3736);
#232=PLANE('',#3737);
#233=PLANE('',#3745);
#234=PLANE('',#3747);
#235=PLANE('',#3752);
#236=PLANE('',#3753);
#237=FACE_OUTER_BOUND('',#420,.T.);
#238=FACE_OUTER_BOUND('',#421,.T.);
#239=FACE_OUTER_BOUND('',#422,.T.);
#240=FACE_OUTER_BOUND('',#423,.T.);
#241=FACE_OUTER_BOUND('',#424,.T.);
#242=FACE_OUTER_BOUND('',#425,.T.);
#243=FACE_OUTER_BOUND('',#426,.T.);
#244=FACE_OUTER_BOUND('',#427,.T.);
#245=FACE_OUTER_BOUND('',#428,.T.);
#246=FACE_OUTER_BOUND('',#429,.T.);
#247=FACE_OUTER_BOUND('',#430,.T.);
#248=FACE_OUTER_BOUND('',#431,.T.);
#249=FACE_OUTER_BOUND('',#432,.T.);
#250=FACE_OUTER_BOUND('',#433,.T.);
#251=FACE_OUTER_BOUND('',#434,.T.);
#252=FACE_OUTER_BOUND('',#435,.T.);
#253=FACE_OUTER_BOUND('',#436,.T.);
#254=FACE_OUTER_BOUND('',#437,.T.);
#255=FACE_OUTER_BOUND('',#438,.T.);
#256=FACE_OUTER_BOUND('',#439,.T.);
#257=FACE_OUTER_BOUND('',#440,.T.);
#258=FACE_OUTER_BOUND('',#441,.T.);
#259=FACE_OUTER_BOUND('',#442,.T.);
#260=FACE_OUTER_BOUND('',#443,.T.);
#261=FACE_OUTER_BOUND('',#444,.T.);
#262=FACE_OUTER_BOUND('',#446,.T.);
#263=FACE_OUTER_BOUND('',#447,.T.);
#264=FACE_OUTER_BOUND('',#448,.T.);
#265=FACE_OUTER_BOUND('',#449,.T.);
#266=FACE_OUTER_BOUND('',#450,.T.);
#267=FACE_OUTER_BOUND('',#451,.T.);
#268=FACE_OUTER_BOUND('',#452,.T.);
#269=FACE_OUTER_BOUND('',#453,.T.);
#270=FACE_OUTER_BOUND('',#454,.T.);
#271=FACE_OUTER_BOUND('',#455,.T.);
#272=FACE_OUTER_BOUND('',#456,.T.);
#273=FACE_OUTER_BOUND('',#457,.T.);
#274=FACE_OUTER_BOUND('',#458,.T.);
#275=FACE_OUTER_BOUND('',#459,.T.);
#276=FACE_OUTER_BOUND('',#460,.T.);
#277=FACE_OUTER_BOUND('',#461,.T.);
#278=FACE_OUTER_BOUND('',#462,.T.);
#279=FACE_OUTER_BOUND('',#463,.T.);
#280=FACE_OUTER_BOUND('',#464,.T.);
#281=FACE_OUTER_BOUND('',#465,.T.);
#282=FACE_OUTER_BOUND('',#466,.T.);
#283=FACE_OUTER_BOUND('',#467,.T.);
#284=FACE_OUTER_BOUND('',#468,.T.);
#285=FACE_OUTER_BOUND('',#469,.T.);
#286=FACE_OUTER_BOUND('',#470,.T.);
#287=FACE_OUTER_BOUND('',#471,.T.);
#288=FACE_OUTER_BOUND('',#472,.T.);
#289=FACE_OUTER_BOUND('',#473,.T.);
#290=FACE_OUTER_BOUND('',#474,.T.);
#291=FACE_OUTER_BOUND('',#475,.T.);
#292=FACE_OUTER_BOUND('',#476,.T.);
#293=FACE_OUTER_BOUND('',#477,.T.);
#294=FACE_OUTER_BOUND('',#478,.T.);
#295=FACE_OUTER_BOUND('',#479,.T.);
#296=FACE_OUTER_BOUND('',#480,.T.);
#297=FACE_OUTER_BOUND('',#481,.T.);
#298=FACE_OUTER_BOUND('',#482,.T.);
#299=FACE_OUTER_BOUND('',#483,.T.);
#300=FACE_OUTER_BOUND('',#484,.T.);
#301=FACE_OUTER_BOUND('',#485,.T.);
#302=FACE_OUTER_BOUND('',#486,.T.);
#303=FACE_OUTER_BOUND('',#487,.T.);
#304=FACE_OUTER_BOUND('',#488,.T.);
#305=FACE_OUTER_BOUND('',#489,.T.);
#306=FACE_OUTER_BOUND('',#490,.T.);
#307=FACE_OUTER_BOUND('',#491,.T.);
#308=FACE_OUTER_BOUND('',#492,.T.);
#309=FACE_OUTER_BOUND('',#493,.T.);
#310=FACE_OUTER_BOUND('',#494,.T.);
#311=FACE_OUTER_BOUND('',#495,.T.);
#312=FACE_OUTER_BOUND('',#496,.T.);
#313=FACE_OUTER_BOUND('',#497,.T.);
#314=FACE_OUTER_BOUND('',#498,.T.);
#315=FACE_OUTER_BOUND('',#499,.T.);
#316=FACE_OUTER_BOUND('',#500,.T.);
#317=FACE_OUTER_BOUND('',#501,.T.);
#318=FACE_OUTER_BOUND('',#502,.T.);
#319=FACE_OUTER_BOUND('',#503,.T.);
#320=FACE_OUTER_BOUND('',#504,.T.);
#321=FACE_OUTER_BOUND('',#505,.T.);
#322=FACE_OUTER_BOUND('',#506,.T.);
#323=FACE_OUTER_BOUND('',#507,.T.);
#324=FACE_OUTER_BOUND('',#508,.T.);
#325=FACE_OUTER_BOUND('',#509,.T.);
#326=FACE_OUTER_BOUND('',#510,.T.);
#327=FACE_OUTER_BOUND('',#511,.T.);
#328=FACE_OUTER_BOUND('',#512,.T.);
#329=FACE_OUTER_BOUND('',#513,.T.);
#330=FACE_OUTER_BOUND('',#514,.T.);
#331=FACE_OUTER_BOUND('',#515,.T.);
#332=FACE_OUTER_BOUND('',#516,.T.);
#333=FACE_OUTER_BOUND('',#517,.T.);
#334=FACE_OUTER_BOUND('',#518,.T.);
#335=FACE_OUTER_BOUND('',#519,.T.);
#336=FACE_OUTER_BOUND('',#520,.T.);
#337=FACE_OUTER_BOUND('',#521,.T.);
#338=FACE_OUTER_BOUND('',#523,.T.);
#339=FACE_OUTER_BOUND('',#524,.T.);
#340=FACE_OUTER_BOUND('',#525,.T.);
#341=FACE_OUTER_BOUND('',#526,.T.);
#342=FACE_OUTER_BOUND('',#527,.T.);
#343=FACE_OUTER_BOUND('',#528,.T.);
#344=FACE_OUTER_BOUND('',#529,.T.);
#345=FACE_OUTER_BOUND('',#530,.T.);
#346=FACE_OUTER_BOUND('',#531,.T.);
#347=FACE_OUTER_BOUND('',#532,.T.);
#348=FACE_OUTER_BOUND('',#533,.T.);
#349=FACE_OUTER_BOUND('',#534,.T.);
#350=FACE_OUTER_BOUND('',#535,.T.);
#351=FACE_OUTER_BOUND('',#536,.T.);
#352=FACE_OUTER_BOUND('',#537,.T.);
#353=FACE_OUTER_BOUND('',#538,.T.);
#354=FACE_OUTER_BOUND('',#539,.T.);
#355=FACE_OUTER_BOUND('',#540,.T.);
#356=FACE_OUTER_BOUND('',#541,.T.);
#357=FACE_OUTER_BOUND('',#542,.T.);
#358=FACE_OUTER_BOUND('',#543,.T.);
#359=FACE_OUTER_BOUND('',#544,.T.);
#360=FACE_OUTER_BOUND('',#545,.T.);
#361=FACE_OUTER_BOUND('',#546,.T.);
#362=FACE_OUTER_BOUND('',#547,.T.);
#363=FACE_OUTER_BOUND('',#548,.T.);
#364=FACE_OUTER_BOUND('',#549,.T.);
#365=FACE_OUTER_BOUND('',#550,.T.);
#366=FACE_OUTER_BOUND('',#551,.T.);
#367=FACE_OUTER_BOUND('',#552,.T.);
#368=FACE_OUTER_BOUND('',#553,.T.);
#369=FACE_OUTER_BOUND('',#554,.T.);
#370=FACE_OUTER_BOUND('',#555,.T.);
#371=FACE_OUTER_BOUND('',#557,.T.);
#372=FACE_OUTER_BOUND('',#579,.T.);
#373=FACE_OUTER_BOUND('',#580,.T.);
#374=FACE_OUTER_BOUND('',#581,.T.);
#375=FACE_OUTER_BOUND('',#582,.T.);
#376=FACE_OUTER_BOUND('',#583,.T.);
#377=FACE_OUTER_BOUND('',#584,.T.);
#378=FACE_OUTER_BOUND('',#585,.T.);
#379=FACE_OUTER_BOUND('',#586,.T.);
#380=FACE_OUTER_BOUND('',#587,.T.);
#381=FACE_OUTER_BOUND('',#588,.T.);
#382=FACE_OUTER_BOUND('',#589,.T.);
#383=FACE_OUTER_BOUND('',#590,.T.);
#384=FACE_OUTER_BOUND('',#591,.T.);
#385=FACE_OUTER_BOUND('',#592,.T.);
#386=FACE_OUTER_BOUND('',#593,.T.);
#387=FACE_OUTER_BOUND('',#594,.T.);
#388=FACE_OUTER_BOUND('',#595,.T.);
#389=FACE_OUTER_BOUND('',#596,.T.);
#390=FACE_OUTER_BOUND('',#597,.T.);
#391=FACE_OUTER_BOUND('',#598,.T.);
#392=FACE_OUTER_BOUND('',#599,.T.);
#393=FACE_OUTER_BOUND('',#600,.T.);
#394=FACE_OUTER_BOUND('',#601,.T.);
#395=FACE_OUTER_BOUND('',#602,.T.);
#396=FACE_OUTER_BOUND('',#603,.T.);
#397=FACE_OUTER_BOUND('',#604,.T.);
#398=FACE_OUTER_BOUND('',#605,.T.);
#399=FACE_OUTER_BOUND('',#606,.T.);
#400=FACE_OUTER_BOUND('',#607,.T.);
#401=FACE_OUTER_BOUND('',#608,.T.);
#402=FACE_OUTER_BOUND('',#609,.T.);
#403=FACE_OUTER_BOUND('',#610,.T.);
#404=FACE_OUTER_BOUND('',#611,.T.);
#405=FACE_OUTER_BOUND('',#612,.T.);
#406=FACE_OUTER_BOUND('',#613,.T.);
#407=FACE_OUTER_BOUND('',#614,.T.);
#408=FACE_OUTER_BOUND('',#615,.T.);
#409=FACE_OUTER_BOUND('',#616,.T.);
#410=FACE_OUTER_BOUND('',#629,.T.);
#411=FACE_OUTER_BOUND('',#630,.T.);
#412=FACE_OUTER_BOUND('',#631,.T.);
#413=FACE_OUTER_BOUND('',#632,.T.);
#414=FACE_OUTER_BOUND('',#633,.T.);
#415=FACE_OUTER_BOUND('',#634,.T.);
#416=FACE_OUTER_BOUND('',#635,.T.);
#417=FACE_OUTER_BOUND('',#636,.T.);
#418=FACE_OUTER_BOUND('',#637,.T.);
#419=FACE_OUTER_BOUND('',#638,.T.);
#420=EDGE_LOOP('',(#2312,#2313,#2314,#2315));
#421=EDGE_LOOP('',(#2316,#2317,#2318,#2319));
#422=EDGE_LOOP('',(#2320,#2321,#2322,#2323));
#423=EDGE_LOOP('',(#2324,#2325,#2326,#2327));
#424=EDGE_LOOP('',(#2328,#2329,#2330,#2331));
#425=EDGE_LOOP('',(#2332,#2333,#2334,#2335));
#426=EDGE_LOOP('',(#2336,#2337,#2338,#2339));
#427=EDGE_LOOP('',(#2340,#2341,#2342,#2343));
#428=EDGE_LOOP('',(#2344,#2345,#2346,#2347));
#429=EDGE_LOOP('',(#2348,#2349,#2350,#2351));
#430=EDGE_LOOP('',(#2352,#2353,#2354,#2355));
#431=EDGE_LOOP('',(#2356,#2357,#2358,#2359));
#432=EDGE_LOOP('',(#2360,#2361,#2362,#2363));
#433=EDGE_LOOP('',(#2364,#2365,#2366,#2367));
#434=EDGE_LOOP('',(#2368,#2369,#2370,#2371));
#435=EDGE_LOOP('',(#2372,#2373,#2374,#2375));
#436=EDGE_LOOP('',(#2376,#2377,#2378,#2379));
#437=EDGE_LOOP('',(#2380,#2381,#2382,#2383));
#438=EDGE_LOOP('',(#2384,#2385,#2386,#2387));
#439=EDGE_LOOP('',(#2388,#2389,#2390,#2391));
#440=EDGE_LOOP('',(#2392,#2393,#2394,#2395));
#441=EDGE_LOOP('',(#2396,#2397,#2398,#2399));
#442=EDGE_LOOP('',(#2400,#2401,#2402,#2403));
#443=EDGE_LOOP('',(#2404,#2405,#2406,#2407));
#444=EDGE_LOOP('',(#2408,#2409,#2410,#2411,#2412,#2413,#2414,#2415,#2416,
#2417,#2418,#2419,#2420,#2421));
#445=EDGE_LOOP('',(#2422,#2423,#2424,#2425,#2426,#2427,#2428,#2429,#2430,
#2431));
#446=EDGE_LOOP('',(#2432,#2433,#2434,#2435));
#447=EDGE_LOOP('',(#2436,#2437,#2438,#2439));
#448=EDGE_LOOP('',(#2440,#2441,#2442,#2443));
#449=EDGE_LOOP('',(#2444,#2445,#2446,#2447));
#450=EDGE_LOOP('',(#2448,#2449,#2450,#2451));
#451=EDGE_LOOP('',(#2452,#2453,#2454,#2455));
#452=EDGE_LOOP('',(#2456,#2457,#2458,#2459,#2460,#2461));
#453=EDGE_LOOP('',(#2462,#2463,#2464,#2465));
#454=EDGE_LOOP('',(#2466,#2467,#2468,#2469));
#455=EDGE_LOOP('',(#2470,#2471,#2472,#2473));
#456=EDGE_LOOP('',(#2474,#2475,#2476,#2477));
#457=EDGE_LOOP('',(#2478,#2479,#2480,#2481));
#458=EDGE_LOOP('',(#2482,#2483,#2484,#2485));
#459=EDGE_LOOP('',(#2486,#2487,#2488,#2489));
#460=EDGE_LOOP('',(#2490,#2491,#2492,#2493));
#461=EDGE_LOOP('',(#2494,#2495,#2496,#2497));
#462=EDGE_LOOP('',(#2498,#2499,#2500,#2501));
#463=EDGE_LOOP('',(#2502,#2503,#2504,#2505));
#464=EDGE_LOOP('',(#2506,#2507,#2508,#2509));
#465=EDGE_LOOP('',(#2510,#2511,#2512,#2513,#2514,#2515,#2516,#2517,#2518,
#2519,#2520,#2521));
#466=EDGE_LOOP('',(#2522,#2523,#2524,#2525));
#467=EDGE_LOOP('',(#2526,#2527,#2528,#2529));
#468=EDGE_LOOP('',(#2530,#2531,#2532,#2533));
#469=EDGE_LOOP('',(#2534,#2535,#2536,#2537));
#470=EDGE_LOOP('',(#2538,#2539,#2540,#2541));
#471=EDGE_LOOP('',(#2542,#2543,#2544,#2545));
#472=EDGE_LOOP('',(#2546,#2547,#2548,#2549));
#473=EDGE_LOOP('',(#2550,#2551,#2552,#2553));
#474=EDGE_LOOP('',(#2554,#2555,#2556,#2557));
#475=EDGE_LOOP('',(#2558,#2559,#2560,#2561));
#476=EDGE_LOOP('',(#2562,#2563,#2564,#2565));
#477=EDGE_LOOP('',(#2566,#2567,#2568,#2569,#2570,#2571,#2572,#2573,#2574,
#2575,#2576));
#478=EDGE_LOOP('',(#2577,#2578,#2579,#2580));
#479=EDGE_LOOP('',(#2581,#2582,#2583,#2584));
#480=EDGE_LOOP('',(#2585,#2586,#2587,#2588));
#481=EDGE_LOOP('',(#2589,#2590,#2591,#2592));
#482=EDGE_LOOP('',(#2593,#2594,#2595,#2596));
#483=EDGE_LOOP('',(#2597,#2598,#2599,#2600));
#484=EDGE_LOOP('',(#2601,#2602,#2603,#2604));
#485=EDGE_LOOP('',(#2605,#2606,#2607,#2608));
#486=EDGE_LOOP('',(#2609,#2610,#2611,#2612));
#487=EDGE_LOOP('',(#2613,#2614,#2615,#2616));
#488=EDGE_LOOP('',(#2617,#2618,#2619,#2620));
#489=EDGE_LOOP('',(#2621,#2622,#2623,#2624));
#490=EDGE_LOOP('',(#2625,#2626,#2627,#2628));
#491=EDGE_LOOP('',(#2629,#2630,#2631,#2632));
#492=EDGE_LOOP('',(#2633,#2634,#2635,#2636));
#493=EDGE_LOOP('',(#2637,#2638,#2639,#2640));
#494=EDGE_LOOP('',(#2641,#2642,#2643,#2644));
#495=EDGE_LOOP('',(#2645,#2646,#2647,#2648));
#496=EDGE_LOOP('',(#2649,#2650,#2651,#2652));
#497=EDGE_LOOP('',(#2653,#2654,#2655,#2656));
#498=EDGE_LOOP('',(#2657,#2658,#2659,#2660));
#499=EDGE_LOOP('',(#2661,#2662,#2663,#2664));
#500=EDGE_LOOP('',(#2665,#2666,#2667,#2668));
#501=EDGE_LOOP('',(#2669,#2670,#2671,#2672));
#502=EDGE_LOOP('',(#2673,#2674,#2675,#2676));
#503=EDGE_LOOP('',(#2677,#2678,#2679,#2680));
#504=EDGE_LOOP('',(#2681,#2682,#2683,#2684,#2685,#2686,#2687,#2688,#2689,
#2690,#2691,#2692,#2693,#2694,#2695,#2696,#2697,#2698,#2699,#2700,#2701,
#2702,#2703,#2704,#2705,#2706));
#505=EDGE_LOOP('',(#2707,#2708,#2709,#2710));
#506=EDGE_LOOP('',(#2711,#2712,#2713,#2714));
#507=EDGE_LOOP('',(#2715,#2716,#2717,#2718));
#508=EDGE_LOOP('',(#2719,#2720,#2721,#2722));
#509=EDGE_LOOP('',(#2723,#2724,#2725,#2726));
#510=EDGE_LOOP('',(#2727,#2728,#2729,#2730));
#511=EDGE_LOOP('',(#2731,#2732,#2733,#2734));
#512=EDGE_LOOP('',(#2735,#2736,#2737,#2738));
#513=EDGE_LOOP('',(#2739,#2740,#2741,#2742));
#514=EDGE_LOOP('',(#2743,#2744,#2745,#2746));
#515=EDGE_LOOP('',(#2747,#2748,#2749,#2750));
#516=EDGE_LOOP('',(#2751,#2752,#2753,#2754));
#517=EDGE_LOOP('',(#2755,#2756,#2757,#2758));
#518=EDGE_LOOP('',(#2759,#2760,#2761,#2762));
#519=EDGE_LOOP('',(#2763,#2764,#2765,#2766));
#520=EDGE_LOOP('',(#2767,#2768,#2769,#2770));
#521=EDGE_LOOP('',(#2771,#2772,#2773,#2774,#2775,#2776,#2777,#2778));
#522=EDGE_LOOP('',(#2779,#2780,#2781,#2782,#2783,#2784,#2785,#2786));
#523=EDGE_LOOP('',(#2787,#2788,#2789,#2790));
#524=EDGE_LOOP('',(#2791,#2792,#2793,#2794));
#525=EDGE_LOOP('',(#2795,#2796,#2797,#2798));
#526=EDGE_LOOP('',(#2799,#2800,#2801,#2802));
#527=EDGE_LOOP('',(#2803,#2804,#2805,#2806));
#528=EDGE_LOOP('',(#2807,#2808,#2809,#2810));
#529=EDGE_LOOP('',(#2811,#2812,#2813,#2814));
#530=EDGE_LOOP('',(#2815,#2816,#2817,#2818,#2819,#2820,#2821));
#531=EDGE_LOOP('',(#2822,#2823,#2824,#2825));
#532=EDGE_LOOP('',(#2826,#2827,#2828,#2829));
#533=EDGE_LOOP('',(#2830,#2831,#2832,#2833));
#534=EDGE_LOOP('',(#2834,#2835,#2836,#2837));
#535=EDGE_LOOP('',(#2838,#2839,#2840,#2841));
#536=EDGE_LOOP('',(#2842,#2843,#2844,#2845));
#537=EDGE_LOOP('',(#2846,#2847,#2848,#2849));
#538=EDGE_LOOP('',(#2850,#2851,#2852,#2853));
#539=EDGE_LOOP('',(#2854,#2855,#2856,#2857));
#540=EDGE_LOOP('',(#2858,#2859,#2860,#2861));
#541=EDGE_LOOP('',(#2862,#2863,#2864,#2865));
#542=EDGE_LOOP('',(#2866,#2867,#2868,#2869));
#543=EDGE_LOOP('',(#2870,#2871,#2872,#2873,#2874,#2875,#2876,#2877,#2878,
#2879,#2880,#2881));
#544=EDGE_LOOP('',(#2882,#2883,#2884,#2885));
#545=EDGE_LOOP('',(#2886,#2887,#2888,#2889));
#546=EDGE_LOOP('',(#2890,#2891,#2892,#2893));
#547=EDGE_LOOP('',(#2894,#2895,#2896,#2897));
#548=EDGE_LOOP('',(#2898,#2899,#2900,#2901));
#549=EDGE_LOOP('',(#2902,#2903,#2904,#2905));
#550=EDGE_LOOP('',(#2906,#2907,#2908,#2909));
#551=EDGE_LOOP('',(#2910,#2911,#2912,#2913));
#552=EDGE_LOOP('',(#2914,#2915,#2916,#2917));
#553=EDGE_LOOP('',(#2918,#2919,#2920,#2921));
#554=EDGE_LOOP('',(#2922,#2923,#2924,#2925));
#555=EDGE_LOOP('',(#2926,#2927,#2928,#2929,#2930,#2931,#2932,#2933));
#556=EDGE_LOOP('',(#2934,#2935,#2936));
#557=EDGE_LOOP('',(#2937,#2938,#2939,#2940,#2941,#2942,#2943,#2944));
#558=EDGE_LOOP('',(#2945));
#559=EDGE_LOOP('',(#2946));
#560=EDGE_LOOP('',(#2947));
#561=EDGE_LOOP('',(#2948));
#562=EDGE_LOOP('',(#2949,#2950,#2951,#2952));
#563=EDGE_LOOP('',(#2953,#2954,#2955,#2956));
#564=EDGE_LOOP('',(#2957,#2958,#2959,#2960));
#565=EDGE_LOOP('',(#2961,#2962,#2963,#2964));
#566=EDGE_LOOP('',(#2965,#2966,#2967,#2968));
#567=EDGE_LOOP('',(#2969,#2970,#2971,#2972));
#568=EDGE_LOOP('',(#2973,#2974,#2975,#2976));
#569=EDGE_LOOP('',(#2977,#2978,#2979,#2980));
#570=EDGE_LOOP('',(#2981,#2982,#2983,#2984,#2985,#2986,#2987,#2988));
#571=EDGE_LOOP('',(#2989,#2990,#2991,#2992,#2993,#2994,#2995,#2996,#2997,
#2998,#2999,#3000));
#572=EDGE_LOOP('',(#3001,#3002,#3003,#3004,#3005,#3006,#3007));
#573=EDGE_LOOP('',(#3008,#3009,#3010,#3011,#3012,#3013,#3014,#3015));
#574=EDGE_LOOP('',(#3016,#3017,#3018,#3019,#3020,#3021,#3022,#3023,#3024,
#3025,#3026,#3027,#3028,#3029,#3030,#3031,#3032,#3033,#3034,#3035,#3036,
#3037,#3038,#3039,#3040,#3041));
#575=EDGE_LOOP('',(#3042,#3043,#3044,#3045,#3046,#3047,#3048,#3049,#3050,
#3051,#3052));
#576=EDGE_LOOP('',(#3053,#3054,#3055,#3056,#3057,#3058,#3059,#3060,#3061,
#3062,#3063,#3064));
#577=EDGE_LOOP('',(#3065,#3066,#3067,#3068,#3069,#3070));
#578=EDGE_LOOP('',(#3071,#3072,#3073,#3074,#3075,#3076,#3077,#3078,#3079,
#3080,#3081,#3082,#3083,#3084));
#579=EDGE_LOOP('',(#3085,#3086,#3087));
#580=EDGE_LOOP('',(#3088,#3089,#3090,#3091,#3092,#3093,#3094,#3095));
#581=EDGE_LOOP('',(#3096,#3097,#3098,#3099));
#582=EDGE_LOOP('',(#3100,#3101,#3102,#3103));
#583=EDGE_LOOP('',(#3104,#3105,#3106,#3107));
#584=EDGE_LOOP('',(#3108,#3109,#3110,#3111));
#585=EDGE_LOOP('',(#3112,#3113,#3114,#3115));
#586=EDGE_LOOP('',(#3116,#3117,#3118,#3119));
#587=EDGE_LOOP('',(#3120,#3121,#3122,#3123));
#588=EDGE_LOOP('',(#3124,#3125,#3126,#3127));
#589=EDGE_LOOP('',(#3128,#3129,#3130,#3131));
#590=EDGE_LOOP('',(#3132,#3133,#3134,#3135));
#591=EDGE_LOOP('',(#3136,#3137,#3138,#3139));
#592=EDGE_LOOP('',(#3140,#3141,#3142,#3143));
#593=EDGE_LOOP('',(#3144,#3145,#3146,#3147));
#594=EDGE_LOOP('',(#3148,#3149,#3150,#3151));
#595=EDGE_LOOP('',(#3152,#3153,#3154,#3155));
#596=EDGE_LOOP('',(#3156,#3157,#3158,#3159));
#597=EDGE_LOOP('',(#3160,#3161,#3162,#3163));
#598=EDGE_LOOP('',(#3164,#3165,#3166,#3167));
#599=EDGE_LOOP('',(#3168,#3169,#3170,#3171));
#600=EDGE_LOOP('',(#3172,#3173,#3174,#3175));
#601=EDGE_LOOP('',(#3176,#3177,#3178,#3179));
#602=EDGE_LOOP('',(#3180,#3181,#3182,#3183));
#603=EDGE_LOOP('',(#3184,#3185,#3186,#3187));
#604=EDGE_LOOP('',(#3188,#3189,#3190,#3191));
#605=EDGE_LOOP('',(#3192,#3193,#3194,#3195));
#606=EDGE_LOOP('',(#3196,#3197,#3198,#3199));
#607=EDGE_LOOP('',(#3200,#3201,#3202,#3203));
#608=EDGE_LOOP('',(#3204,#3205,#3206,#3207));
#609=EDGE_LOOP('',(#3208,#3209,#3210,#3211));
#610=EDGE_LOOP('',(#3212,#3213,#3214,#3215));
#611=EDGE_LOOP('',(#3216,#3217,#3218,#3219));
#612=EDGE_LOOP('',(#3220,#3221,#3222,#3223));
#613=EDGE_LOOP('',(#3224,#3225,#3226,#3227));
#614=EDGE_LOOP('',(#3228,#3229,#3230,#3231));
#615=EDGE_LOOP('',(#3232,#3233,#3234,#3235));
#616=EDGE_LOOP('',(#3236,#3237,#3238,#3239,#3240,#3241,#3242,#3243));
#617=EDGE_LOOP('',(#3244,#3245,#3246,#3247));
#618=EDGE_LOOP('',(#3248,#3249,#3250,#3251));
#619=EDGE_LOOP('',(#3252,#3253,#3254,#3255));
#620=EDGE_LOOP('',(#3256,#3257,#3258,#3259));
#621=EDGE_LOOP('',(#3260,#3261,#3262,#3263));
#622=EDGE_LOOP('',(#3264,#3265,#3266,#3267));
#623=EDGE_LOOP('',(#3268,#3269,#3270,#3271));
#624=EDGE_LOOP('',(#3272,#3273,#3274,#3275));
#625=EDGE_LOOP('',(#3276));
#626=EDGE_LOOP('',(#3277));
#627=EDGE_LOOP('',(#3278));
#628=EDGE_LOOP('',(#3279));
#629=EDGE_LOOP('',(#3280,#3281,#3282,#3283));
#630=EDGE_LOOP('',(#3284,#3285,#3286,#3287));
#631=EDGE_LOOP('',(#3288,#3289,#3290,#3291));
#632=EDGE_LOOP('',(#3292,#3293,#3294,#3295));
#633=EDGE_LOOP('',(#3296,#3297,#3298,#3299));
#634=EDGE_LOOP('',(#3300,#3301,#3302,#3303));
#635=EDGE_LOOP('',(#3304,#3305,#3306,#3307));
#636=EDGE_LOOP('',(#3308,#3309,#3310,#3311));
#637=EDGE_LOOP('',(#3312,#3313,#3314,#3315));
#638=EDGE_LOOP('',(#3316,#3317,#3318,#3319,#3320,#3321,#3322,#3323,#3324,
#3325));
#639=LINE('',#4516,#1008);
#640=LINE('',#4523,#1009);
#641=LINE('',#4526,#1010);
#642=LINE('',#4528,#1011);
#643=LINE('',#4529,#1012);
#644=LINE('',#4547,#1013);
#645=LINE('',#4570,#1014);
#646=LINE('',#4593,#1015);
#647=LINE('',#4616,#1016);
#648=LINE('',#4624,#1017);
#649=LINE('',#4626,#1018);
#650=LINE('',#4627,#1019);
#651=LINE('',#4645,#1020);
#652=LINE('',#4668,#1021);
#653=LINE('',#4712,#1022);
#654=LINE('',#4719,#1023);
#655=LINE('',#4737,#1024);
#656=LINE('',#4745,#1025);
#657=LINE('',#4747,#1026);
#658=LINE('',#4748,#1027);
#659=LINE('',#4766,#1028);
#660=LINE('',#4789,#1029);
#661=LINE('',#4812,#1030);
#662=LINE('',#4835,#1031);
#663=LINE('',#4858,#1032);
#664=LINE('',#4881,#1033);
#665=LINE('',#4889,#1034);
#666=LINE('',#4891,#1035);
#667=LINE('',#4892,#1036);
#668=LINE('',#4910,#1037);
#669=LINE('',#4933,#1038);
#670=LINE('',#4956,#1039);
#671=LINE('',#4986,#1040);
#672=LINE('',#4988,#1041);
#673=LINE('',#4990,#1042);
#674=LINE('',#4991,#1043);
#675=LINE('',#4994,#1044);
#676=LINE('',#4996,#1045);
#677=LINE('',#4997,#1046);
#678=LINE('',#5000,#1047);
#679=LINE('',#5002,#1048);
#680=LINE('',#5003,#1049);
#681=LINE('',#5006,#1050);
#682=LINE('',#5008,#1051);
#683=LINE('',#5009,#1052);
#684=LINE('',#5012,#1053);
#685=LINE('',#5014,#1054);
#686=LINE('',#5015,#1055);
#687=LINE('',#5017,#1056);
#688=LINE('',#5018,#1057);
#689=LINE('',#5023,#1058);
#690=LINE('',#5025,#1059);
#691=LINE('',#5027,#1060);
#692=LINE('',#5028,#1061);
#693=LINE('',#5031,#1062);
#694=LINE('',#5033,#1063);
#695=LINE('',#5034,#1064);
#696=LINE('',#5037,#1065);
#697=LINE('',#5039,#1066);
#698=LINE('',#5040,#1067);
#699=LINE('',#5043,#1068);
#700=LINE('',#5045,#1069);
#701=LINE('',#5046,#1070);
#702=LINE('',#5049,#1071);
#703=LINE('',#5051,#1072);
#704=LINE('',#5052,#1073);
#705=LINE('',#5055,#1074);
#706=LINE('',#5057,#1075);
#707=LINE('',#5058,#1076);
#708=LINE('',#5061,#1077);
#709=LINE('',#5063,#1078);
#710=LINE('',#5064,#1079);
#711=LINE('',#5067,#1080);
#712=LINE('',#5069,#1081);
#713=LINE('',#5070,#1082);
#714=LINE('',#5073,#1083);
#715=LINE('',#5075,#1084);
#716=LINE('',#5076,#1085);
#717=LINE('',#5079,#1086);
#718=LINE('',#5081,#1087);
#719=LINE('',#5082,#1088);
#720=LINE('',#5085,#1089);
#721=LINE('',#5087,#1090);
#722=LINE('',#5088,#1091);
#723=LINE('',#5090,#1092);
#724=LINE('',#5091,#1093);
#725=LINE('',#5096,#1094);
#726=LINE('',#5098,#1095);
#727=LINE('',#5100,#1096);
#728=LINE('',#5101,#1097);
#729=LINE('',#5104,#1098);
#730=LINE('',#5106,#1099);
#731=LINE('',#5107,#1100);
#732=LINE('',#5110,#1101);
#733=LINE('',#5112,#1102);
#734=LINE('',#5113,#1103);
#735=LINE('',#5116,#1104);
#736=LINE('',#5118,#1105);
#737=LINE('',#5119,#1106);
#738=LINE('',#5122,#1107);
#739=LINE('',#5124,#1108);
#740=LINE('',#5125,#1109);
#741=LINE('',#5128,#1110);
#742=LINE('',#5130,#1111);
#743=LINE('',#5131,#1112);
#744=LINE('',#5134,#1113);
#745=LINE('',#5136,#1114);
#746=LINE('',#5137,#1115);
#747=LINE('',#5140,#1116);
#748=LINE('',#5142,#1117);
#749=LINE('',#5143,#1118);
#750=LINE('',#5146,#1119);
#751=LINE('',#5148,#1120);
#752=LINE('',#5149,#1121);
#753=LINE('',#5152,#1122);
#754=LINE('',#5154,#1123);
#755=LINE('',#5155,#1124);
#756=LINE('',#5157,#1125);
#757=LINE('',#5158,#1126);
#758=LINE('',#5178,#1127);
#759=LINE('',#5185,#1128);
#760=LINE('',#5203,#1129);
#761=LINE('',#5211,#1130);
#762=LINE('',#5213,#1131);
#763=LINE('',#5214,#1132);
#764=LINE('',#5232,#1133);
#765=LINE('',#5255,#1134);
#766=LINE('',#5278,#1135);
#767=LINE('',#5301,#1136);
#768=LINE('',#5324,#1137);
#769=LINE('',#5332,#1138);
#770=LINE('',#5334,#1139);
#771=LINE('',#5335,#1140);
#772=LINE('',#5353,#1141);
#773=LINE('',#5376,#1142);
#774=LINE('',#5399,#1143);
#775=LINE('',#5422,#1144);
#776=LINE('',#5430,#1145);
#777=LINE('',#5432,#1146);
#778=LINE('',#5433,#1147);
#779=LINE('',#5451,#1148);
#780=LINE('',#5474,#1149);
#781=LINE('',#5482,#1150);
#782=LINE('',#5484,#1151);
#783=LINE('',#5485,#1152);
#784=LINE('',#5503,#1153);
#785=LINE('',#5526,#1154);
#786=LINE('',#5534,#1155);
#787=LINE('',#5536,#1156);
#788=LINE('',#5537,#1157);
#789=LINE('',#5540,#1158);
#790=LINE('',#5542,#1159);
#791=LINE('',#5543,#1160);
#792=LINE('',#5546,#1161);
#793=LINE('',#5548,#1162);
#794=LINE('',#5549,#1163);
#795=LINE('',#5552,#1164);
#796=LINE('',#5554,#1165);
#797=LINE('',#5555,#1166);
#798=LINE('',#5573,#1167);
#799=LINE('',#5596,#1168);
#800=LINE('',#5603,#1169);
#801=LINE('',#5604,#1170);
#802=LINE('',#5624,#1171);
#803=LINE('',#5631,#1172);
#804=LINE('',#5649,#1173);
#805=LINE('',#5657,#1174);
#806=LINE('',#5659,#1175);
#807=LINE('',#5660,#1176);
#808=LINE('',#5663,#1177);
#809=LINE('',#5665,#1178);
#810=LINE('',#5666,#1179);
#811=LINE('',#5669,#1180);
#812=LINE('',#5671,#1181);
#813=LINE('',#5672,#1182);
#814=LINE('',#5690,#1183);
#815=LINE('',#5713,#1184);
#816=LINE('',#5720,#1185);
#817=LINE('',#5721,#1186);
#818=LINE('',#5725,#1187);
#819=LINE('',#5727,#1188);
#820=LINE('',#5729,#1189);
#821=LINE('',#5730,#1190);
#822=LINE('',#5733,#1191);
#823=LINE('',#5735,#1192);
#824=LINE('',#5736,#1193);
#825=LINE('',#5754,#1194);
#826=LINE('',#5777,#1195);
#827=LINE('',#5785,#1196);
#828=LINE('',#5787,#1197);
#829=LINE('',#5788,#1198);
#830=LINE('',#5806,#1199);
#831=LINE('',#5829,#1200);
#832=LINE('',#5836,#1201);
#833=LINE('',#5837,#1202);
#834=LINE('',#5842,#1203);
#835=LINE('',#5844,#1204);
#836=LINE('',#5846,#1205);
#837=LINE('',#5847,#1206);
#838=LINE('',#5850,#1207);
#839=LINE('',#5852,#1208);
#840=LINE('',#5853,#1209);
#841=LINE('',#5856,#1210);
#842=LINE('',#5858,#1211);
#843=LINE('',#5859,#1212);
#844=LINE('',#5862,#1213);
#845=LINE('',#5864,#1214);
#846=LINE('',#5865,#1215);
#847=LINE('',#5868,#1216);
#848=LINE('',#5870,#1217);
#849=LINE('',#5871,#1218);
#850=LINE('',#5874,#1219);
#851=LINE('',#5876,#1220);
#852=LINE('',#5877,#1221);
#853=LINE('',#5879,#1222);
#854=LINE('',#5880,#1223);
#855=LINE('',#5885,#1224);
#856=LINE('',#5887,#1225);
#857=LINE('',#5889,#1226);
#858=LINE('',#5890,#1227);
#859=LINE('',#5893,#1228);
#860=LINE('',#5895,#1229);
#861=LINE('',#5896,#1230);
#862=LINE('',#5899,#1231);
#863=LINE('',#5901,#1232);
#864=LINE('',#5902,#1233);
#865=LINE('',#5905,#1234);
#866=LINE('',#5907,#1235);
#867=LINE('',#5908,#1236);
#868=LINE('',#5911,#1237);
#869=LINE('',#5913,#1238);
#870=LINE('',#5914,#1239);
#871=LINE('',#5917,#1240);
#872=LINE('',#5919,#1241);
#873=LINE('',#5920,#1242);
#874=LINE('',#5923,#1243);
#875=LINE('',#5925,#1244);
#876=LINE('',#5926,#1245);
#877=LINE('',#5929,#1246);
#878=LINE('',#5931,#1247);
#879=LINE('',#5932,#1248);
#880=LINE('',#5935,#1249);
#881=LINE('',#5937,#1250);
#882=LINE('',#5938,#1251);
#883=LINE('',#5941,#1252);
#884=LINE('',#5943,#1253);
#885=LINE('',#5944,#1254);
#886=LINE('',#5947,#1255);
#887=LINE('',#5949,#1256);
#888=LINE('',#5950,#1257);
#889=LINE('',#5952,#1258);
#890=LINE('',#5953,#1259);
#891=LINE('',#5958,#1260);
#892=LINE('',#5960,#1261);
#893=LINE('',#5962,#1262);
#894=LINE('',#5963,#1263);
#895=LINE('',#5966,#1264);
#896=LINE('',#5968,#1265);
#897=LINE('',#5969,#1266);
#898=LINE('',#5971,#1267);
#899=LINE('',#5972,#1268);
#900=LINE('',#5976,#1269);
#901=LINE('',#5978,#1270);
#902=LINE('',#5980,#1271);
#903=LINE('',#5981,#1272);
#904=LINE('',#5984,#1273);
#905=LINE('',#5986,#1274);
#906=LINE('',#5987,#1275);
#907=LINE('',#5990,#1276);
#908=LINE('',#5992,#1277);
#909=LINE('',#5993,#1278);
#910=LINE('',#5996,#1279);
#911=LINE('',#5998,#1280);
#912=LINE('',#5999,#1281);
#913=LINE('',#6002,#1282);
#914=LINE('',#6004,#1283);
#915=LINE('',#6005,#1284);
#916=LINE('',#6008,#1285);
#917=LINE('',#6010,#1286);
#918=LINE('',#6011,#1287);
#919=LINE('',#6014,#1288);
#920=LINE('',#6016,#1289);
#921=LINE('',#6017,#1290);
#922=LINE('',#6019,#1291);
#923=LINE('',#6020,#1292);
#924=LINE('',#6027,#1293);
#925=LINE('',#6031,#1294);
#926=LINE('',#6035,#1295);
#927=LINE('',#6038,#1296);
#928=LINE('',#6051,#1297);
#929=LINE('',#6054,#1298);
#930=LINE('',#6059,#1299);
#931=LINE('',#6062,#1300);
#932=LINE('',#6065,#1301);
#933=LINE('',#6069,#1302);
#934=LINE('',#6075,#1303);
#935=LINE('',#6078,#1304);
#936=LINE('',#6083,#1305);
#937=LINE('',#6086,#1306);
#938=LINE('',#6089,#1307);
#939=LINE('',#6093,#1308);
#940=LINE('',#6099,#1309);
#941=LINE('',#6102,#1310);
#942=LINE('',#6105,#1311);
#943=LINE('',#6109,#1312);
#944=LINE('',#6115,#1313);
#945=LINE('',#6117,#1314);
#946=LINE('',#6118,#1315);
#947=LINE('',#6121,#1316);
#948=LINE('',#6125,#1317);
#949=LINE('',#6126,#1318);
#950=LINE('',#6131,#1319);
#951=LINE('',#6134,#1320);
#952=LINE('',#6137,#1321);
#953=LINE('',#6138,#1322);
#954=LINE('',#6141,#1323);
#955=LINE('',#6144,#1324);
#956=LINE('',#6147,#1325);
#957=LINE('',#6149,#1326);
#958=LINE('',#6150,#1327);
#959=LINE('',#6153,#1328);
#960=LINE('',#6157,#1329);
#961=LINE('',#6158,#1330);
#962=LINE('',#6163,#1331);
#963=LINE('',#6166,#1332);
#964=LINE('',#6169,#1333);
#965=LINE('',#6170,#1334);
#966=LINE('',#6173,#1335);
#967=LINE('',#6176,#1336);
#968=LINE('',#6179,#1337);
#969=LINE('',#6182,#1338);
#970=LINE('',#6185,#1339);
#971=LINE('',#6186,#1340);
#972=LINE('',#6189,#1341);
#973=LINE('',#6192,#1342);
#974=LINE('',#6195,#1343);
#975=LINE('',#6197,#1344);
#976=LINE('',#6198,#1345);
#977=LINE('',#6201,#1346);
#978=LINE('',#6205,#1347);
#979=LINE('',#6206,#1348);
#980=LINE('',#6211,#1349);
#981=LINE('',#6214,#1350);
#982=LINE('',#6217,#1351);
#983=LINE('',#6218,#1352);
#984=LINE('',#6221,#1353);
#985=LINE('',#6224,#1354);
#986=LINE('',#6227,#1355);
#987=LINE('',#6230,#1356);
#988=LINE('',#6233,#1357);
#989=LINE('',#6234,#1358);
#990=LINE('',#6237,#1359);
#991=LINE('',#6240,#1360);
#992=LINE('',#6244,#1361);
#993=LINE('',#6247,#1362);
#994=LINE('',#6250,#1363);
#995=LINE('',#6253,#1364);
#996=LINE('',#6254,#1365);
#997=LINE('',#6257,#1366);
#998=LINE('',#6261,#1367);
#999=LINE('',#6265,#1368);
#1000=LINE('',#6274,#1369);
#1001=LINE('',#6276,#1370);
#1002=LINE('',#6278,#1371);
#1003=LINE('',#6280,#1372);
#1004=LINE('',#6282,#1373);
#1005=LINE('',#6284,#1374);
#1006=LINE('',#6286,#1375);
#1007=LINE('',#6288,#1376);
#1008=VECTOR('',#3756,10.);
#1009=VECTOR('',#3757,10.);
#1010=VECTOR('',#3760,10.);
#1011=VECTOR('',#3761,10.);
#1012=VECTOR('',#3762,10.);
#1013=VECTOR('',#3763,10.);
#1014=VECTOR('',#3764,10.);
#1015=VECTOR('',#3765,10.);
#1016=VECTOR('',#3766,10.);
#1017=VECTOR('',#3769,10.);
#1018=VECTOR('',#3770,10.);
#1019=VECTOR('',#3771,10.);
#1020=VECTOR('',#3772,10.);
#1021=VECTOR('',#3773,10.);
#1022=VECTOR('',#3774,10.);
#1023=VECTOR('',#3775,10.);
#1024=VECTOR('',#3776,10.);
#1025=VECTOR('',#3779,10.);
#1026=VECTOR('',#3780,10.);
#1027=VECTOR('',#3781,10.);
#1028=VECTOR('',#3782,10.);
#1029=VECTOR('',#3783,10.);
#1030=VECTOR('',#3784,10.);
#1031=VECTOR('',#3785,10.);
#1032=VECTOR('',#3786,10.);
#1033=VECTOR('',#3787,10.);
#1034=VECTOR('',#3790,10.);
#1035=VECTOR('',#3791,10.);
#1036=VECTOR('',#3792,10.);
#1037=VECTOR('',#3793,10.);
#1038=VECTOR('',#3794,10.);
#1039=VECTOR('',#3795,10.);
#1040=VECTOR('',#3800,10.);
#1041=VECTOR('',#3801,10.);
#1042=VECTOR('',#3802,10.);
#1043=VECTOR('',#3803,10.);
#1044=VECTOR('',#3806,10.);
#1045=VECTOR('',#3807,10.);
#1046=VECTOR('',#3808,10.);
#1047=VECTOR('',#3811,10.);
#1048=VECTOR('',#3812,10.);
#1049=VECTOR('',#3813,10.);
#1050=VECTOR('',#3816,10.);
#1051=VECTOR('',#3817,10.);
#1052=VECTOR('',#3818,10.);
#1053=VECTOR('',#3821,10.);
#1054=VECTOR('',#3822,10.);
#1055=VECTOR('',#3823,10.);
#1056=VECTOR('',#3826,10.);
#1057=VECTOR('',#3827,10.);
#1058=VECTOR('',#3832,10.);
#1059=VECTOR('',#3833,10.);
#1060=VECTOR('',#3834,10.);
#1061=VECTOR('',#3835,10.);
#1062=VECTOR('',#3838,10.);
#1063=VECTOR('',#3839,10.);
#1064=VECTOR('',#3840,10.);
#1065=VECTOR('',#3843,10.);
#1066=VECTOR('',#3844,10.);
#1067=VECTOR('',#3845,10.);
#1068=VECTOR('',#3848,10.);
#1069=VECTOR('',#3849,10.);
#1070=VECTOR('',#3850,10.);
#1071=VECTOR('',#3853,10.);
#1072=VECTOR('',#3854,10.);
#1073=VECTOR('',#3855,10.);
#1074=VECTOR('',#3858,10.);
#1075=VECTOR('',#3859,10.);
#1076=VECTOR('',#3860,10.);
#1077=VECTOR('',#3863,10.);
#1078=VECTOR('',#3864,10.);
#1079=VECTOR('',#3865,10.);
#1080=VECTOR('',#3868,10.);
#1081=VECTOR('',#3869,10.);
#1082=VECTOR('',#3870,10.);
#1083=VECTOR('',#3873,10.);
#1084=VECTOR('',#3874,10.);
#1085=VECTOR('',#3875,10.);
#1086=VECTOR('',#3878,10.);
#1087=VECTOR('',#3879,10.);
#1088=VECTOR('',#3880,10.);
#1089=VECTOR('',#3883,10.);
#1090=VECTOR('',#3884,10.);
#1091=VECTOR('',#3885,10.);
#1092=VECTOR('',#3888,10.);
#1093=VECTOR('',#3889,10.);
#1094=VECTOR('',#3894,10.);
#1095=VECTOR('',#3895,10.);
#1096=VECTOR('',#3896,10.);
#1097=VECTOR('',#3897,10.);
#1098=VECTOR('',#3900,10.);
#1099=VECTOR('',#3901,10.);
#1100=VECTOR('',#3902,10.);
#1101=VECTOR('',#3905,10.);
#1102=VECTOR('',#3906,10.);
#1103=VECTOR('',#3907,10.);
#1104=VECTOR('',#3910,10.);
#1105=VECTOR('',#3911,10.);
#1106=VECTOR('',#3912,10.);
#1107=VECTOR('',#3915,10.);
#1108=VECTOR('',#3916,10.);
#1109=VECTOR('',#3917,10.);
#1110=VECTOR('',#3920,10.);
#1111=VECTOR('',#3921,10.);
#1112=VECTOR('',#3922,10.);
#1113=VECTOR('',#3925,10.);
#1114=VECTOR('',#3926,10.);
#1115=VECTOR('',#3927,10.);
#1116=VECTOR('',#3930,10.);
#1117=VECTOR('',#3931,10.);
#1118=VECTOR('',#3932,10.);
#1119=VECTOR('',#3935,10.);
#1120=VECTOR('',#3936,10.);
#1121=VECTOR('',#3937,10.);
#1122=VECTOR('',#3940,10.);
#1123=VECTOR('',#3941,10.);
#1124=VECTOR('',#3942,10.);
#1125=VECTOR('',#3945,10.);
#1126=VECTOR('',#3946,10.);
#1127=VECTOR('',#3949,10.);
#1128=VECTOR('',#3950,10.);
#1129=VECTOR('',#3951,10.);
#1130=VECTOR('',#3954,10.);
#1131=VECTOR('',#3955,10.);
#1132=VECTOR('',#3956,10.);
#1133=VECTOR('',#3957,10.);
#1134=VECTOR('',#3958,10.);
#1135=VECTOR('',#3959,10.);
#1136=VECTOR('',#3960,10.);
#1137=VECTOR('',#3961,10.);
#1138=VECTOR('',#3964,10.);
#1139=VECTOR('',#3965,10.);
#1140=VECTOR('',#3966,10.);
#1141=VECTOR('',#3967,10.);
#1142=VECTOR('',#3968,10.);
#1143=VECTOR('',#3969,10.);
#1144=VECTOR('',#3970,10.);
#1145=VECTOR('',#3973,10.);
#1146=VECTOR('',#3974,10.);
#1147=VECTOR('',#3975,10.);
#1148=VECTOR('',#3976,10.);
#1149=VECTOR('',#3977,10.);
#1150=VECTOR('',#3980,10.);
#1151=VECTOR('',#3981,10.);
#1152=VECTOR('',#3982,10.);
#1153=VECTOR('',#3983,10.);
#1154=VECTOR('',#3984,10.);
#1155=VECTOR('',#3987,10.);
#1156=VECTOR('',#3988,10.);
#1157=VECTOR('',#3989,10.);
#1158=VECTOR('',#3992,10.);
#1159=VECTOR('',#3993,10.);
#1160=VECTOR('',#3994,10.);
#1161=VECTOR('',#3997,10.);
#1162=VECTOR('',#3998,10.);
#1163=VECTOR('',#3999,10.);
#1164=VECTOR('',#4002,10.);
#1165=VECTOR('',#4003,10.);
#1166=VECTOR('',#4004,10.);
#1167=VECTOR('',#4005,10.);
#1168=VECTOR('',#4006,10.);
#1169=VECTOR('',#4009,10.);
#1170=VECTOR('',#4010,10.);
#1171=VECTOR('',#4013,10.);
#1172=VECTOR('',#4014,10.);
#1173=VECTOR('',#4015,10.);
#1174=VECTOR('',#4018,10.);
#1175=VECTOR('',#4019,10.);
#1176=VECTOR('',#4020,10.);
#1177=VECTOR('',#4023,10.);
#1178=VECTOR('',#4024,10.);
#1179=VECTOR('',#4025,10.);
#1180=VECTOR('',#4028,10.);
#1181=VECTOR('',#4029,10.);
#1182=VECTOR('',#4030,10.);
#1183=VECTOR('',#4031,10.);
#1184=VECTOR('',#4032,10.);
#1185=VECTOR('',#4035,10.);
#1186=VECTOR('',#4036,10.);
#1187=VECTOR('',#4039,10.);
#1188=VECTOR('',#4040,10.);
#1189=VECTOR('',#4041,10.);
#1190=VECTOR('',#4042,10.);
#1191=VECTOR('',#4045,10.);
#1192=VECTOR('',#4046,10.);
#1193=VECTOR('',#4047,10.);
#1194=VECTOR('',#4048,10.);
#1195=VECTOR('',#4049,10.);
#1196=VECTOR('',#4052,10.);
#1197=VECTOR('',#4053,10.);
#1198=VECTOR('',#4054,10.);
#1199=VECTOR('',#4055,10.);
#1200=VECTOR('',#4056,10.);
#1201=VECTOR('',#4059,10.);
#1202=VECTOR('',#4060,10.);
#1203=VECTOR('',#4065,10.);
#1204=VECTOR('',#4066,10.);
#1205=VECTOR('',#4067,10.);
#1206=VECTOR('',#4068,10.);
#1207=VECTOR('',#4071,10.);
#1208=VECTOR('',#4072,10.);
#1209=VECTOR('',#4073,10.);
#1210=VECTOR('',#4076,10.);
#1211=VECTOR('',#4077,10.);
#1212=VECTOR('',#4078,10.);
#1213=VECTOR('',#4081,10.);
#1214=VECTOR('',#4082,10.);
#1215=VECTOR('',#4083,10.);
#1216=VECTOR('',#4086,10.);
#1217=VECTOR('',#4087,10.);
#1218=VECTOR('',#4088,10.);
#1219=VECTOR('',#4091,10.);
#1220=VECTOR('',#4092,10.);
#1221=VECTOR('',#4093,10.);
#1222=VECTOR('',#4096,10.);
#1223=VECTOR('',#4097,10.);
#1224=VECTOR('',#4102,10.);
#1225=VECTOR('',#4103,10.);
#1226=VECTOR('',#4104,10.);
#1227=VECTOR('',#4105,10.);
#1228=VECTOR('',#4108,10.);
#1229=VECTOR('',#4109,10.);
#1230=VECTOR('',#4110,10.);
#1231=VECTOR('',#4113,10.);
#1232=VECTOR('',#4114,10.);
#1233=VECTOR('',#4115,10.);
#1234=VECTOR('',#4118,10.);
#1235=VECTOR('',#4119,10.);
#1236=VECTOR('',#4120,10.);
#1237=VECTOR('',#4123,10.);
#1238=VECTOR('',#4124,10.);
#1239=VECTOR('',#4125,10.);
#1240=VECTOR('',#4128,10.);
#1241=VECTOR('',#4129,10.);
#1242=VECTOR('',#4130,10.);
#1243=VECTOR('',#4133,10.);
#1244=VECTOR('',#4134,10.);
#1245=VECTOR('',#4135,10.);
#1246=VECTOR('',#4138,10.);
#1247=VECTOR('',#4139,10.);
#1248=VECTOR('',#4140,10.);
#1249=VECTOR('',#4143,10.);
#1250=VECTOR('',#4144,10.);
#1251=VECTOR('',#4145,10.);
#1252=VECTOR('',#4148,10.);
#1253=VECTOR('',#4149,10.);
#1254=VECTOR('',#4150,10.);
#1255=VECTOR('',#4153,10.);
#1256=VECTOR('',#4154,10.);
#1257=VECTOR('',#4155,10.);
#1258=VECTOR('',#4158,10.);
#1259=VECTOR('',#4159,10.);
#1260=VECTOR('',#4164,10.);
#1261=VECTOR('',#4165,10.);
#1262=VECTOR('',#4166,10.);
#1263=VECTOR('',#4167,10.);
#1264=VECTOR('',#4170,10.);
#1265=VECTOR('',#4171,10.);
#1266=VECTOR('',#4172,10.);
#1267=VECTOR('',#4175,10.);
#1268=VECTOR('',#4176,10.);
#1269=VECTOR('',#4179,10.);
#1270=VECTOR('',#4180,10.);
#1271=VECTOR('',#4181,10.);
#1272=VECTOR('',#4182,10.);
#1273=VECTOR('',#4185,10.);
#1274=VECTOR('',#4186,10.);
#1275=VECTOR('',#4187,10.);
#1276=VECTOR('',#4190,10.);
#1277=VECTOR('',#4191,10.);
#1278=VECTOR('',#4192,10.);
#1279=VECTOR('',#4195,10.);
#1280=VECTOR('',#4196,10.);
#1281=VECTOR('',#4197,10.);
#1282=VECTOR('',#4200,10.);
#1283=VECTOR('',#4201,10.);
#1284=VECTOR('',#4202,10.);
#1285=VECTOR('',#4205,10.);
#1286=VECTOR('',#4206,10.);
#1287=VECTOR('',#4207,10.);
#1288=VECTOR('',#4210,10.);
#1289=VECTOR('',#4211,10.);
#1290=VECTOR('',#4212,10.);
#1291=VECTOR('',#4215,10.);
#1292=VECTOR('',#4216,10.);
#1293=VECTOR('',#4223,10.);
#1294=VECTOR('',#4226,10.);
#1295=VECTOR('',#4229,10.);
#1296=VECTOR('',#4232,10.);
#1297=VECTOR('',#4243,10.);
#1298=VECTOR('',#4246,10.);
#1299=VECTOR('',#4249,10.);
#1300=VECTOR('',#4252,10.);
#1301=VECTOR('',#4253,10.);
#1302=VECTOR('',#4256,10.);
#1303=VECTOR('',#4261,10.);
#1304=VECTOR('',#4264,10.);
#1305=VECTOR('',#4267,10.);
#1306=VECTOR('',#4270,10.);
#1307=VECTOR('',#4271,10.);
#1308=VECTOR('',#4274,10.);
#1309=VECTOR('',#4279,10.);
#1310=VECTOR('',#4282,10.);
#1311=VECTOR('',#4283,10.);
#1312=VECTOR('',#4286,10.);
#1313=VECTOR('',#4295,10.);
#1314=VECTOR('',#4296,10.);
#1315=VECTOR('',#4297,10.);
#1316=VECTOR('',#4300,10.);
#1317=VECTOR('',#4305,10.);
#1318=VECTOR('',#4306,10.);
#1319=VECTOR('',#4313,10.);
#1320=VECTOR('',#4316,10.);
#1321=VECTOR('',#4319,10.);
#1322=VECTOR('',#4320,10.);
#1323=VECTOR('',#4323,10.);
#1324=VECTOR('',#4328,10.);
#1325=VECTOR('',#4331,10.);
#1326=VECTOR('',#4332,10.);
#1327=VECTOR('',#4333,10.);
#1328=VECTOR('',#4336,10.);
#1329=VECTOR('',#4341,10.);
#1330=VECTOR('',#4342,10.);
#1331=VECTOR('',#4349,10.);
#1332=VECTOR('',#4352,10.);
#1333=VECTOR('',#4355,10.);
#1334=VECTOR('',#4356,10.);
#1335=VECTOR('',#4359,10.);
#1336=VECTOR('',#4364,10.);
#1337=VECTOR('',#4367,10.);
#1338=VECTOR('',#4370,10.);
#1339=VECTOR('',#4373,10.);
#1340=VECTOR('',#4374,10.);
#1341=VECTOR('',#4377,10.);
#1342=VECTOR('',#4382,10.);
#1343=VECTOR('',#4385,10.);
#1344=VECTOR('',#4386,10.);
#1345=VECTOR('',#4387,10.);
#1346=VECTOR('',#4390,10.);
#1347=VECTOR('',#4395,10.);
#1348=VECTOR('',#4396,10.);
#1349=VECTOR('',#4403,10.);
#1350=VECTOR('',#4406,10.);
#1351=VECTOR('',#4409,10.);
#1352=VECTOR('',#4410,10.);
#1353=VECTOR('',#4413,10.);
#1354=VECTOR('',#4418,10.);
#1355=VECTOR('',#4421,10.);
#1356=VECTOR('',#4424,10.);
#1357=VECTOR('',#4427,10.);
#1358=VECTOR('',#4428,10.);
#1359=VECTOR('',#4431,10.);
#1360=VECTOR('',#4436,10.);
#1361=VECTOR('',#4441,1.6);
#1362=VECTOR('',#4444,10.);
#1363=VECTOR('',#4447,10.);
#1364=VECTOR('',#4450,10.);
#1365=VECTOR('',#4451,10.);
#1366=VECTOR('',#4454,10.);
#1367=VECTOR('',#4457,10.);
#1368=VECTOR('',#4460,10.);
#1369=VECTOR('',#4471,10.);
#1370=VECTOR('',#4474,10.);
#1371=VECTOR('',#4477,10.);
#1372=VECTOR('',#4480,10.);
#1373=VECTOR('',#4483,10.);
#1374=VECTOR('',#4486,1.6);
#1375=VECTOR('',#4489,1.6);
#1376=VECTOR('',#4492,1.6);
#1377=B_SPLINE_CURVE_WITH_KNOTS('',3,(#4510,#4511,#4512,#4513,#4514),
 .UNSPECIFIED.,.F.,.F.,(4,1,4),(0.,0.0701929213871289,0.121759582552045),
 .UNSPECIFIED.);
#1378=B_SPLINE_CURVE_WITH_KNOTS('',3,(#4518,#4519,#4520,#4521,#4522),
 .UNSPECIFIED.,.F.,.F.,(4,1,4),(0.,0.0701929213871289,0.121759582552045),
 .UNSPECIFIED.);
#1379=B_SPLINE_CURVE_WITH_KNOTS('',3,(#4541,#4542,#4543,#4544,#4545),
 .UNSPECIFIED.,.F.,.F.,(4,1,4),(0.,0.0523538458215276,0.125106305527725),
 .UNSPECIFIED.);
#1380=B_SPLINE_CURVE_WITH_KNOTS('',3,(#4548,#4549,#4550,#4551,#4552),
 .UNSPECIFIED.,.F.,.F.,(4,1,4),(0.,0.0523538458215276,0.125106305527725),
 .UNSPECIFIED.);
#1381=B_SPLINE_CURVE_WITH_KNOTS('',3,(#4564,#4565,#4566,#4567,#4568),
 .UNSPECIFIED.,.F.,.F.,(4,1,4),(0.,0.0471525249601412,0.0903457069596192),
 .UNSPECIFIED.);
#1382=B_SPLINE_CURVE_WITH_KNOTS('',3,(#4571,#4572,#4573,#4574,#4575),
 .UNSPECIFIED.,.F.,.F.,(4,1,4),(0.,0.0471525249601412,0.0903457069596192),
 .UNSPECIFIED.);
#1383=B_SPLINE_CURVE_WITH_KNOTS('',3,(#4587,#4588,#4589,#4590,#4591),
 .UNSPECIFIED.,.F.,.F.,(4,1,4),(0.,0.0434165864725741,0.0914108641586101),
 .UNSPECIFIED.);
#1384=B_SPLINE_CURVE_WITH_KNOTS('',3,(#4594,#4595,#4596,#4597,#4598),
 .UNSPECIFIED.,.F.,.F.,(4,1,4),(0.,0.0434165864725741,0.0914108641586101),
 .UNSPECIFIED.);
#1385=B_SPLINE_CURVE_WITH_KNOTS('',3,(#4610,#4611,#4612,#4613,#4614),
 .UNSPECIFIED.,.F.,.F.,(4,1,4),(0.,0.0727524597061974,0.125106305527725),
 .UNSPECIFIED.);
#1386=B_SPLINE_CURVE_WITH_KNOTS('',3,(#4617,#4618,#4619,#4620,#4621),
 .UNSPECIFIED.,.F.,.F.,(4,1,4),(0.,0.0727524597061974,0.125106305527725),
 .UNSPECIFIED.);
#1387=B_SPLINE_CURVE_WITH_KNOTS('',3,(#4639,#4640,#4641,#4642,#4643),
 .UNSPECIFIED.,.F.,.F.,(4,1,4),(0.,0.0512657945796135,0.122155907431897),
 .UNSPECIFIED.);
#1388=B_SPLINE_CURVE_WITH_KNOTS('',3,(#4646,#4647,#4648,#4649,#4650),
 .UNSPECIFIED.,.F.,.F.,(4,1,4),(0.,0.0512657945796135,0.122155907431897),
 .UNSPECIFIED.);
#1389=B_SPLINE_CURVE_WITH_KNOTS('',3,(#4662,#4663,#4664,#4665,#4666),
 .UNSPECIFIED.,.F.,.F.,(4,1,4),(0.,0.0486699954153996,0.0917088824784165),
 .UNSPECIFIED.);
#1390=B_SPLINE_CURVE_WITH_KNOTS('',3,(#4669,#4670,#4671,#4672,#4673),
 .UNSPECIFIED.,.F.,.F.,(4,1,4),(0.,0.0486699954153996,0.0917088824784165),
 .UNSPECIFIED.);
#1391=B_SPLINE_CURVE_WITH_KNOTS('',3,(#4684,#4685,#4686,#4687,#4688),
 .UNSPECIFIED.,.F.,.F.,(4,1,4),(0.,0.0431932192582179,0.0903457328415804),
 .UNSPECIFIED.);
#1392=B_SPLINE_CURVE_WITH_KNOTS('',3,(#4689,#4690,#4691,#4692,#4693),
 .UNSPECIFIED.,.F.,.F.,(4,1,4),(0.,0.0431932192582179,0.0903457328415804),
 .UNSPECIFIED.);
#1393=B_SPLINE_CURVE_WITH_KNOTS('',3,(#4706,#4707,#4708,#4709,#4710),
 .UNSPECIFIED.,.F.,.F.,(4,1,4),(0.,0.0838429960792865,0.170500347558839),
 .UNSPECIFIED.);
#1394=B_SPLINE_CURVE_WITH_KNOTS('',3,(#4714,#4715,#4716,#4717,#4718),
 .UNSPECIFIED.,.F.,.F.,(4,1,4),(0.,0.0838429960792865,0.170500347558839),
 .UNSPECIFIED.);
#1395=B_SPLINE_CURVE_WITH_KNOTS('',3,(#4731,#4732,#4733,#4734,#4735),
 .UNSPECIFIED.,.F.,.F.,(4,1,4),(0.,0.0944667362907963,0.181080386064219),
 .UNSPECIFIED.);
#1396=B_SPLINE_CURVE_WITH_KNOTS('',3,(#4738,#4739,#4740,#4741,#4742),
 .UNSPECIFIED.,.F.,.F.,(4,1,4),(0.,0.0944667362907963,0.181080386064219),
 .UNSPECIFIED.);
#1397=B_SPLINE_CURVE_WITH_KNOTS('',3,(#4760,#4761,#4762,#4763,#4764),
 .UNSPECIFIED.,.F.,.F.,(4,1,4),(0.,0.0869060116356665,0.180679517616583),
 .UNSPECIFIED.);
#1398=B_SPLINE_CURVE_WITH_KNOTS('',3,(#4767,#4768,#4769,#4770,#4771),
 .UNSPECIFIED.,.F.,.F.,(4,1,4),(0.,0.0869060116356665,0.180679517616583),
 .UNSPECIFIED.);
#1399=B_SPLINE_CURVE_WITH_KNOTS('',3,(#4783,#4784,#4785,#4786,#4787),
 .UNSPECIFIED.,.F.,.F.,(4,1,4),(0.,0.0872100436374152,0.171745032103475),
 .UNSPECIFIED.);
#1400=B_SPLINE_CURVE_WITH_KNOTS('',3,(#4790,#4791,#4792,#4793,#4794),
 .UNSPECIFIED.,.F.,.F.,(4,1,4),(0.,0.0872100436374152,0.171745032103475),
 .UNSPECIFIED.);
#1401=B_SPLINE_CURVE_WITH_KNOTS('',3,(#4806,#4807,#4808,#4809,#4810),
 .UNSPECIFIED.,.F.,.F.,(4,1,4),(0.,0.104919953766526,0.199248414307434),
 .UNSPECIFIED.);
#1402=B_SPLINE_CURVE_WITH_KNOTS('',3,(#4813,#4814,#4815,#4816,#4817),
 .UNSPECIFIED.,.F.,.F.,(4,1,4),(0.,0.104919953766526,0.199248414307434),
 .UNSPECIFIED.);
#1403=B_SPLINE_CURVE_WITH_KNOTS('',3,(#4829,#4830,#4831,#4832,#4833),
 .UNSPECIFIED.,.F.,.F.,(4,1,4),(0.,0.0947328037969292,0.201345703918871),
 .UNSPECIFIED.);
#1404=B_SPLINE_CURVE_WITH_KNOTS('',3,(#4836,#4837,#4838,#4839,#4840),
 .UNSPECIFIED.,.F.,.F.,(4,1,4),(0.,0.0947328037969292,0.201345703918871),
 .UNSPECIFIED.);
#1405=B_SPLINE_CURVE_WITH_KNOTS('',3,(#4852,#4853,#4854,#4855,#4856),
 .UNSPECIFIED.,.F.,.F.,(4,1,4),(0.,0.083622640207415,0.17023738556257),
 .UNSPECIFIED.);
#1406=B_SPLINE_CURVE_WITH_KNOTS('',3,(#4859,#4860,#4861,#4862,#4863),
 .UNSPECIFIED.,.F.,.F.,(4,1,4),(0.,0.083622640207415,0.17023738556257),
 .UNSPECIFIED.);
#1407=B_SPLINE_CURVE_WITH_KNOTS('',3,(#4875,#4876,#4877,#4878,#4879),
 .UNSPECIFIED.,.F.,.F.,(4,1,4),(0.,0.0945767079692506,0.181275447559584),
 .UNSPECIFIED.);
#1408=B_SPLINE_CURVE_WITH_KNOTS('',3,(#4882,#4883,#4884,#4885,#4886),
 .UNSPECIFIED.,.F.,.F.,(4,1,4),(0.,0.0945767079692506,0.181275447559584),
 .UNSPECIFIED.);
#1409=B_SPLINE_CURVE_WITH_KNOTS('',3,(#4904,#4905,#4906,#4907,#4908),
 .UNSPECIFIED.,.F.,.F.,(4,1,4),(0.,0.086698795178943,0.181275503148194),
 .UNSPECIFIED.);
#1410=B_SPLINE_CURVE_WITH_KNOTS('',3,(#4911,#4912,#4913,#4914,#4915),
 .UNSPECIFIED.,.F.,.F.,(4,1,4),(0.,0.086698795178943,0.181275503148194),
 .UNSPECIFIED.);
#1411=B_SPLINE_CURVE_WITH_KNOTS('',3,(#4927,#4928,#4929,#4930,#4931),
 .UNSPECIFIED.,.F.,.F.,(4,1,4),(0.,0.0866147787799391,0.170237372147403),
 .UNSPECIFIED.);
#1412=B_SPLINE_CURVE_WITH_KNOTS('',3,(#4934,#4935,#4936,#4937,#4938),
 .UNSPECIFIED.,.F.,.F.,(4,1,4),(0.,0.0866147787799391,0.170237372147403),
 .UNSPECIFIED.);
#1413=B_SPLINE_CURVE_WITH_KNOTS('',3,(#4950,#4951,#4952,#4953,#4954),
 .UNSPECIFIED.,.F.,.F.,(4,1,4),(0.,0.106612900121942,0.201345685043222),
 .UNSPECIFIED.);
#1414=B_SPLINE_CURVE_WITH_KNOTS('',3,(#4957,#4958,#4959,#4960,#4961),
 .UNSPECIFIED.,.F.,.F.,(4,1,4),(0.,0.106612900121942,0.201345685043222),
 .UNSPECIFIED.);
#1415=B_SPLINE_CURVE_WITH_KNOTS('',3,(#4972,#4973,#4974,#4975,#4976),
 .UNSPECIFIED.,.F.,.F.,(4,1,4),(0.,0.0944636692214954,0.200947782326201),
 .UNSPECIFIED.);
#1416=B_SPLINE_CURVE_WITH_KNOTS('',3,(#4977,#4978,#4979,#4980,#4981),
 .UNSPECIFIED.,.F.,.F.,(4,1,4),(0.,0.0944636692214954,0.200947782326201),
 .UNSPECIFIED.);
#1417=B_SPLINE_CURVE_WITH_KNOTS('',3,(#5172,#5173,#5174,#5175,#5176),
 .UNSPECIFIED.,.F.,.F.,(4,1,4),(0.,0.0645585531149973,0.14675952887443),
 .UNSPECIFIED.);
#1418=B_SPLINE_CURVE_WITH_KNOTS('',3,(#5180,#5181,#5182,#5183,#5184),
 .UNSPECIFIED.,.F.,.F.,(4,1,4),(0.,0.0645585531149973,0.14675952887443),
 .UNSPECIFIED.);
#1419=B_SPLINE_CURVE_WITH_KNOTS('',3,(#5197,#5198,#5199,#5200,#5201),
 .UNSPECIFIED.,.F.,.F.,(4,1,4),(0.,0.0607505551905059,0.117102476866393),
 .UNSPECIFIED.);
#1420=B_SPLINE_CURVE_WITH_KNOTS('',3,(#5204,#5205,#5206,#5207,#5208),
 .UNSPECIFIED.,.F.,.F.,(4,1,4),(0.,0.0607505551905059,0.117102476866393),
 .UNSPECIFIED.);
#1421=B_SPLINE_CURVE_WITH_KNOTS('',3,(#5226,#5227,#5228,#5229,#5230),
 .UNSPECIFIED.,.F.,.F.,(4,1,4),(0.,0.0597991153780771,0.121721583795575),
 .UNSPECIFIED.);
#1422=B_SPLINE_CURVE_WITH_KNOTS('',3,(#5233,#5234,#5235,#5236,#5237),
 .UNSPECIFIED.,.F.,.F.,(4,1,4),(0.,0.0597991153780771,0.121721583795575),
 .UNSPECIFIED.);
#1423=B_SPLINE_CURVE_WITH_KNOTS('',3,(#5249,#5250,#5251,#5252,#5253),
 .UNSPECIFIED.,.F.,.F.,(4,1,4),(0.,0.0689334293154548,0.131160305089982),
 .UNSPECIFIED.);
#1424=B_SPLINE_CURVE_WITH_KNOTS('',3,(#5256,#5257,#5258,#5259,#5260),
 .UNSPECIFIED.,.F.,.F.,(4,1,4),(0.,0.0689334293154548,0.131160305089982),
 .UNSPECIFIED.);
#1425=B_SPLINE_CURVE_WITH_KNOTS('',3,(#5272,#5273,#5274,#5275,#5276),
 .UNSPECIFIED.,.F.,.F.,(4,1,4),(0.,0.0877078778972431,0.165455390223453),
 .UNSPECIFIED.);
#1426=B_SPLINE_CURVE_WITH_KNOTS('',3,(#5279,#5280,#5281,#5282,#5283),
 .UNSPECIFIED.,.F.,.F.,(4,1,4),(0.,0.0877078778972431,0.165455390223453),
 .UNSPECIFIED.);
#1427=B_SPLINE_CURVE_WITH_KNOTS('',3,(#5295,#5296,#5297,#5298,#5299),
 .UNSPECIFIED.,.F.,.F.,(4,1,4),(0.,0.0802100672292393,0.168871926338146),
 .UNSPECIFIED.);
#1428=B_SPLINE_CURVE_WITH_KNOTS('',3,(#5302,#5303,#5304,#5305,#5306),
 .UNSPECIFIED.,.F.,.F.,(4,1,4),(0.,0.0802100672292393,0.168871926338146),
 .UNSPECIFIED.);
#1429=B_SPLINE_CURVE_WITH_KNOTS('',3,(#5318,#5319,#5320,#5321,#5322),
 .UNSPECIFIED.,.F.,.F.,(4,1,4),(0.,0.0797661412401087,0.157208333315316),
 .UNSPECIFIED.);
#1430=B_SPLINE_CURVE_WITH_KNOTS('',3,(#5325,#5326,#5327,#5328,#5329),
 .UNSPECIFIED.,.F.,.F.,(4,1,4),(0.,0.0797661412401087,0.157208333315316),
 .UNSPECIFIED.);
#1431=B_SPLINE_CURVE_WITH_KNOTS('',3,(#5347,#5348,#5349,#5350,#5351),
 .UNSPECIFIED.,.F.,.F.,(4,1,4),(0.,0.0463461005378816,0.0971203023385239),
 .UNSPECIFIED.);
#1432=B_SPLINE_CURVE_WITH_KNOTS('',3,(#5354,#5355,#5356,#5357,#5358),
 .UNSPECIFIED.,.F.,.F.,(4,1,4),(0.,0.0463461005378816,0.0971203023385239),
 .UNSPECIFIED.);
#1433=B_SPLINE_CURVE_WITH_KNOTS('',3,(#5370,#5371,#5372,#5373,#5374),
 .UNSPECIFIED.,.F.,.F.,(4,1,4),(0.,0.0465886237391095,0.0913939885112906),
 .UNSPECIFIED.);
#1434=B_SPLINE_CURVE_WITH_KNOTS('',3,(#5377,#5378,#5379,#5380,#5381),
 .UNSPECIFIED.,.F.,.F.,(4,1,4),(0.,0.0465886237391095,0.0913939885112906),
 .UNSPECIFIED.);
#1435=B_SPLINE_CURVE_WITH_KNOTS('',3,(#5393,#5394,#5395,#5396,#5397),
 .UNSPECIFIED.,.F.,.F.,(4,1,4),(0.,0.0291127570820514,0.0648928417112657),
 .UNSPECIFIED.);
#1436=B_SPLINE_CURVE_WITH_KNOTS('',3,(#5400,#5401,#5402,#5403,#5404),
 .UNSPECIFIED.,.F.,.F.,(4,1,4),(0.,0.0291127570820514,0.0648928417112657),
 .UNSPECIFIED.);
#1437=B_SPLINE_CURVE_WITH_KNOTS('',3,(#5416,#5417,#5418,#5419,#5420),
 .UNSPECIFIED.,.F.,.F.,(4,1,4),(0.,0.0233875521146039,0.0478465051394165),
 .UNSPECIFIED.);
#1438=B_SPLINE_CURVE_WITH_KNOTS('',3,(#5423,#5424,#5425,#5426,#5427),
 .UNSPECIFIED.,.F.,.F.,(4,1,4),(0.,0.0233875521146039,0.0478465051394165),
 .UNSPECIFIED.);
#1439=B_SPLINE_CURVE_WITH_KNOTS('',3,(#5445,#5446,#5447,#5448,#5449),
 .UNSPECIFIED.,.F.,.F.,(4,1,4),(0.,0.0216577629937099,0.0434058360567489),
 .UNSPECIFIED.);
#1440=B_SPLINE_CURVE_WITH_KNOTS('',3,(#5452,#5453,#5454,#5455,#5456),
 .UNSPECIFIED.,.F.,.F.,(4,1,4),(0.,0.0216577629937099,0.0434058360567489),
 .UNSPECIFIED.);
#1441=B_SPLINE_CURVE_WITH_KNOTS('',3,(#5468,#5469,#5470,#5471,#5472),
 .UNSPECIFIED.,.F.,.F.,(4,1,4),(0.,0.0499532721270301,0.0815117316673409),
 .UNSPECIFIED.);
#1442=B_SPLINE_CURVE_WITH_KNOTS('',3,(#5475,#5476,#5477,#5478,#5479),
 .UNSPECIFIED.,.F.,.F.,(4,1,4),(0.,0.0499532721270301,0.0815117316673409),
 .UNSPECIFIED.);
#1443=B_SPLINE_CURVE_WITH_KNOTS('',3,(#5497,#5498,#5499,#5500,#5501),
 .UNSPECIFIED.,.F.,.F.,(4,1,4),(0.,0.0773200795726954,0.159832481558066),
 .UNSPECIFIED.);
#1444=B_SPLINE_CURVE_WITH_KNOTS('',3,(#5504,#5505,#5506,#5507,#5508),
 .UNSPECIFIED.,.F.,.F.,(4,1,4),(0.,0.0773200795726954,0.159832481558066),
 .UNSPECIFIED.);
#1445=B_SPLINE_CURVE_WITH_KNOTS('',3,(#5520,#5521,#5522,#5523,#5524),
 .UNSPECIFIED.,.F.,.F.,(4,1,4),(0.,0.0923694132834964,0.172300110694985),
 .UNSPECIFIED.);
#1446=B_SPLINE_CURVE_WITH_KNOTS('',3,(#5527,#5528,#5529,#5530,#5531),
 .UNSPECIFIED.,.F.,.F.,(4,1,4),(0.,0.0923694132834964,0.172300110694985),
 .UNSPECIFIED.);
#1447=B_SPLINE_CURVE_WITH_KNOTS('',3,(#5567,#5568,#5569,#5570,#5571),
 .UNSPECIFIED.,.F.,.F.,(4,1,4),(0.,0.024803367498104,0.0484715493421942),
 .UNSPECIFIED.);
#1448=B_SPLINE_CURVE_WITH_KNOTS('',3,(#5574,#5575,#5576,#5577,#5578),
 .UNSPECIFIED.,.F.,.F.,(4,1,4),(0.,0.024803367498104,0.0484715493421942),
 .UNSPECIFIED.);
#1449=B_SPLINE_CURVE_WITH_KNOTS('',3,(#5590,#5591,#5592,#5593,#5594),
 .UNSPECIFIED.,.F.,.F.,(4,1,4),(0.,0.0489757034166168,0.0826576700413924),
 .UNSPECIFIED.);
#1450=B_SPLINE_CURVE_WITH_KNOTS('',3,(#5597,#5598,#5599,#5600,#5601),
 .UNSPECIFIED.,.F.,.F.,(4,1,4),(0.,0.0489757034166168,0.0826576700413924),
 .UNSPECIFIED.);
#1451=B_SPLINE_CURVE_WITH_KNOTS('',3,(#5618,#5619,#5620,#5621,#5622),
 .UNSPECIFIED.,.F.,.F.,(4,1,4),(0.,0.0494329097421053,0.116626318449044),
 .UNSPECIFIED.);
#1452=B_SPLINE_CURVE_WITH_KNOTS('',3,(#5626,#5627,#5628,#5629,#5630),
 .UNSPECIFIED.,.F.,.F.,(4,1,4),(0.,0.0494329097421053,0.116626318449044),
 .UNSPECIFIED.);
#1453=B_SPLINE_CURVE_WITH_KNOTS('',3,(#5643,#5644,#5645,#5646,#5647),
 .UNSPECIFIED.,.F.,.F.,(4,1,4),(0.,0.0503068790818588,0.0932784087399727),
 .UNSPECIFIED.);
#1454=B_SPLINE_CURVE_WITH_KNOTS('',3,(#5650,#5651,#5652,#5653,#5654),
 .UNSPECIFIED.,.F.,.F.,(4,1,4),(0.,0.0503068790818588,0.0932784087399727),
 .UNSPECIFIED.);
#1455=B_SPLINE_CURVE_WITH_KNOTS('',3,(#5684,#5685,#5686,#5687,#5688),
 .UNSPECIFIED.,.F.,.F.,(4,1,4),(0.,0.0378891925424126,0.0828415970127603),
 .UNSPECIFIED.);
#1456=B_SPLINE_CURVE_WITH_KNOTS('',3,(#5691,#5692,#5693,#5694,#5695),
 .UNSPECIFIED.,.F.,.F.,(4,1,4),(0.,0.0378891925424126,0.0828415970127603),
 .UNSPECIFIED.);
#1457=B_SPLINE_CURVE_WITH_KNOTS('',3,(#5707,#5708,#5709,#5710,#5711),
 .UNSPECIFIED.,.F.,.F.,(4,1,4),(0.,0.061124854166765,0.105432736217853),
 .UNSPECIFIED.);
#1458=B_SPLINE_CURVE_WITH_KNOTS('',3,(#5714,#5715,#5716,#5717,#5718),
 .UNSPECIFIED.,.F.,.F.,(4,1,4),(0.,0.061124854166765,0.105432736217853),
 .UNSPECIFIED.);
#1459=B_SPLINE_CURVE_WITH_KNOTS('',3,(#5748,#5749,#5750,#5751,#5752),
 .UNSPECIFIED.,.F.,.F.,(4,1,4),(0.,0.133663035723083,0.29442185219153),
 .UNSPECIFIED.);
#1460=B_SPLINE_CURVE_WITH_KNOTS('',3,(#5755,#5756,#5757,#5758,#5759),
 .UNSPECIFIED.,.F.,.F.,(4,1,4),(0.,0.133663035723083,0.29442185219153),
 .UNSPECIFIED.);
#1461=B_SPLINE_CURVE_WITH_KNOTS('',3,(#5771,#5772,#5773,#5774,#5775),
 .UNSPECIFIED.,.F.,.F.,(4,1,4),(0.,0.140328668177882,0.266576251926002),
 .UNSPECIFIED.);
#1462=B_SPLINE_CURVE_WITH_KNOTS('',3,(#5778,#5779,#5780,#5781,#5782),
 .UNSPECIFIED.,.F.,.F.,(4,1,4),(0.,0.140328668177882,0.266576251926002),
 .UNSPECIFIED.);
#1463=B_SPLINE_CURVE_WITH_KNOTS('',3,(#5800,#5801,#5802,#5803,#5804),
 .UNSPECIFIED.,.F.,.F.,(4,1,4),(0.,0.12053312974055,0.253508470007108),
 .UNSPECIFIED.);
#1464=B_SPLINE_CURVE_WITH_KNOTS('',3,(#5807,#5808,#5809,#5810,#5811),
 .UNSPECIFIED.,.F.,.F.,(4,1,4),(0.,0.12053312974055,0.253508470007108),
 .UNSPECIFIED.);
#1465=B_SPLINE_CURVE_WITH_KNOTS('',3,(#5823,#5824,#5825,#5826,#5827),
 .UNSPECIFIED.,.F.,.F.,(4,1,4),(0.,0.150391809717212,0.27632188703607),
 .UNSPECIFIED.);
#1466=B_SPLINE_CURVE_WITH_KNOTS('',3,(#5830,#5831,#5832,#5833,#5834),
 .UNSPECIFIED.,.F.,.F.,(4,1,4),(0.,0.150391809717212,0.27632188703607),
 .UNSPECIFIED.);
#1467=VERTEX_POINT('',#4508);
#1468=VERTEX_POINT('',#4509);
#1469=VERTEX_POINT('',#4515);
#1470=VERTEX_POINT('',#4517);
#1471=VERTEX_POINT('',#4525);
#1472=VERTEX_POINT('',#4527);
#1473=VERTEX_POINT('',#4540);
#1474=VERTEX_POINT('',#4546);
#1475=VERTEX_POINT('',#4563);
#1476=VERTEX_POINT('',#4569);
#1477=VERTEX_POINT('',#4586);
#1478=VERTEX_POINT('',#4592);
#1479=VERTEX_POINT('',#4609);
#1480=VERTEX_POINT('',#4615);
#1481=VERTEX_POINT('',#4623);
#1482=VERTEX_POINT('',#4625);
#1483=VERTEX_POINT('',#4638);
#1484=VERTEX_POINT('',#4644);
#1485=VERTEX_POINT('',#4661);
#1486=VERTEX_POINT('',#4667);
#1487=VERTEX_POINT('',#4704);
#1488=VERTEX_POINT('',#4705);
#1489=VERTEX_POINT('',#4711);
#1490=VERTEX_POINT('',#4713);
#1491=VERTEX_POINT('',#4730);
#1492=VERTEX_POINT('',#4736);
#1493=VERTEX_POINT('',#4744);
#1494=VERTEX_POINT('',#4746);
#1495=VERTEX_POINT('',#4759);
#1496=VERTEX_POINT('',#4765);
#1497=VERTEX_POINT('',#4782);
#1498=VERTEX_POINT('',#4788);
#1499=VERTEX_POINT('',#4805);
#1500=VERTEX_POINT('',#4811);
#1501=VERTEX_POINT('',#4828);
#1502=VERTEX_POINT('',#4834);
#1503=VERTEX_POINT('',#4851);
#1504=VERTEX_POINT('',#4857);
#1505=VERTEX_POINT('',#4874);
#1506=VERTEX_POINT('',#4880);
#1507=VERTEX_POINT('',#4888);
#1508=VERTEX_POINT('',#4890);
#1509=VERTEX_POINT('',#4903);
#1510=VERTEX_POINT('',#4909);
#1511=VERTEX_POINT('',#4926);
#1512=VERTEX_POINT('',#4932);
#1513=VERTEX_POINT('',#4949);
#1514=VERTEX_POINT('',#4955);
#1515=VERTEX_POINT('',#4984);
#1516=VERTEX_POINT('',#4985);
#1517=VERTEX_POINT('',#4987);
#1518=VERTEX_POINT('',#4989);
#1519=VERTEX_POINT('',#4993);
#1520=VERTEX_POINT('',#4995);
#1521=VERTEX_POINT('',#4999);
#1522=VERTEX_POINT('',#5001);
#1523=VERTEX_POINT('',#5005);
#1524=VERTEX_POINT('',#5007);
#1525=VERTEX_POINT('',#5011);
#1526=VERTEX_POINT('',#5013);
#1527=VERTEX_POINT('',#5021);
#1528=VERTEX_POINT('',#5022);
#1529=VERTEX_POINT('',#5024);
#1530=VERTEX_POINT('',#5026);
#1531=VERTEX_POINT('',#5030);
#1532=VERTEX_POINT('',#5032);
#1533=VERTEX_POINT('',#5036);
#1534=VERTEX_POINT('',#5038);
#1535=VERTEX_POINT('',#5042);
#1536=VERTEX_POINT('',#5044);
#1537=VERTEX_POINT('',#5048);
#1538=VERTEX_POINT('',#5050);
#1539=VERTEX_POINT('',#5054);
#1540=VERTEX_POINT('',#5056);
#1541=VERTEX_POINT('',#5060);
#1542=VERTEX_POINT('',#5062);
#1543=VERTEX_POINT('',#5066);
#1544=VERTEX_POINT('',#5068);
#1545=VERTEX_POINT('',#5072);
#1546=VERTEX_POINT('',#5074);
#1547=VERTEX_POINT('',#5078);
#1548=VERTEX_POINT('',#5080);
#1549=VERTEX_POINT('',#5084);
#1550=VERTEX_POINT('',#5086);
#1551=VERTEX_POINT('',#5094);
#1552=VERTEX_POINT('',#5095);
#1553=VERTEX_POINT('',#5097);
#1554=VERTEX_POINT('',#5099);
#1555=VERTEX_POINT('',#5103);
#1556=VERTEX_POINT('',#5105);
#1557=VERTEX_POINT('',#5109);
#1558=VERTEX_POINT('',#5111);
#1559=VERTEX_POINT('',#5115);
#1560=VERTEX_POINT('',#5117);
#1561=VERTEX_POINT('',#5121);
#1562=VERTEX_POINT('',#5123);
#1563=VERTEX_POINT('',#5127);
#1564=VERTEX_POINT('',#5129);
#1565=VERTEX_POINT('',#5133);
#1566=VERTEX_POINT('',#5135);
#1567=VERTEX_POINT('',#5139);
#1568=VERTEX_POINT('',#5141);
#1569=VERTEX_POINT('',#5145);
#1570=VERTEX_POINT('',#5147);
#1571=VERTEX_POINT('',#5151);
#1572=VERTEX_POINT('',#5153);
#1573=VERTEX_POINT('',#5170);
#1574=VERTEX_POINT('',#5171);
#1575=VERTEX_POINT('',#5177);
#1576=VERTEX_POINT('',#5179);
#1577=VERTEX_POINT('',#5196);
#1578=VERTEX_POINT('',#5202);
#1579=VERTEX_POINT('',#5210);
#1580=VERTEX_POINT('',#5212);
#1581=VERTEX_POINT('',#5225);
#1582=VERTEX_POINT('',#5231);
#1583=VERTEX_POINT('',#5248);
#1584=VERTEX_POINT('',#5254);
#1585=VERTEX_POINT('',#5271);
#1586=VERTEX_POINT('',#5277);
#1587=VERTEX_POINT('',#5294);
#1588=VERTEX_POINT('',#5300);
#1589=VERTEX_POINT('',#5317);
#1590=VERTEX_POINT('',#5323);
#1591=VERTEX_POINT('',#5331);
#1592=VERTEX_POINT('',#5333);
#1593=VERTEX_POINT('',#5346);
#1594=VERTEX_POINT('',#5352);
#1595=VERTEX_POINT('',#5369);
#1596=VERTEX_POINT('',#5375);
#1597=VERTEX_POINT('',#5392);
#1598=VERTEX_POINT('',#5398);
#1599=VERTEX_POINT('',#5415);
#1600=VERTEX_POINT('',#5421);
#1601=VERTEX_POINT('',#5429);
#1602=VERTEX_POINT('',#5431);
#1603=VERTEX_POINT('',#5444);
#1604=VERTEX_POINT('',#5450);
#1605=VERTEX_POINT('',#5467);
#1606=VERTEX_POINT('',#5473);
#1607=VERTEX_POINT('',#5481);
#1608=VERTEX_POINT('',#5483);
#1609=VERTEX_POINT('',#5496);
#1610=VERTEX_POINT('',#5502);
#1611=VERTEX_POINT('',#5519);
#1612=VERTEX_POINT('',#5525);
#1613=VERTEX_POINT('',#5533);
#1614=VERTEX_POINT('',#5535);
#1615=VERTEX_POINT('',#5539);
#1616=VERTEX_POINT('',#5541);
#1617=VERTEX_POINT('',#5545);
#1618=VERTEX_POINT('',#5547);
#1619=VERTEX_POINT('',#5551);
#1620=VERTEX_POINT('',#5553);
#1621=VERTEX_POINT('',#5566);
#1622=VERTEX_POINT('',#5572);
#1623=VERTEX_POINT('',#5589);
#1624=VERTEX_POINT('',#5595);
#1625=VERTEX_POINT('',#5616);
#1626=VERTEX_POINT('',#5617);
#1627=VERTEX_POINT('',#5623);
#1628=VERTEX_POINT('',#5625);
#1629=VERTEX_POINT('',#5642);
#1630=VERTEX_POINT('',#5648);
#1631=VERTEX_POINT('',#5656);
#1632=VERTEX_POINT('',#5658);
#1633=VERTEX_POINT('',#5662);
#1634=VERTEX_POINT('',#5664);
#1635=VERTEX_POINT('',#5668);
#1636=VERTEX_POINT('',#5670);
#1637=VERTEX_POINT('',#5683);
#1638=VERTEX_POINT('',#5689);
#1639=VERTEX_POINT('',#5706);
#1640=VERTEX_POINT('',#5712);
#1641=VERTEX_POINT('',#5723);
#1642=VERTEX_POINT('',#5724);
#1643=VERTEX_POINT('',#5726);
#1644=VERTEX_POINT('',#5728);
#1645=VERTEX_POINT('',#5732);
#1646=VERTEX_POINT('',#5734);
#1647=VERTEX_POINT('',#5747);
#1648=VERTEX_POINT('',#5753);
#1649=VERTEX_POINT('',#5770);
#1650=VERTEX_POINT('',#5776);
#1651=VERTEX_POINT('',#5784);
#1652=VERTEX_POINT('',#5786);
#1653=VERTEX_POINT('',#5799);
#1654=VERTEX_POINT('',#5805);
#1655=VERTEX_POINT('',#5822);
#1656=VERTEX_POINT('',#5828);
#1657=VERTEX_POINT('',#5840);
#1658=VERTEX_POINT('',#5841);
#1659=VERTEX_POINT('',#5843);
#1660=VERTEX_POINT('',#5845);
#1661=VERTEX_POINT('',#5849);
#1662=VERTEX_POINT('',#5851);
#1663=VERTEX_POINT('',#5855);
#1664=VERTEX_POINT('',#5857);
#1665=VERTEX_POINT('',#5861);
#1666=VERTEX_POINT('',#5863);
#1667=VERTEX_POINT('',#5867);
#1668=VERTEX_POINT('',#5869);
#1669=VERTEX_POINT('',#5873);
#1670=VERTEX_POINT('',#5875);
#1671=VERTEX_POINT('',#5883);
#1672=VERTEX_POINT('',#5884);
#1673=VERTEX_POINT('',#5886);
#1674=VERTEX_POINT('',#5888);
#1675=VERTEX_POINT('',#5892);
#1676=VERTEX_POINT('',#5894);
#1677=VERTEX_POINT('',#5898);
#1678=VERTEX_POINT('',#5900);
#1679=VERTEX_POINT('',#5904);
#1680=VERTEX_POINT('',#5906);
#1681=VERTEX_POINT('',#5910);
#1682=VERTEX_POINT('',#5912);
#1683=VERTEX_POINT('',#5916);
#1684=VERTEX_POINT('',#5918);
#1685=VERTEX_POINT('',#5922);
#1686=VERTEX_POINT('',#5924);
#1687=VERTEX_POINT('',#5928);
#1688=VERTEX_POINT('',#5930);
#1689=VERTEX_POINT('',#5934);
#1690=VERTEX_POINT('',#5936);
#1691=VERTEX_POINT('',#5940);
#1692=VERTEX_POINT('',#5942);
#1693=VERTEX_POINT('',#5946);
#1694=VERTEX_POINT('',#5948);
#1695=VERTEX_POINT('',#5956);
#1696=VERTEX_POINT('',#5957);
#1697=VERTEX_POINT('',#5959);
#1698=VERTEX_POINT('',#5961);
#1699=VERTEX_POINT('',#5965);
#1700=VERTEX_POINT('',#5967);
#1701=VERTEX_POINT('',#5974);
#1702=VERTEX_POINT('',#5975);
#1703=VERTEX_POINT('',#5977);
#1704=VERTEX_POINT('',#5979);
#1705=VERTEX_POINT('',#5983);
#1706=VERTEX_POINT('',#5985);
#1707=VERTEX_POINT('',#5989);
#1708=VERTEX_POINT('',#5991);
#1709=VERTEX_POINT('',#5995);
#1710=VERTEX_POINT('',#5997);
#1711=VERTEX_POINT('',#6001);
#1712=VERTEX_POINT('',#6003);
#1713=VERTEX_POINT('',#6007);
#1714=VERTEX_POINT('',#6009);
#1715=VERTEX_POINT('',#6013);
#1716=VERTEX_POINT('',#6015);
#1717=VERTEX_POINT('',#6023);
#1718=VERTEX_POINT('',#6024);
#1719=VERTEX_POINT('',#6026);
#1720=VERTEX_POINT('',#6028);
#1721=VERTEX_POINT('',#6030);
#1722=VERTEX_POINT('',#6032);
#1723=VERTEX_POINT('',#6034);
#1724=VERTEX_POINT('',#6036);
#1725=VERTEX_POINT('',#6039);
#1726=VERTEX_POINT('',#6041);
#1727=VERTEX_POINT('',#6043);
#1728=VERTEX_POINT('',#6045);
#1729=VERTEX_POINT('',#6047);
#1730=VERTEX_POINT('',#6048);
#1731=VERTEX_POINT('',#6050);
#1732=VERTEX_POINT('',#6052);
#1733=VERTEX_POINT('',#6055);
#1734=VERTEX_POINT('',#6056);
#1735=VERTEX_POINT('',#6058);
#1736=VERTEX_POINT('',#6060);
#1737=VERTEX_POINT('',#6063);
#1738=VERTEX_POINT('',#6064);
#1739=VERTEX_POINT('',#6066);
#1740=VERTEX_POINT('',#6068);
#1741=VERTEX_POINT('',#6071);
#1742=VERTEX_POINT('',#6072);
#1743=VERTEX_POINT('',#6074);
#1744=VERTEX_POINT('',#6076);
#1745=VERTEX_POINT('',#6079);
#1746=VERTEX_POINT('',#6080);
#1747=VERTEX_POINT('',#6082);
#1748=VERTEX_POINT('',#6084);
#1749=VERTEX_POINT('',#6087);
#1750=VERTEX_POINT('',#6088);
#1751=VERTEX_POINT('',#6090);
#1752=VERTEX_POINT('',#6092);
#1753=VERTEX_POINT('',#6095);
#1754=VERTEX_POINT('',#6096);
#1755=VERTEX_POINT('',#6098);
#1756=VERTEX_POINT('',#6100);
#1757=VERTEX_POINT('',#6103);
#1758=VERTEX_POINT('',#6104);
#1759=VERTEX_POINT('',#6106);
#1760=VERTEX_POINT('',#6108);
#1761=VERTEX_POINT('',#6114);
#1762=VERTEX_POINT('',#6116);
#1763=VERTEX_POINT('',#6120);
#1764=VERTEX_POINT('',#6124);
#1765=VERTEX_POINT('',#6130);
#1766=VERTEX_POINT('',#6132);
#1767=VERTEX_POINT('',#6136);
#1768=VERTEX_POINT('',#6140);
#1769=VERTEX_POINT('',#6146);
#1770=VERTEX_POINT('',#6148);
#1771=VERTEX_POINT('',#6152);
#1772=VERTEX_POINT('',#6156);
#1773=VERTEX_POINT('',#6162);
#1774=VERTEX_POINT('',#6164);
#1775=VERTEX_POINT('',#6168);
#1776=VERTEX_POINT('',#6172);
#1777=VERTEX_POINT('',#6178);
#1778=VERTEX_POINT('',#6180);
#1779=VERTEX_POINT('',#6184);
#1780=VERTEX_POINT('',#6188);
#1781=VERTEX_POINT('',#6194);
#1782=VERTEX_POINT('',#6196);
#1783=VERTEX_POINT('',#6200);
#1784=VERTEX_POINT('',#6204);
#1785=VERTEX_POINT('',#6210);
#1786=VERTEX_POINT('',#6212);
#1787=VERTEX_POINT('',#6216);
#1788=VERTEX_POINT('',#6220);
#1789=VERTEX_POINT('',#6226);
#1790=VERTEX_POINT('',#6228);
#1791=VERTEX_POINT('',#6232);
#1792=VERTEX_POINT('',#6236);
#1793=VERTEX_POINT('',#6242);
#1794=VERTEX_POINT('',#6246);
#1795=VERTEX_POINT('',#6248);
#1796=VERTEX_POINT('',#6252);
#1797=VERTEX_POINT('',#6256);
#1798=VERTEX_POINT('',#6258);
#1799=VERTEX_POINT('',#6260);
#1800=VERTEX_POINT('',#6262);
#1801=VERTEX_POINT('',#6264);
#1802=VERTEX_POINT('',#6267);
#1803=VERTEX_POINT('',#6269);
#1804=VERTEX_POINT('',#6271);
#1805=EDGE_CURVE('',#1467,#1468,#1377,.T.);
#1806=EDGE_CURVE('',#1467,#1469,#639,.T.);
#1807=EDGE_CURVE('',#1469,#1470,#1378,.T.);
#1808=EDGE_CURVE('',#1468,#1470,#640,.T.);
#1809=EDGE_CURVE('',#1471,#1467,#641,.T.);
#1810=EDGE_CURVE('',#1471,#1472,#642,.T.);
#1811=EDGE_CURVE('',#1472,#1469,#643,.T.);
#1812=EDGE_CURVE('',#1473,#1471,#1379,.T.);
#1813=EDGE_CURVE('',#1473,#1474,#644,.T.);
#1814=EDGE_CURVE('',#1474,#1472,#1380,.T.);
#1815=EDGE_CURVE('',#1475,#1473,#1381,.T.);
#1816=EDGE_CURVE('',#1475,#1476,#645,.T.);
#1817=EDGE_CURVE('',#1476,#1474,#1382,.T.);
#1818=EDGE_CURVE('',#1477,#1475,#1383,.T.);
#1819=EDGE_CURVE('',#1477,#1478,#646,.T.);
#1820=EDGE_CURVE('',#1478,#1476,#1384,.T.);
#1821=EDGE_CURVE('',#1479,#1477,#1385,.T.);
#1822=EDGE_CURVE('',#1479,#1480,#647,.T.);
#1823=EDGE_CURVE('',#1480,#1478,#1386,.T.);
#1824=EDGE_CURVE('',#1481,#1479,#648,.T.);
#1825=EDGE_CURVE('',#1481,#1482,#649,.T.);
#1826=EDGE_CURVE('',#1482,#1480,#650,.T.);
#1827=EDGE_CURVE('',#1483,#1481,#1387,.T.);
#1828=EDGE_CURVE('',#1483,#1484,#651,.T.);
#1829=EDGE_CURVE('',#1484,#1482,#1388,.T.);
#1830=EDGE_CURVE('',#1485,#1483,#1389,.T.);
#1831=EDGE_CURVE('',#1485,#1486,#652,.T.);
#1832=EDGE_CURVE('',#1486,#1484,#1390,.T.);
#1833=EDGE_CURVE('',#1468,#1485,#1391,.T.);
#1834=EDGE_CURVE('',#1470,#1486,#1392,.T.);
#1835=EDGE_CURVE('',#1487,#1488,#1393,.T.);
#1836=EDGE_CURVE('',#1487,#1489,#653,.T.);
#1837=EDGE_CURVE('',#1489,#1490,#1394,.T.);
#1838=EDGE_CURVE('',#1488,#1490,#654,.T.);
#1839=EDGE_CURVE('',#1491,#1487,#1395,.T.);
#1840=EDGE_CURVE('',#1491,#1492,#655,.T.);
#1841=EDGE_CURVE('',#1492,#1489,#1396,.T.);
#1842=EDGE_CURVE('',#1493,#1491,#656,.T.);
#1843=EDGE_CURVE('',#1493,#1494,#657,.T.);
#1844=EDGE_CURVE('',#1494,#1492,#658,.T.);
#1845=EDGE_CURVE('',#1495,#1493,#1397,.T.);
#1846=EDGE_CURVE('',#1495,#1496,#659,.T.);
#1847=EDGE_CURVE('',#1496,#1494,#1398,.T.);
#1848=EDGE_CURVE('',#1497,#1495,#1399,.T.);
#1849=EDGE_CURVE('',#1497,#1498,#660,.T.);
#1850=EDGE_CURVE('',#1498,#1496,#1400,.T.);
#1851=EDGE_CURVE('',#1499,#1497,#1401,.T.);
#1852=EDGE_CURVE('',#1499,#1500,#661,.T.);
#1853=EDGE_CURVE('',#1500,#1498,#1402,.T.);
#1854=EDGE_CURVE('',#1501,#1499,#1403,.T.);
#1855=EDGE_CURVE('',#1501,#1502,#662,.T.);
#1856=EDGE_CURVE('',#1502,#1500,#1404,.T.);
#1857=EDGE_CURVE('',#1503,#1501,#1405,.T.);
#1858=EDGE_CURVE('',#1503,#1504,#663,.T.);
#1859=EDGE_CURVE('',#1504,#1502,#1406,.T.);
#1860=EDGE_CURVE('',#1505,#1503,#1407,.T.);
#1861=EDGE_CURVE('',#1505,#1506,#664,.T.);
#1862=EDGE_CURVE('',#1506,#1504,#1408,.T.);
#1863=EDGE_CURVE('',#1507,#1505,#665,.T.);
#1864=EDGE_CURVE('',#1507,#1508,#666,.T.);
#1865=EDGE_CURVE('',#1508,#1506,#667,.T.);
#1866=EDGE_CURVE('',#1509,#1507,#1409,.T.);
#1867=EDGE_CURVE('',#1509,#1510,#668,.T.);
#1868=EDGE_CURVE('',#1510,#1508,#1410,.T.);
#1869=EDGE_CURVE('',#1511,#1509,#1411,.T.);
#1870=EDGE_CURVE('',#1511,#1512,#669,.T.);
#1871=EDGE_CURVE('',#1512,#1510,#1412,.T.);
#1872=EDGE_CURVE('',#1513,#1511,#1413,.T.);
#1873=EDGE_CURVE('',#1513,#1514,#670,.T.);
#1874=EDGE_CURVE('',#1514,#1512,#1414,.T.);
#1875=EDGE_CURVE('',#1488,#1513,#1415,.T.);
#1876=EDGE_CURVE('',#1490,#1514,#1416,.T.);
#1877=EDGE_CURVE('',#1515,#1516,#671,.T.);
#1878=EDGE_CURVE('',#1515,#1517,#672,.T.);
#1879=EDGE_CURVE('',#1517,#1518,#673,.T.);
#1880=EDGE_CURVE('',#1516,#1518,#674,.T.);
#1881=EDGE_CURVE('',#1519,#1515,#675,.T.);
#1882=EDGE_CURVE('',#1519,#1520,#676,.T.);
#1883=EDGE_CURVE('',#1520,#1517,#677,.T.);
#1884=EDGE_CURVE('',#1521,#1519,#678,.T.);
#1885=EDGE_CURVE('',#1521,#1522,#679,.T.);
#1886=EDGE_CURVE('',#1522,#1520,#680,.T.);
#1887=EDGE_CURVE('',#1523,#1521,#681,.T.);
#1888=EDGE_CURVE('',#1523,#1524,#682,.T.);
#1889=EDGE_CURVE('',#1524,#1522,#683,.T.);
#1890=EDGE_CURVE('',#1525,#1523,#684,.T.);
#1891=EDGE_CURVE('',#1525,#1526,#685,.T.);
#1892=EDGE_CURVE('',#1526,#1524,#686,.T.);
#1893=EDGE_CURVE('',#1516,#1525,#687,.T.);
#1894=EDGE_CURVE('',#1518,#1526,#688,.T.);
#1895=EDGE_CURVE('',#1527,#1528,#689,.T.);
#1896=EDGE_CURVE('',#1527,#1529,#690,.T.);
#1897=EDGE_CURVE('',#1529,#1530,#691,.T.);
#1898=EDGE_CURVE('',#1528,#1530,#692,.T.);
#1899=EDGE_CURVE('',#1531,#1527,#693,.T.);
#1900=EDGE_CURVE('',#1531,#1532,#694,.T.);
#1901=EDGE_CURVE('',#1532,#1529,#695,.T.);
#1902=EDGE_CURVE('',#1533,#1531,#696,.T.);
#1903=EDGE_CURVE('',#1533,#1534,#697,.T.);
#1904=EDGE_CURVE('',#1534,#1532,#698,.T.);
#1905=EDGE_CURVE('',#1535,#1533,#699,.T.);
#1906=EDGE_CURVE('',#1535,#1536,#700,.T.);
#1907=EDGE_CURVE('',#1536,#1534,#701,.T.);
#1908=EDGE_CURVE('',#1537,#1535,#702,.T.);
#1909=EDGE_CURVE('',#1537,#1538,#703,.T.);
#1910=EDGE_CURVE('',#1538,#1536,#704,.T.);
#1911=EDGE_CURVE('',#1539,#1537,#705,.T.);
#1912=EDGE_CURVE('',#1539,#1540,#706,.T.);
#1913=EDGE_CURVE('',#1540,#1538,#707,.T.);
#1914=EDGE_CURVE('',#1541,#1539,#708,.T.);
#1915=EDGE_CURVE('',#1541,#1542,#709,.T.);
#1916=EDGE_CURVE('',#1542,#1540,#710,.T.);
#1917=EDGE_CURVE('',#1543,#1541,#711,.T.);
#1918=EDGE_CURVE('',#1543,#1544,#712,.T.);
#1919=EDGE_CURVE('',#1544,#1542,#713,.T.);
#1920=EDGE_CURVE('',#1545,#1543,#714,.T.);
#1921=EDGE_CURVE('',#1545,#1546,#715,.T.);
#1922=EDGE_CURVE('',#1546,#1544,#716,.T.);
#1923=EDGE_CURVE('',#1547,#1545,#717,.T.);
#1924=EDGE_CURVE('',#1547,#1548,#718,.T.);
#1925=EDGE_CURVE('',#1548,#1546,#719,.T.);
#1926=EDGE_CURVE('',#1549,#1547,#720,.T.);
#1927=EDGE_CURVE('',#1549,#1550,#721,.T.);
#1928=EDGE_CURVE('',#1550,#1548,#722,.T.);
#1929=EDGE_CURVE('',#1528,#1549,#723,.T.);
#1930=EDGE_CURVE('',#1530,#1550,#724,.T.);
#1931=EDGE_CURVE('',#1551,#1552,#725,.T.);
#1932=EDGE_CURVE('',#1551,#1553,#726,.T.);
#1933=EDGE_CURVE('',#1553,#1554,#727,.T.);
#1934=EDGE_CURVE('',#1552,#1554,#728,.T.);
#1935=EDGE_CURVE('',#1555,#1551,#729,.T.);
#1936=EDGE_CURVE('',#1555,#1556,#730,.T.);
#1937=EDGE_CURVE('',#1556,#1553,#731,.T.);
#1938=EDGE_CURVE('',#1557,#1555,#732,.T.);
#1939=EDGE_CURVE('',#1557,#1558,#733,.T.);
#1940=EDGE_CURVE('',#1558,#1556,#734,.T.);
#1941=EDGE_CURVE('',#1559,#1557,#735,.T.);
#1942=EDGE_CURVE('',#1559,#1560,#736,.T.);
#1943=EDGE_CURVE('',#1560,#1558,#737,.T.);
#1944=EDGE_CURVE('',#1561,#1559,#738,.T.);
#1945=EDGE_CURVE('',#1561,#1562,#739,.T.);
#1946=EDGE_CURVE('',#1562,#1560,#740,.T.);
#1947=EDGE_CURVE('',#1563,#1561,#741,.T.);
#1948=EDGE_CURVE('',#1563,#1564,#742,.T.);
#1949=EDGE_CURVE('',#1564,#1562,#743,.T.);
#1950=EDGE_CURVE('',#1565,#1563,#744,.T.);
#1951=EDGE_CURVE('',#1565,#1566,#745,.T.);
#1952=EDGE_CURVE('',#1566,#1564,#746,.T.);
#1953=EDGE_CURVE('',#1567,#1565,#747,.T.);
#1954=EDGE_CURVE('',#1567,#1568,#748,.T.);
#1955=EDGE_CURVE('',#1568,#1566,#749,.T.);
#1956=EDGE_CURVE('',#1569,#1567,#750,.T.);
#1957=EDGE_CURVE('',#1569,#1570,#751,.T.);
#1958=EDGE_CURVE('',#1570,#1568,#752,.T.);
#1959=EDGE_CURVE('',#1571,#1569,#753,.T.);
#1960=EDGE_CURVE('',#1571,#1572,#754,.T.);
#1961=EDGE_CURVE('',#1572,#1570,#755,.T.);
#1962=EDGE_CURVE('',#1552,#1571,#756,.T.);
#1963=EDGE_CURVE('',#1554,#1572,#757,.T.);
#1964=EDGE_CURVE('',#1573,#1574,#1417,.T.);
#1965=EDGE_CURVE('',#1573,#1575,#758,.T.);
#1966=EDGE_CURVE('',#1575,#1576,#1418,.T.);
#1967=EDGE_CURVE('',#1574,#1576,#759,.T.);
#1968=EDGE_CURVE('',#1577,#1573,#1419,.T.);
#1969=EDGE_CURVE('',#1577,#1578,#760,.T.);
#1970=EDGE_CURVE('',#1578,#1575,#1420,.T.);
#1971=EDGE_CURVE('',#1579,#1577,#761,.T.);
#1972=EDGE_CURVE('',#1579,#1580,#762,.T.);
#1973=EDGE_CURVE('',#1580,#1578,#763,.T.);
#1974=EDGE_CURVE('',#1581,#1579,#1421,.T.);
#1975=EDGE_CURVE('',#1581,#1582,#764,.T.);
#1976=EDGE_CURVE('',#1582,#1580,#1422,.T.);
#1977=EDGE_CURVE('',#1583,#1581,#1423,.T.);
#1978=EDGE_CURVE('',#1583,#1584,#765,.T.);
#1979=EDGE_CURVE('',#1584,#1582,#1424,.T.);
#1980=EDGE_CURVE('',#1585,#1583,#1425,.T.);
#1981=EDGE_CURVE('',#1585,#1586,#766,.T.);
#1982=EDGE_CURVE('',#1586,#1584,#1426,.T.);
#1983=EDGE_CURVE('',#1587,#1585,#1427,.T.);
#1984=EDGE_CURVE('',#1587,#1588,#767,.T.);
#1985=EDGE_CURVE('',#1588,#1586,#1428,.T.);
#1986=EDGE_CURVE('',#1589,#1587,#1429,.T.);
#1987=EDGE_CURVE('',#1589,#1590,#768,.T.);
#1988=EDGE_CURVE('',#1590,#1588,#1430,.T.);
#1989=EDGE_CURVE('',#1591,#1589,#769,.T.);
#1990=EDGE_CURVE('',#1591,#1592,#770,.T.);
#1991=EDGE_CURVE('',#1592,#1590,#771,.T.);
#1992=EDGE_CURVE('',#1593,#1591,#1431,.T.);
#1993=EDGE_CURVE('',#1593,#1594,#772,.T.);
#1994=EDGE_CURVE('',#1594,#1592,#1432,.T.);
#1995=EDGE_CURVE('',#1595,#1593,#1433,.T.);
#1996=EDGE_CURVE('',#1595,#1596,#773,.T.);
#1997=EDGE_CURVE('',#1596,#1594,#1434,.T.);
#1998=EDGE_CURVE('',#1597,#1595,#1435,.T.);
#1999=EDGE_CURVE('',#1597,#1598,#774,.T.);
#2000=EDGE_CURVE('',#1598,#1596,#1436,.T.);
#2001=EDGE_CURVE('',#1599,#1597,#1437,.T.);
#2002=EDGE_CURVE('',#1599,#1600,#775,.T.);
#2003=EDGE_CURVE('',#1600,#1598,#1438,.T.);
#2004=EDGE_CURVE('',#1601,#1599,#776,.T.);
#2005=EDGE_CURVE('',#1601,#1602,#777,.T.);
#2006=EDGE_CURVE('',#1602,#1600,#778,.T.);
#2007=EDGE_CURVE('',#1603,#1601,#1439,.T.);
#2008=EDGE_CURVE('',#1603,#1604,#779,.T.);
#2009=EDGE_CURVE('',#1604,#1602,#1440,.T.);
#2010=EDGE_CURVE('',#1605,#1603,#1441,.T.);
#2011=EDGE_CURVE('',#1605,#1606,#780,.T.);
#2012=EDGE_CURVE('',#1606,#1604,#1442,.T.);
#2013=EDGE_CURVE('',#1607,#1605,#781,.T.);
#2014=EDGE_CURVE('',#1607,#1608,#782,.T.);
#2015=EDGE_CURVE('',#1608,#1606,#783,.T.);
#2016=EDGE_CURVE('',#1609,#1607,#1443,.T.);
#2017=EDGE_CURVE('',#1609,#1610,#784,.T.);
#2018=EDGE_CURVE('',#1610,#1608,#1444,.T.);
#2019=EDGE_CURVE('',#1611,#1609,#1445,.T.);
#2020=EDGE_CURVE('',#1611,#1612,#785,.T.);
#2021=EDGE_CURVE('',#1612,#1610,#1446,.T.);
#2022=EDGE_CURVE('',#1613,#1611,#786,.T.);
#2023=EDGE_CURVE('',#1613,#1614,#787,.T.);
#2024=EDGE_CURVE('',#1614,#1612,#788,.T.);
#2025=EDGE_CURVE('',#1615,#1613,#789,.T.);
#2026=EDGE_CURVE('',#1615,#1616,#790,.T.);
#2027=EDGE_CURVE('',#1616,#1614,#791,.T.);
#2028=EDGE_CURVE('',#1617,#1615,#792,.T.);
#2029=EDGE_CURVE('',#1617,#1618,#793,.T.);
#2030=EDGE_CURVE('',#1618,#1616,#794,.T.);
#2031=EDGE_CURVE('',#1619,#1617,#795,.T.);
#2032=EDGE_CURVE('',#1619,#1620,#796,.T.);
#2033=EDGE_CURVE('',#1620,#1618,#797,.T.);
#2034=EDGE_CURVE('',#1621,#1619,#1447,.T.);
#2035=EDGE_CURVE('',#1621,#1622,#798,.T.);
#2036=EDGE_CURVE('',#1622,#1620,#1448,.T.);
#2037=EDGE_CURVE('',#1623,#1621,#1449,.T.);
#2038=EDGE_CURVE('',#1623,#1624,#799,.T.);
#2039=EDGE_CURVE('',#1624,#1622,#1450,.T.);
#2040=EDGE_CURVE('',#1574,#1623,#800,.T.);
#2041=EDGE_CURVE('',#1576,#1624,#801,.T.);
#2042=EDGE_CURVE('',#1625,#1626,#1451,.T.);
#2043=EDGE_CURVE('',#1625,#1627,#802,.T.);
#2044=EDGE_CURVE('',#1627,#1628,#1452,.T.);
#2045=EDGE_CURVE('',#1626,#1628,#803,.T.);
#2046=EDGE_CURVE('',#1629,#1625,#1453,.T.);
#2047=EDGE_CURVE('',#1629,#1630,#804,.T.);
#2048=EDGE_CURVE('',#1630,#1627,#1454,.T.);
#2049=EDGE_CURVE('',#1631,#1629,#805,.T.);
#2050=EDGE_CURVE('',#1631,#1632,#806,.T.);
#2051=EDGE_CURVE('',#1632,#1630,#807,.T.);
#2052=EDGE_CURVE('',#1633,#1631,#808,.T.);
#2053=EDGE_CURVE('',#1633,#1634,#809,.T.);
#2054=EDGE_CURVE('',#1634,#1632,#810,.T.);
#2055=EDGE_CURVE('',#1635,#1633,#811,.T.);
#2056=EDGE_CURVE('',#1635,#1636,#812,.T.);
#2057=EDGE_CURVE('',#1636,#1634,#813,.T.);
#2058=EDGE_CURVE('',#1637,#1635,#1455,.T.);
#2059=EDGE_CURVE('',#1637,#1638,#814,.T.);
#2060=EDGE_CURVE('',#1638,#1636,#1456,.T.);
#2061=EDGE_CURVE('',#1639,#1637,#1457,.T.);
#2062=EDGE_CURVE('',#1639,#1640,#815,.T.);
#2063=EDGE_CURVE('',#1640,#1638,#1458,.T.);
#2064=EDGE_CURVE('',#1626,#1639,#816,.T.);
#2065=EDGE_CURVE('',#1628,#1640,#817,.T.);
#2066=EDGE_CURVE('',#1641,#1642,#818,.T.);
#2067=EDGE_CURVE('',#1641,#1643,#819,.T.);
#2068=EDGE_CURVE('',#1643,#1644,#820,.T.);
#2069=EDGE_CURVE('',#1642,#1644,#821,.T.);
#2070=EDGE_CURVE('',#1645,#1641,#822,.T.);
#2071=EDGE_CURVE('',#1645,#1646,#823,.T.);
#2072=EDGE_CURVE('',#1646,#1643,#824,.T.);
#2073=EDGE_CURVE('',#1647,#1645,#1459,.T.);
#2074=EDGE_CURVE('',#1647,#1648,#825,.T.);
#2075=EDGE_CURVE('',#1648,#1646,#1460,.T.);
#2076=EDGE_CURVE('',#1649,#1647,#1461,.T.);
#2077=EDGE_CURVE('',#1649,#1650,#826,.T.);
#2078=EDGE_CURVE('',#1650,#1648,#1462,.T.);
#2079=EDGE_CURVE('',#1651,#1649,#827,.T.);
#2080=EDGE_CURVE('',#1651,#1652,#828,.T.);
#2081=EDGE_CURVE('',#1652,#1650,#829,.T.);
#2082=EDGE_CURVE('',#1653,#1651,#1463,.T.);
#2083=EDGE_CURVE('',#1653,#1654,#830,.T.);
#2084=EDGE_CURVE('',#1654,#1652,#1464,.T.);
#2085=EDGE_CURVE('',#1655,#1653,#1465,.T.);
#2086=EDGE_CURVE('',#1655,#1656,#831,.T.);
#2087=EDGE_CURVE('',#1656,#1654,#1466,.T.);
#2088=EDGE_CURVE('',#1642,#1655,#832,.T.);
#2089=EDGE_CURVE('',#1644,#1656,#833,.T.);
#2090=EDGE_CURVE('',#1657,#1658,#834,.T.);
#2091=EDGE_CURVE('',#1657,#1659,#835,.T.);
#2092=EDGE_CURVE('',#1659,#1660,#836,.T.);
#2093=EDGE_CURVE('',#1658,#1660,#837,.T.);
#2094=EDGE_CURVE('',#1661,#1657,#838,.T.);
#2095=EDGE_CURVE('',#1661,#1662,#839,.T.);
#2096=EDGE_CURVE('',#1662,#1659,#840,.T.);
#2097=EDGE_CURVE('',#1663,#1661,#841,.T.);
#2098=EDGE_CURVE('',#1663,#1664,#842,.T.);
#2099=EDGE_CURVE('',#1664,#1662,#843,.T.);
#2100=EDGE_CURVE('',#1665,#1663,#844,.T.);
#2101=EDGE_CURVE('',#1665,#1666,#845,.T.);
#2102=EDGE_CURVE('',#1666,#1664,#846,.T.);
#2103=EDGE_CURVE('',#1667,#1665,#847,.T.);
#2104=EDGE_CURVE('',#1667,#1668,#848,.T.);
#2105=EDGE_CURVE('',#1668,#1666,#849,.T.);
#2106=EDGE_CURVE('',#1669,#1667,#850,.T.);
#2107=EDGE_CURVE('',#1669,#1670,#851,.T.);
#2108=EDGE_CURVE('',#1670,#1668,#852,.T.);
#2109=EDGE_CURVE('',#1658,#1669,#853,.T.);
#2110=EDGE_CURVE('',#1660,#1670,#854,.T.);
#2111=EDGE_CURVE('',#1671,#1672,#855,.T.);
#2112=EDGE_CURVE('',#1671,#1673,#856,.T.);
#2113=EDGE_CURVE('',#1673,#1674,#857,.T.);
#2114=EDGE_CURVE('',#1672,#1674,#858,.T.);
#2115=EDGE_CURVE('',#1675,#1671,#859,.T.);
#2116=EDGE_CURVE('',#1675,#1676,#860,.T.);
#2117=EDGE_CURVE('',#1676,#1673,#861,.T.);
#2118=EDGE_CURVE('',#1677,#1675,#862,.T.);
#2119=EDGE_CURVE('',#1677,#1678,#863,.T.);
#2120=EDGE_CURVE('',#1678,#1676,#864,.T.);
#2121=EDGE_CURVE('',#1679,#1677,#865,.T.);
#2122=EDGE_CURVE('',#1679,#1680,#866,.T.);
#2123=EDGE_CURVE('',#1680,#1678,#867,.T.);
#2124=EDGE_CURVE('',#1681,#1679,#868,.T.);
#2125=EDGE_CURVE('',#1681,#1682,#869,.T.);
#2126=EDGE_CURVE('',#1682,#1680,#870,.T.);
#2127=EDGE_CURVE('',#1683,#1681,#871,.T.);
#2128=EDGE_CURVE('',#1683,#1684,#872,.T.);
#2129=EDGE_CURVE('',#1684,#1682,#873,.T.);
#2130=EDGE_CURVE('',#1685,#1683,#874,.T.);
#2131=EDGE_CURVE('',#1685,#1686,#875,.T.);
#2132=EDGE_CURVE('',#1686,#1684,#876,.T.);
#2133=EDGE_CURVE('',#1687,#1685,#877,.T.);
#2134=EDGE_CURVE('',#1687,#1688,#878,.T.);
#2135=EDGE_CURVE('',#1688,#1686,#879,.T.);
#2136=EDGE_CURVE('',#1689,#1687,#880,.T.);
#2137=EDGE_CURVE('',#1689,#1690,#881,.T.);
#2138=EDGE_CURVE('',#1690,#1688,#882,.T.);
#2139=EDGE_CURVE('',#1691,#1689,#883,.T.);
#2140=EDGE_CURVE('',#1691,#1692,#884,.T.);
#2141=EDGE_CURVE('',#1692,#1690,#885,.T.);
#2142=EDGE_CURVE('',#1693,#1691,#886,.T.);
#2143=EDGE_CURVE('',#1693,#1694,#887,.T.);
#2144=EDGE_CURVE('',#1694,#1692,#888,.T.);
#2145=EDGE_CURVE('',#1672,#1693,#889,.T.);
#2146=EDGE_CURVE('',#1674,#1694,#890,.T.);
#2147=EDGE_CURVE('',#1695,#1696,#891,.T.);
#2148=EDGE_CURVE('',#1695,#1697,#892,.T.);
#2149=EDGE_CURVE('',#1697,#1698,#893,.T.);
#2150=EDGE_CURVE('',#1696,#1698,#894,.T.);
#2151=EDGE_CURVE('',#1699,#1695,#895,.T.);
#2152=EDGE_CURVE('',#1699,#1700,#896,.T.);
#2153=EDGE_CURVE('',#1700,#1697,#897,.T.);
#2154=EDGE_CURVE('',#1696,#1699,#898,.T.);
#2155=EDGE_CURVE('',#1698,#1700,#899,.T.);
#2156=EDGE_CURVE('',#1701,#1702,#900,.T.);
#2157=EDGE_CURVE('',#1701,#1703,#901,.T.);
#2158=EDGE_CURVE('',#1703,#1704,#902,.T.);
#2159=EDGE_CURVE('',#1702,#1704,#903,.T.);
#2160=EDGE_CURVE('',#1705,#1701,#904,.T.);
#2161=EDGE_CURVE('',#1705,#1706,#905,.T.);
#2162=EDGE_CURVE('',#1706,#1703,#906,.T.);
#2163=EDGE_CURVE('',#1707,#1705,#907,.T.);
#2164=EDGE_CURVE('',#1707,#1708,#908,.T.);
#2165=EDGE_CURVE('',#1708,#1706,#909,.T.);
#2166=EDGE_CURVE('',#1709,#1707,#910,.T.);
#2167=EDGE_CURVE('',#1709,#1710,#911,.T.);
#2168=EDGE_CURVE('',#1710,#1708,#912,.T.);
#2169=EDGE_CURVE('',#1711,#1709,#913,.T.);
#2170=EDGE_CURVE('',#1711,#1712,#914,.T.);
#2171=EDGE_CURVE('',#1712,#1710,#915,.T.);
#2172=EDGE_CURVE('',#1713,#1711,#916,.T.);
#2173=EDGE_CURVE('',#1713,#1714,#917,.T.);
#2174=EDGE_CURVE('',#1714,#1712,#918,.T.);
#2175=EDGE_CURVE('',#1715,#1713,#919,.T.);
#2176=EDGE_CURVE('',#1715,#1716,#920,.T.);
#2177=EDGE_CURVE('',#1716,#1714,#921,.T.);
#2178=EDGE_CURVE('',#1702,#1715,#922,.T.);
#2179=EDGE_CURVE('',#1704,#1716,#923,.T.);
#2180=EDGE_CURVE('',#1717,#1718,#39,.T.);
#2181=EDGE_CURVE('',#1717,#1719,#924,.T.);
#2182=EDGE_CURVE('',#1720,#1719,#40,.T.);
#2183=EDGE_CURVE('',#1720,#1721,#925,.T.);
#2184=EDGE_CURVE('',#1722,#1721,#41,.T.);
#2185=EDGE_CURVE('',#1722,#1723,#926,.T.);
#2186=EDGE_CURVE('',#1724,#1723,#42,.T.);
#2187=EDGE_CURVE('',#1724,#1718,#927,.T.);
#2188=EDGE_CURVE('',#1725,#1725,#43,.T.);
#2189=EDGE_CURVE('',#1726,#1726,#44,.T.);
#2190=EDGE_CURVE('',#1727,#1727,#45,.T.);
#2191=EDGE_CURVE('',#1728,#1728,#46,.T.);
#2192=EDGE_CURVE('',#1729,#1730,#47,.T.);
#2193=EDGE_CURVE('',#1730,#1731,#928,.T.);
#2194=EDGE_CURVE('',#1731,#1732,#48,.T.);
#2195=EDGE_CURVE('',#1732,#1729,#929,.T.);
#2196=EDGE_CURVE('',#1733,#1734,#49,.T.);
#2197=EDGE_CURVE('',#1734,#1735,#930,.T.);
#2198=EDGE_CURVE('',#1735,#1736,#50,.T.);
#2199=EDGE_CURVE('',#1736,#1733,#931,.T.);
#2200=EDGE_CURVE('',#1737,#1738,#932,.T.);
#2201=EDGE_CURVE('',#1738,#1739,#51,.T.);
#2202=EDGE_CURVE('',#1739,#1740,#933,.T.);
#2203=EDGE_CURVE('',#1740,#1737,#52,.T.);
#2204=EDGE_CURVE('',#1741,#1742,#53,.T.);
#2205=EDGE_CURVE('',#1742,#1743,#934,.T.);
#2206=EDGE_CURVE('',#1743,#1744,#54,.T.);
#2207=EDGE_CURVE('',#1744,#1741,#935,.T.);
#2208=EDGE_CURVE('',#1745,#1746,#55,.T.);
#2209=EDGE_CURVE('',#1746,#1747,#936,.T.);
#2210=EDGE_CURVE('',#1747,#1748,#56,.T.);
#2211=EDGE_CURVE('',#1748,#1745,#937,.T.);
#2212=EDGE_CURVE('',#1749,#1750,#938,.T.);
#2213=EDGE_CURVE('',#1750,#1751,#57,.T.);
#2214=EDGE_CURVE('',#1751,#1752,#939,.T.);
#2215=EDGE_CURVE('',#1752,#1749,#58,.T.);
#2216=EDGE_CURVE('',#1753,#1754,#59,.T.);
#2217=EDGE_CURVE('',#1754,#1755,#940,.T.);
#2218=EDGE_CURVE('',#1755,#1756,#60,.T.);
#2219=EDGE_CURVE('',#1756,#1753,#941,.T.);
#2220=EDGE_CURVE('',#1757,#1758,#942,.T.);
#2221=EDGE_CURVE('',#1758,#1759,#61,.T.);
#2222=EDGE_CURVE('',#1759,#1760,#943,.T.);
#2223=EDGE_CURVE('',#1760,#1757,#62,.T.);
#2224=EDGE_CURVE('',#1757,#1761,#944,.T.);
#2225=EDGE_CURVE('',#1762,#1761,#945,.T.);
#2226=EDGE_CURVE('',#1758,#1762,#946,.T.);
#2227=EDGE_CURVE('',#1760,#1763,#947,.T.);
#2228=EDGE_CURVE('',#1761,#1763,#63,.T.);
#2229=EDGE_CURVE('',#1759,#1764,#948,.T.);
#2230=EDGE_CURVE('',#1763,#1764,#949,.T.);
#2231=EDGE_CURVE('',#1764,#1762,#64,.T.);
#2232=EDGE_CURVE('',#1753,#1765,#950,.T.);
#2233=EDGE_CURVE('',#1766,#1765,#65,.T.);
#2234=EDGE_CURVE('',#1754,#1766,#951,.T.);
#2235=EDGE_CURVE('',#1756,#1767,#952,.T.);
#2236=EDGE_CURVE('',#1765,#1767,#953,.T.);
#2237=EDGE_CURVE('',#1755,#1768,#954,.T.);
#2238=EDGE_CURVE('',#1767,#1768,#66,.T.);
#2239=EDGE_CURVE('',#1768,#1766,#955,.T.);
#2240=EDGE_CURVE('',#1749,#1769,#956,.T.);
#2241=EDGE_CURVE('',#1770,#1769,#957,.T.);
#2242=EDGE_CURVE('',#1750,#1770,#958,.T.);
#2243=EDGE_CURVE('',#1752,#1771,#959,.T.);
#2244=EDGE_CURVE('',#1769,#1771,#67,.T.);
#2245=EDGE_CURVE('',#1751,#1772,#960,.T.);
#2246=EDGE_CURVE('',#1771,#1772,#961,.T.);
#2247=EDGE_CURVE('',#1772,#1770,#68,.T.);
#2248=EDGE_CURVE('',#1745,#1773,#962,.T.);
#2249=EDGE_CURVE('',#1774,#1773,#69,.T.);
#2250=EDGE_CURVE('',#1746,#1774,#963,.T.);
#2251=EDGE_CURVE('',#1748,#1775,#964,.T.);
#2252=EDGE_CURVE('',#1773,#1775,#965,.T.);
#2253=EDGE_CURVE('',#1747,#1776,#966,.T.);
#2254=EDGE_CURVE('',#1775,#1776,#70,.T.);
#2255=EDGE_CURVE('',#1776,#1774,#967,.T.);
#2256=EDGE_CURVE('',#1741,#1777,#968,.T.);
#2257=EDGE_CURVE('',#1778,#1777,#71,.T.);
#2258=EDGE_CURVE('',#1742,#1778,#969,.T.);
#2259=EDGE_CURVE('',#1744,#1779,#970,.T.);
#2260=EDGE_CURVE('',#1777,#1779,#971,.T.);
#2261=EDGE_CURVE('',#1743,#1780,#972,.T.);
#2262=EDGE_CURVE('',#1779,#1780,#72,.T.);
#2263=EDGE_CURVE('',#1780,#1778,#973,.T.);
#2264=EDGE_CURVE('',#1737,#1781,#974,.T.);
#2265=EDGE_CURVE('',#1782,#1781,#975,.T.);
#2266=EDGE_CURVE('',#1738,#1782,#976,.T.);
#2267=EDGE_CURVE('',#1740,#1783,#977,.T.);
#2268=EDGE_CURVE('',#1781,#1783,#73,.T.);
#2269=EDGE_CURVE('',#1739,#1784,#978,.T.);
#2270=EDGE_CURVE('',#1783,#1784,#979,.T.);
#2271=EDGE_CURVE('',#1784,#1782,#74,.T.);
#2272=EDGE_CURVE('',#1733,#1785,#980,.T.);
#2273=EDGE_CURVE('',#1786,#1785,#75,.T.);
#2274=EDGE_CURVE('',#1734,#1786,#981,.T.);
#2275=EDGE_CURVE('',#1736,#1787,#982,.T.);
#2276=EDGE_CURVE('',#1785,#1787,#983,.T.);
#2277=EDGE_CURVE('',#1735,#1788,#984,.T.);
#2278=EDGE_CURVE('',#1787,#1788,#76,.T.);
#2279=EDGE_CURVE('',#1788,#1786,#985,.T.);
#2280=EDGE_CURVE('',#1729,#1789,#986,.T.);
#2281=EDGE_CURVE('',#1790,#1789,#77,.T.);
#2282=EDGE_CURVE('',#1730,#1790,#987,.T.);
#2283=EDGE_CURVE('',#1732,#1791,#988,.T.);
#2284=EDGE_CURVE('',#1789,#1791,#989,.T.);
#2285=EDGE_CURVE('',#1731,#1792,#990,.T.);
#2286=EDGE_CURVE('',#1791,#1792,#78,.T.);
#2287=EDGE_CURVE('',#1792,#1790,#991,.T.);
#2288=EDGE_CURVE('',#1793,#1793,#79,.T.);
#2289=EDGE_CURVE('',#1793,#1728,#992,.T.);
#2290=EDGE_CURVE('',#1718,#1794,#993,.T.);
#2291=EDGE_CURVE('',#1794,#1795,#80,.T.);
#2292=EDGE_CURVE('',#1795,#1717,#994,.T.);
#2293=EDGE_CURVE('',#1796,#1795,#995,.T.);
#2294=EDGE_CURVE('',#1719,#1796,#996,.T.);
#2295=EDGE_CURVE('',#1794,#1797,#997,.T.);
#2296=EDGE_CURVE('',#1798,#1797,#81,.T.);
#2297=EDGE_CURVE('',#1798,#1799,#998,.T.);
#2298=EDGE_CURVE('',#1800,#1799,#82,.T.);
#2299=EDGE_CURVE('',#1800,#1801,#999,.T.);
#2300=EDGE_CURVE('',#1796,#1801,#83,.T.);
#2301=EDGE_CURVE('',#1802,#1802,#84,.T.);
#2302=EDGE_CURVE('',#1803,#1803,#85,.T.);
#2303=EDGE_CURVE('',#1804,#1804,#86,.T.);
#2304=EDGE_CURVE('',#1801,#1720,#1000,.T.);
#2305=EDGE_CURVE('',#1721,#1800,#1001,.T.);
#2306=EDGE_CURVE('',#1799,#1722,#1002,.T.);
#2307=EDGE_CURVE('',#1723,#1798,#1003,.T.);
#2308=EDGE_CURVE('',#1797,#1724,#1004,.T.);
#2309=EDGE_CURVE('',#1725,#1804,#1005,.T.);
#2310=EDGE_CURVE('',#1726,#1803,#1006,.T.);
#2311=EDGE_CURVE('',#1727,#1802,#1007,.T.);
#2312=ORIENTED_EDGE('',*,*,#1805,.F.);
#2313=ORIENTED_EDGE('',*,*,#1806,.T.);
#2314=ORIENTED_EDGE('',*,*,#1807,.T.);
#2315=ORIENTED_EDGE('',*,*,#1808,.F.);
#2316=ORIENTED_EDGE('',*,*,#1809,.F.);
#2317=ORIENTED_EDGE('',*,*,#1810,.T.);
#2318=ORIENTED_EDGE('',*,*,#1811,.T.);
#2319=ORIENTED_EDGE('',*,*,#1806,.F.);
#2320=ORIENTED_EDGE('',*,*,#1812,.F.);
#2321=ORIENTED_EDGE('',*,*,#1813,.T.);
#2322=ORIENTED_EDGE('',*,*,#1814,.T.);
#2323=ORIENTED_EDGE('',*,*,#1810,.F.);
#2324=ORIENTED_EDGE('',*,*,#1815,.F.);
#2325=ORIENTED_EDGE('',*,*,#1816,.T.);
#2326=ORIENTED_EDGE('',*,*,#1817,.T.);
#2327=ORIENTED_EDGE('',*,*,#1813,.F.);
#2328=ORIENTED_EDGE('',*,*,#1818,.F.);
#2329=ORIENTED_EDGE('',*,*,#1819,.T.);
#2330=ORIENTED_EDGE('',*,*,#1820,.T.);
#2331=ORIENTED_EDGE('',*,*,#1816,.F.);
#2332=ORIENTED_EDGE('',*,*,#1821,.F.);
#2333=ORIENTED_EDGE('',*,*,#1822,.T.);
#2334=ORIENTED_EDGE('',*,*,#1823,.T.);
#2335=ORIENTED_EDGE('',*,*,#1819,.F.);
#2336=ORIENTED_EDGE('',*,*,#1824,.F.);
#2337=ORIENTED_EDGE('',*,*,#1825,.T.);
#2338=ORIENTED_EDGE('',*,*,#1826,.T.);
#2339=ORIENTED_EDGE('',*,*,#1822,.F.);
#2340=ORIENTED_EDGE('',*,*,#1827,.F.);
#2341=ORIENTED_EDGE('',*,*,#1828,.T.);
#2342=ORIENTED_EDGE('',*,*,#1829,.T.);
#2343=ORIENTED_EDGE('',*,*,#1825,.F.);
#2344=ORIENTED_EDGE('',*,*,#1830,.F.);
#2345=ORIENTED_EDGE('',*,*,#1831,.T.);
#2346=ORIENTED_EDGE('',*,*,#1832,.T.);
#2347=ORIENTED_EDGE('',*,*,#1828,.F.);
#2348=ORIENTED_EDGE('',*,*,#1833,.F.);
#2349=ORIENTED_EDGE('',*,*,#1808,.T.);
#2350=ORIENTED_EDGE('',*,*,#1834,.T.);
#2351=ORIENTED_EDGE('',*,*,#1831,.F.);
#2352=ORIENTED_EDGE('',*,*,#1835,.F.);
#2353=ORIENTED_EDGE('',*,*,#1836,.T.);
#2354=ORIENTED_EDGE('',*,*,#1837,.T.);
#2355=ORIENTED_EDGE('',*,*,#1838,.F.);
#2356=ORIENTED_EDGE('',*,*,#1839,.F.);
#2357=ORIENTED_EDGE('',*,*,#1840,.T.);
#2358=ORIENTED_EDGE('',*,*,#1841,.T.);
#2359=ORIENTED_EDGE('',*,*,#1836,.F.);
#2360=ORIENTED_EDGE('',*,*,#1842,.F.);
#2361=ORIENTED_EDGE('',*,*,#1843,.T.);
#2362=ORIENTED_EDGE('',*,*,#1844,.T.);
#2363=ORIENTED_EDGE('',*,*,#1840,.F.);
#2364=ORIENTED_EDGE('',*,*,#1845,.F.);
#2365=ORIENTED_EDGE('',*,*,#1846,.T.);
#2366=ORIENTED_EDGE('',*,*,#1847,.T.);
#2367=ORIENTED_EDGE('',*,*,#1843,.F.);
#2368=ORIENTED_EDGE('',*,*,#1848,.F.);
#2369=ORIENTED_EDGE('',*,*,#1849,.T.);
#2370=ORIENTED_EDGE('',*,*,#1850,.T.);
#2371=ORIENTED_EDGE('',*,*,#1846,.F.);
#2372=ORIENTED_EDGE('',*,*,#1851,.F.);
#2373=ORIENTED_EDGE('',*,*,#1852,.T.);
#2374=ORIENTED_EDGE('',*,*,#1853,.T.);
#2375=ORIENTED_EDGE('',*,*,#1849,.F.);
#2376=ORIENTED_EDGE('',*,*,#1854,.F.);
#2377=ORIENTED_EDGE('',*,*,#1855,.T.);
#2378=ORIENTED_EDGE('',*,*,#1856,.T.);
#2379=ORIENTED_EDGE('',*,*,#1852,.F.);
#2380=ORIENTED_EDGE('',*,*,#1857,.F.);
#2381=ORIENTED_EDGE('',*,*,#1858,.T.);
#2382=ORIENTED_EDGE('',*,*,#1859,.T.);
#2383=ORIENTED_EDGE('',*,*,#1855,.F.);
#2384=ORIENTED_EDGE('',*,*,#1860,.F.);
#2385=ORIENTED_EDGE('',*,*,#1861,.T.);
#2386=ORIENTED_EDGE('',*,*,#1862,.T.);
#2387=ORIENTED_EDGE('',*,*,#1858,.F.);
#2388=ORIENTED_EDGE('',*,*,#1863,.F.);
#2389=ORIENTED_EDGE('',*,*,#1864,.T.);
#2390=ORIENTED_EDGE('',*,*,#1865,.T.);
#2391=ORIENTED_EDGE('',*,*,#1861,.F.);
#2392=ORIENTED_EDGE('',*,*,#1866,.F.);
#2393=ORIENTED_EDGE('',*,*,#1867,.T.);
#2394=ORIENTED_EDGE('',*,*,#1868,.T.);
#2395=ORIENTED_EDGE('',*,*,#1864,.F.);
#2396=ORIENTED_EDGE('',*,*,#1869,.F.);
#2397=ORIENTED_EDGE('',*,*,#1870,.T.);
#2398=ORIENTED_EDGE('',*,*,#1871,.T.);
#2399=ORIENTED_EDGE('',*,*,#1867,.F.);
#2400=ORIENTED_EDGE('',*,*,#1872,.F.);
#2401=ORIENTED_EDGE('',*,*,#1873,.T.);
#2402=ORIENTED_EDGE('',*,*,#1874,.T.);
#2403=ORIENTED_EDGE('',*,*,#1870,.F.);
#2404=ORIENTED_EDGE('',*,*,#1875,.F.);
#2405=ORIENTED_EDGE('',*,*,#1838,.T.);
#2406=ORIENTED_EDGE('',*,*,#1876,.T.);
#2407=ORIENTED_EDGE('',*,*,#1873,.F.);
#2408=ORIENTED_EDGE('',*,*,#1876,.F.);
#2409=ORIENTED_EDGE('',*,*,#1837,.F.);
#2410=ORIENTED_EDGE('',*,*,#1841,.F.);
#2411=ORIENTED_EDGE('',*,*,#1844,.F.);
#2412=ORIENTED_EDGE('',*,*,#1847,.F.);
#2413=ORIENTED_EDGE('',*,*,#1850,.F.);
#2414=ORIENTED_EDGE('',*,*,#1853,.F.);
#2415=ORIENTED_EDGE('',*,*,#1856,.F.);
#2416=ORIENTED_EDGE('',*,*,#1859,.F.);
#2417=ORIENTED_EDGE('',*,*,#1862,.F.);
#2418=ORIENTED_EDGE('',*,*,#1865,.F.);
#2419=ORIENTED_EDGE('',*,*,#1868,.F.);
#2420=ORIENTED_EDGE('',*,*,#1871,.F.);
#2421=ORIENTED_EDGE('',*,*,#1874,.F.);
#2422=ORIENTED_EDGE('',*,*,#1834,.F.);
#2423=ORIENTED_EDGE('',*,*,#1807,.F.);
#2424=ORIENTED_EDGE('',*,*,#1811,.F.);
#2425=ORIENTED_EDGE('',*,*,#1814,.F.);
#2426=ORIENTED_EDGE('',*,*,#1817,.F.);
#2427=ORIENTED_EDGE('',*,*,#1820,.F.);
#2428=ORIENTED_EDGE('',*,*,#1823,.F.);
#2429=ORIENTED_EDGE('',*,*,#1826,.F.);
#2430=ORIENTED_EDGE('',*,*,#1829,.F.);
#2431=ORIENTED_EDGE('',*,*,#1832,.F.);
#2432=ORIENTED_EDGE('',*,*,#1877,.F.);
#2433=ORIENTED_EDGE('',*,*,#1878,.T.);
#2434=ORIENTED_EDGE('',*,*,#1879,.T.);
#2435=ORIENTED_EDGE('',*,*,#1880,.F.);
#2436=ORIENTED_EDGE('',*,*,#1881,.F.);
#2437=ORIENTED_EDGE('',*,*,#1882,.T.);
#2438=ORIENTED_EDGE('',*,*,#1883,.T.);
#2439=ORIENTED_EDGE('',*,*,#1878,.F.);
#2440=ORIENTED_EDGE('',*,*,#1884,.F.);
#2441=ORIENTED_EDGE('',*,*,#1885,.T.);
#2442=ORIENTED_EDGE('',*,*,#1886,.T.);
#2443=ORIENTED_EDGE('',*,*,#1882,.F.);
#2444=ORIENTED_EDGE('',*,*,#1887,.F.);
#2445=ORIENTED_EDGE('',*,*,#1888,.T.);
#2446=ORIENTED_EDGE('',*,*,#1889,.T.);
#2447=ORIENTED_EDGE('',*,*,#1885,.F.);
#2448=ORIENTED_EDGE('',*,*,#1890,.F.);
#2449=ORIENTED_EDGE('',*,*,#1891,.T.);
#2450=ORIENTED_EDGE('',*,*,#1892,.T.);
#2451=ORIENTED_EDGE('',*,*,#1888,.F.);
#2452=ORIENTED_EDGE('',*,*,#1893,.F.);
#2453=ORIENTED_EDGE('',*,*,#1880,.T.);
#2454=ORIENTED_EDGE('',*,*,#1894,.T.);
#2455=ORIENTED_EDGE('',*,*,#1891,.F.);
#2456=ORIENTED_EDGE('',*,*,#1894,.F.);
#2457=ORIENTED_EDGE('',*,*,#1879,.F.);
#2458=ORIENTED_EDGE('',*,*,#1883,.F.);
#2459=ORIENTED_EDGE('',*,*,#1886,.F.);
#2460=ORIENTED_EDGE('',*,*,#1889,.F.);
#2461=ORIENTED_EDGE('',*,*,#1892,.F.);
#2462=ORIENTED_EDGE('',*,*,#1895,.F.);
#2463=ORIENTED_EDGE('',*,*,#1896,.T.);
#2464=ORIENTED_EDGE('',*,*,#1897,.T.);
#2465=ORIENTED_EDGE('',*,*,#1898,.F.);
#2466=ORIENTED_EDGE('',*,*,#1899,.F.);
#2467=ORIENTED_EDGE('',*,*,#1900,.T.);
#2468=ORIENTED_EDGE('',*,*,#1901,.T.);
#2469=ORIENTED_EDGE('',*,*,#1896,.F.);
#2470=ORIENTED_EDGE('',*,*,#1902,.F.);
#2471=ORIENTED_EDGE('',*,*,#1903,.T.);
#2472=ORIENTED_EDGE('',*,*,#1904,.T.);
#2473=ORIENTED_EDGE('',*,*,#1900,.F.);
#2474=ORIENTED_EDGE('',*,*,#1905,.F.);
#2475=ORIENTED_EDGE('',*,*,#1906,.T.);
#2476=ORIENTED_EDGE('',*,*,#1907,.T.);
#2477=ORIENTED_EDGE('',*,*,#1903,.F.);
#2478=ORIENTED_EDGE('',*,*,#1908,.F.);
#2479=ORIENTED_EDGE('',*,*,#1909,.T.);
#2480=ORIENTED_EDGE('',*,*,#1910,.T.);
#2481=ORIENTED_EDGE('',*,*,#1906,.F.);
#2482=ORIENTED_EDGE('',*,*,#1911,.F.);
#2483=ORIENTED_EDGE('',*,*,#1912,.T.);
#2484=ORIENTED_EDGE('',*,*,#1913,.T.);
#2485=ORIENTED_EDGE('',*,*,#1909,.F.);
#2486=ORIENTED_EDGE('',*,*,#1914,.F.);
#2487=ORIENTED_EDGE('',*,*,#1915,.T.);
#2488=ORIENTED_EDGE('',*,*,#1916,.T.);
#2489=ORIENTED_EDGE('',*,*,#1912,.F.);
#2490=ORIENTED_EDGE('',*,*,#1917,.F.);
#2491=ORIENTED_EDGE('',*,*,#1918,.T.);
#2492=ORIENTED_EDGE('',*,*,#1919,.T.);
#2493=ORIENTED_EDGE('',*,*,#1915,.F.);
#2494=ORIENTED_EDGE('',*,*,#1920,.F.);
#2495=ORIENTED_EDGE('',*,*,#1921,.T.);
#2496=ORIENTED_EDGE('',*,*,#1922,.T.);
#2497=ORIENTED_EDGE('',*,*,#1918,.F.);
#2498=ORIENTED_EDGE('',*,*,#1923,.F.);
#2499=ORIENTED_EDGE('',*,*,#1924,.T.);
#2500=ORIENTED_EDGE('',*,*,#1925,.T.);
#2501=ORIENTED_EDGE('',*,*,#1921,.F.);
#2502=ORIENTED_EDGE('',*,*,#1926,.F.);
#2503=ORIENTED_EDGE('',*,*,#1927,.T.);
#2504=ORIENTED_EDGE('',*,*,#1928,.T.);
#2505=ORIENTED_EDGE('',*,*,#1924,.F.);
#2506=ORIENTED_EDGE('',*,*,#1929,.F.);
#2507=ORIENTED_EDGE('',*,*,#1898,.T.);
#2508=ORIENTED_EDGE('',*,*,#1930,.T.);
#2509=ORIENTED_EDGE('',*,*,#1927,.F.);
#2510=ORIENTED_EDGE('',*,*,#1930,.F.);
#2511=ORIENTED_EDGE('',*,*,#1897,.F.);
#2512=ORIENTED_EDGE('',*,*,#1901,.F.);
#2513=ORIENTED_EDGE('',*,*,#1904,.F.);
#2514=ORIENTED_EDGE('',*,*,#1907,.F.);
#2515=ORIENTED_EDGE('',*,*,#1910,.F.);
#2516=ORIENTED_EDGE('',*,*,#1913,.F.);
#2517=ORIENTED_EDGE('',*,*,#1916,.F.);
#2518=ORIENTED_EDGE('',*,*,#1919,.F.);
#2519=ORIENTED_EDGE('',*,*,#1922,.F.);
#2520=ORIENTED_EDGE('',*,*,#1925,.F.);
#2521=ORIENTED_EDGE('',*,*,#1928,.F.);
#2522=ORIENTED_EDGE('',*,*,#1931,.F.);
#2523=ORIENTED_EDGE('',*,*,#1932,.T.);
#2524=ORIENTED_EDGE('',*,*,#1933,.T.);
#2525=ORIENTED_EDGE('',*,*,#1934,.F.);
#2526=ORIENTED_EDGE('',*,*,#1935,.F.);
#2527=ORIENTED_EDGE('',*,*,#1936,.T.);
#2528=ORIENTED_EDGE('',*,*,#1937,.T.);
#2529=ORIENTED_EDGE('',*,*,#1932,.F.);
#2530=ORIENTED_EDGE('',*,*,#1938,.F.);
#2531=ORIENTED_EDGE('',*,*,#1939,.T.);
#2532=ORIENTED_EDGE('',*,*,#1940,.T.);
#2533=ORIENTED_EDGE('',*,*,#1936,.F.);
#2534=ORIENTED_EDGE('',*,*,#1941,.F.);
#2535=ORIENTED_EDGE('',*,*,#1942,.T.);
#2536=ORIENTED_EDGE('',*,*,#1943,.T.);
#2537=ORIENTED_EDGE('',*,*,#1939,.F.);
#2538=ORIENTED_EDGE('',*,*,#1944,.F.);
#2539=ORIENTED_EDGE('',*,*,#1945,.T.);
#2540=ORIENTED_EDGE('',*,*,#1946,.T.);
#2541=ORIENTED_EDGE('',*,*,#1942,.F.);
#2542=ORIENTED_EDGE('',*,*,#1947,.F.);
#2543=ORIENTED_EDGE('',*,*,#1948,.T.);
#2544=ORIENTED_EDGE('',*,*,#1949,.T.);
#2545=ORIENTED_EDGE('',*,*,#1945,.F.);
#2546=ORIENTED_EDGE('',*,*,#1950,.F.);
#2547=ORIENTED_EDGE('',*,*,#1951,.T.);
#2548=ORIENTED_EDGE('',*,*,#1952,.T.);
#2549=ORIENTED_EDGE('',*,*,#1948,.F.);
#2550=ORIENTED_EDGE('',*,*,#1953,.F.);
#2551=ORIENTED_EDGE('',*,*,#1954,.T.);
#2552=ORIENTED_EDGE('',*,*,#1955,.T.);
#2553=ORIENTED_EDGE('',*,*,#1951,.F.);
#2554=ORIENTED_EDGE('',*,*,#1956,.F.);
#2555=ORIENTED_EDGE('',*,*,#1957,.T.);
#2556=ORIENTED_EDGE('',*,*,#1958,.T.);
#2557=ORIENTED_EDGE('',*,*,#1954,.F.);
#2558=ORIENTED_EDGE('',*,*,#1959,.F.);
#2559=ORIENTED_EDGE('',*,*,#1960,.T.);
#2560=ORIENTED_EDGE('',*,*,#1961,.T.);
#2561=ORIENTED_EDGE('',*,*,#1957,.F.);
#2562=ORIENTED_EDGE('',*,*,#1962,.F.);
#2563=ORIENTED_EDGE('',*,*,#1934,.T.);
#2564=ORIENTED_EDGE('',*,*,#1963,.T.);
#2565=ORIENTED_EDGE('',*,*,#1960,.F.);
#2566=ORIENTED_EDGE('',*,*,#1963,.F.);
#2567=ORIENTED_EDGE('',*,*,#1933,.F.);
#2568=ORIENTED_EDGE('',*,*,#1937,.F.);
#2569=ORIENTED_EDGE('',*,*,#1940,.F.);
#2570=ORIENTED_EDGE('',*,*,#1943,.F.);
#2571=ORIENTED_EDGE('',*,*,#1946,.F.);
#2572=ORIENTED_EDGE('',*,*,#1949,.F.);
#2573=ORIENTED_EDGE('',*,*,#1952,.F.);
#2574=ORIENTED_EDGE('',*,*,#1955,.F.);
#2575=ORIENTED_EDGE('',*,*,#1958,.F.);
#2576=ORIENTED_EDGE('',*,*,#1961,.F.);
#2577=ORIENTED_EDGE('',*,*,#1964,.F.);
#2578=ORIENTED_EDGE('',*,*,#1965,.T.);
#2579=ORIENTED_EDGE('',*,*,#1966,.T.);
#2580=ORIENTED_EDGE('',*,*,#1967,.F.);
#2581=ORIENTED_EDGE('',*,*,#1968,.F.);
#2582=ORIENTED_EDGE('',*,*,#1969,.T.);
#2583=ORIENTED_EDGE('',*,*,#1970,.T.);
#2584=ORIENTED_EDGE('',*,*,#1965,.F.);
#2585=ORIENTED_EDGE('',*,*,#1971,.F.);
#2586=ORIENTED_EDGE('',*,*,#1972,.T.);
#2587=ORIENTED_EDGE('',*,*,#1973,.T.);
#2588=ORIENTED_EDGE('',*,*,#1969,.F.);
#2589=ORIENTED_EDGE('',*,*,#1974,.F.);
#2590=ORIENTED_EDGE('',*,*,#1975,.T.);
#2591=ORIENTED_EDGE('',*,*,#1976,.T.);
#2592=ORIENTED_EDGE('',*,*,#1972,.F.);
#2593=ORIENTED_EDGE('',*,*,#1977,.F.);
#2594=ORIENTED_EDGE('',*,*,#1978,.T.);
#2595=ORIENTED_EDGE('',*,*,#1979,.T.);
#2596=ORIENTED_EDGE('',*,*,#1975,.F.);
#2597=ORIENTED_EDGE('',*,*,#1980,.F.);
#2598=ORIENTED_EDGE('',*,*,#1981,.T.);
#2599=ORIENTED_EDGE('',*,*,#1982,.T.);
#2600=ORIENTED_EDGE('',*,*,#1978,.F.);
#2601=ORIENTED_EDGE('',*,*,#1983,.F.);
#2602=ORIENTED_EDGE('',*,*,#1984,.T.);
#2603=ORIENTED_EDGE('',*,*,#1985,.T.);
#2604=ORIENTED_EDGE('',*,*,#1981,.F.);
#2605=ORIENTED_EDGE('',*,*,#1986,.F.);
#2606=ORIENTED_EDGE('',*,*,#1987,.T.);
#2607=ORIENTED_EDGE('',*,*,#1988,.T.);
#2608=ORIENTED_EDGE('',*,*,#1984,.F.);
#2609=ORIENTED_EDGE('',*,*,#1989,.F.);
#2610=ORIENTED_EDGE('',*,*,#1990,.T.);
#2611=ORIENTED_EDGE('',*,*,#1991,.T.);
#2612=ORIENTED_EDGE('',*,*,#1987,.F.);
#2613=ORIENTED_EDGE('',*,*,#1992,.F.);
#2614=ORIENTED_EDGE('',*,*,#1993,.T.);
#2615=ORIENTED_EDGE('',*,*,#1994,.T.);
#2616=ORIENTED_EDGE('',*,*,#1990,.F.);
#2617=ORIENTED_EDGE('',*,*,#1995,.F.);
#2618=ORIENTED_EDGE('',*,*,#1996,.T.);
#2619=ORIENTED_EDGE('',*,*,#1997,.T.);
#2620=ORIENTED_EDGE('',*,*,#1993,.F.);
#2621=ORIENTED_EDGE('',*,*,#1998,.F.);
#2622=ORIENTED_EDGE('',*,*,#1999,.T.);
#2623=ORIENTED_EDGE('',*,*,#2000,.T.);
#2624=ORIENTED_EDGE('',*,*,#1996,.F.);
#2625=ORIENTED_EDGE('',*,*,#2001,.F.);
#2626=ORIENTED_EDGE('',*,*,#2002,.T.);
#2627=ORIENTED_EDGE('',*,*,#2003,.T.);
#2628=ORIENTED_EDGE('',*,*,#1999,.F.);
#2629=ORIENTED_EDGE('',*,*,#2004,.F.);
#2630=ORIENTED_EDGE('',*,*,#2005,.T.);
#2631=ORIENTED_EDGE('',*,*,#2006,.T.);
#2632=ORIENTED_EDGE('',*,*,#2002,.F.);
#2633=ORIENTED_EDGE('',*,*,#2007,.F.);
#2634=ORIENTED_EDGE('',*,*,#2008,.T.);
#2635=ORIENTED_EDGE('',*,*,#2009,.T.);
#2636=ORIENTED_EDGE('',*,*,#2005,.F.);
#2637=ORIENTED_EDGE('',*,*,#2010,.F.);
#2638=ORIENTED_EDGE('',*,*,#2011,.T.);
#2639=ORIENTED_EDGE('',*,*,#2012,.T.);
#2640=ORIENTED_EDGE('',*,*,#2008,.F.);
#2641=ORIENTED_EDGE('',*,*,#2013,.F.);
#2642=ORIENTED_EDGE('',*,*,#2014,.T.);
#2643=ORIENTED_EDGE('',*,*,#2015,.T.);
#2644=ORIENTED_EDGE('',*,*,#2011,.F.);
#2645=ORIENTED_EDGE('',*,*,#2016,.F.);
#2646=ORIENTED_EDGE('',*,*,#2017,.T.);
#2647=ORIENTED_EDGE('',*,*,#2018,.T.);
#2648=ORIENTED_EDGE('',*,*,#2014,.F.);
#2649=ORIENTED_EDGE('',*,*,#2019,.F.);
#2650=ORIENTED_EDGE('',*,*,#2020,.T.);
#2651=ORIENTED_EDGE('',*,*,#2021,.T.);
#2652=ORIENTED_EDGE('',*,*,#2017,.F.);
#2653=ORIENTED_EDGE('',*,*,#2022,.F.);
#2654=ORIENTED_EDGE('',*,*,#2023,.T.);
#2655=ORIENTED_EDGE('',*,*,#2024,.T.);
#2656=ORIENTED_EDGE('',*,*,#2020,.F.);
#2657=ORIENTED_EDGE('',*,*,#2025,.F.);
#2658=ORIENTED_EDGE('',*,*,#2026,.T.);
#2659=ORIENTED_EDGE('',*,*,#2027,.T.);
#2660=ORIENTED_EDGE('',*,*,#2023,.F.);
#2661=ORIENTED_EDGE('',*,*,#2028,.F.);
#2662=ORIENTED_EDGE('',*,*,#2029,.T.);
#2663=ORIENTED_EDGE('',*,*,#2030,.T.);
#2664=ORIENTED_EDGE('',*,*,#2026,.F.);
#2665=ORIENTED_EDGE('',*,*,#2031,.F.);
#2666=ORIENTED_EDGE('',*,*,#2032,.T.);
#2667=ORIENTED_EDGE('',*,*,#2033,.T.);
#2668=ORIENTED_EDGE('',*,*,#2029,.F.);
#2669=ORIENTED_EDGE('',*,*,#2034,.F.);
#2670=ORIENTED_EDGE('',*,*,#2035,.T.);
#2671=ORIENTED_EDGE('',*,*,#2036,.T.);
#2672=ORIENTED_EDGE('',*,*,#2032,.F.);
#2673=ORIENTED_EDGE('',*,*,#2037,.F.);
#2674=ORIENTED_EDGE('',*,*,#2038,.T.);
#2675=ORIENTED_EDGE('',*,*,#2039,.T.);
#2676=ORIENTED_EDGE('',*,*,#2035,.F.);
#2677=ORIENTED_EDGE('',*,*,#2040,.F.);
#2678=ORIENTED_EDGE('',*,*,#1967,.T.);
#2679=ORIENTED_EDGE('',*,*,#2041,.T.);
#2680=ORIENTED_EDGE('',*,*,#2038,.F.);
#2681=ORIENTED_EDGE('',*,*,#2041,.F.);
#2682=ORIENTED_EDGE('',*,*,#1966,.F.);
#2683=ORIENTED_EDGE('',*,*,#1970,.F.);
#2684=ORIENTED_EDGE('',*,*,#1973,.F.);
#2685=ORIENTED_EDGE('',*,*,#1976,.F.);
#2686=ORIENTED_EDGE('',*,*,#1979,.F.);
#2687=ORIENTED_EDGE('',*,*,#1982,.F.);
#2688=ORIENTED_EDGE('',*,*,#1985,.F.);
#2689=ORIENTED_EDGE('',*,*,#1988,.F.);
#2690=ORIENTED_EDGE('',*,*,#1991,.F.);
#2691=ORIENTED_EDGE('',*,*,#1994,.F.);
#2692=ORIENTED_EDGE('',*,*,#1997,.F.);
#2693=ORIENTED_EDGE('',*,*,#2000,.F.);
#2694=ORIENTED_EDGE('',*,*,#2003,.F.);
#2695=ORIENTED_EDGE('',*,*,#2006,.F.);
#2696=ORIENTED_EDGE('',*,*,#2009,.F.);
#2697=ORIENTED_EDGE('',*,*,#2012,.F.);
#2698=ORIENTED_EDGE('',*,*,#2015,.F.);
#2699=ORIENTED_EDGE('',*,*,#2018,.F.);
#2700=ORIENTED_EDGE('',*,*,#2021,.F.);
#2701=ORIENTED_EDGE('',*,*,#2024,.F.);
#2702=ORIENTED_EDGE('',*,*,#2027,.F.);
#2703=ORIENTED_EDGE('',*,*,#2030,.F.);
#2704=ORIENTED_EDGE('',*,*,#2033,.F.);
#2705=ORIENTED_EDGE('',*,*,#2036,.F.);
#2706=ORIENTED_EDGE('',*,*,#2039,.F.);
#2707=ORIENTED_EDGE('',*,*,#2042,.F.);
#2708=ORIENTED_EDGE('',*,*,#2043,.T.);
#2709=ORIENTED_EDGE('',*,*,#2044,.T.);
#2710=ORIENTED_EDGE('',*,*,#2045,.F.);
#2711=ORIENTED_EDGE('',*,*,#2046,.F.);
#2712=ORIENTED_EDGE('',*,*,#2047,.T.);
#2713=ORIENTED_EDGE('',*,*,#2048,.T.);
#2714=ORIENTED_EDGE('',*,*,#2043,.F.);
#2715=ORIENTED_EDGE('',*,*,#2049,.F.);
#2716=ORIENTED_EDGE('',*,*,#2050,.T.);
#2717=ORIENTED_EDGE('',*,*,#2051,.T.);
#2718=ORIENTED_EDGE('',*,*,#2047,.F.);
#2719=ORIENTED_EDGE('',*,*,#2052,.F.);
#2720=ORIENTED_EDGE('',*,*,#2053,.T.);
#2721=ORIENTED_EDGE('',*,*,#2054,.T.);
#2722=ORIENTED_EDGE('',*,*,#2050,.F.);
#2723=ORIENTED_EDGE('',*,*,#2055,.F.);
#2724=ORIENTED_EDGE('',*,*,#2056,.T.);
#2725=ORIENTED_EDGE('',*,*,#2057,.T.);
#2726=ORIENTED_EDGE('',*,*,#2053,.F.);
#2727=ORIENTED_EDGE('',*,*,#2058,.F.);
#2728=ORIENTED_EDGE('',*,*,#2059,.T.);
#2729=ORIENTED_EDGE('',*,*,#2060,.T.);
#2730=ORIENTED_EDGE('',*,*,#2056,.F.);
#2731=ORIENTED_EDGE('',*,*,#2061,.F.);
#2732=ORIENTED_EDGE('',*,*,#2062,.T.);
#2733=ORIENTED_EDGE('',*,*,#2063,.T.);
#2734=ORIENTED_EDGE('',*,*,#2059,.F.);
#2735=ORIENTED_EDGE('',*,*,#2064,.F.);
#2736=ORIENTED_EDGE('',*,*,#2045,.T.);
#2737=ORIENTED_EDGE('',*,*,#2065,.T.);
#2738=ORIENTED_EDGE('',*,*,#2062,.F.);
#2739=ORIENTED_EDGE('',*,*,#2066,.F.);
#2740=ORIENTED_EDGE('',*,*,#2067,.T.);
#2741=ORIENTED_EDGE('',*,*,#2068,.T.);
#2742=ORIENTED_EDGE('',*,*,#2069,.F.);
#2743=ORIENTED_EDGE('',*,*,#2070,.F.);
#2744=ORIENTED_EDGE('',*,*,#2071,.T.);
#2745=ORIENTED_EDGE('',*,*,#2072,.T.);
#2746=ORIENTED_EDGE('',*,*,#2067,.F.);
#2747=ORIENTED_EDGE('',*,*,#2073,.F.);
#2748=ORIENTED_EDGE('',*,*,#2074,.T.);
#2749=ORIENTED_EDGE('',*,*,#2075,.T.);
#2750=ORIENTED_EDGE('',*,*,#2071,.F.);
#2751=ORIENTED_EDGE('',*,*,#2076,.F.);
#2752=ORIENTED_EDGE('',*,*,#2077,.T.);
#2753=ORIENTED_EDGE('',*,*,#2078,.T.);
#2754=ORIENTED_EDGE('',*,*,#2074,.F.);
#2755=ORIENTED_EDGE('',*,*,#2079,.F.);
#2756=ORIENTED_EDGE('',*,*,#2080,.T.);
#2757=ORIENTED_EDGE('',*,*,#2081,.T.);
#2758=ORIENTED_EDGE('',*,*,#2077,.F.);
#2759=ORIENTED_EDGE('',*,*,#2082,.F.);
#2760=ORIENTED_EDGE('',*,*,#2083,.T.);
#2761=ORIENTED_EDGE('',*,*,#2084,.T.);
#2762=ORIENTED_EDGE('',*,*,#2080,.F.);
#2763=ORIENTED_EDGE('',*,*,#2085,.F.);
#2764=ORIENTED_EDGE('',*,*,#2086,.T.);
#2765=ORIENTED_EDGE('',*,*,#2087,.T.);
#2766=ORIENTED_EDGE('',*,*,#2083,.F.);
#2767=ORIENTED_EDGE('',*,*,#2088,.F.);
#2768=ORIENTED_EDGE('',*,*,#2069,.T.);
#2769=ORIENTED_EDGE('',*,*,#2089,.T.);
#2770=ORIENTED_EDGE('',*,*,#2086,.F.);
#2771=ORIENTED_EDGE('',*,*,#2089,.F.);
#2772=ORIENTED_EDGE('',*,*,#2068,.F.);
#2773=ORIENTED_EDGE('',*,*,#2072,.F.);
#2774=ORIENTED_EDGE('',*,*,#2075,.F.);
#2775=ORIENTED_EDGE('',*,*,#2078,.F.);
#2776=ORIENTED_EDGE('',*,*,#2081,.F.);
#2777=ORIENTED_EDGE('',*,*,#2084,.F.);
#2778=ORIENTED_EDGE('',*,*,#2087,.F.);
#2779=ORIENTED_EDGE('',*,*,#2065,.F.);
#2780=ORIENTED_EDGE('',*,*,#2044,.F.);
#2781=ORIENTED_EDGE('',*,*,#2048,.F.);
#2782=ORIENTED_EDGE('',*,*,#2051,.F.);
#2783=ORIENTED_EDGE('',*,*,#2054,.F.);
#2784=ORIENTED_EDGE('',*,*,#2057,.F.);
#2785=ORIENTED_EDGE('',*,*,#2060,.F.);
#2786=ORIENTED_EDGE('',*,*,#2063,.F.);
#2787=ORIENTED_EDGE('',*,*,#2090,.F.);
#2788=ORIENTED_EDGE('',*,*,#2091,.T.);
#2789=ORIENTED_EDGE('',*,*,#2092,.T.);
#2790=ORIENTED_EDGE('',*,*,#2093,.F.);
#2791=ORIENTED_EDGE('',*,*,#2094,.F.);
#2792=ORIENTED_EDGE('',*,*,#2095,.T.);
#2793=ORIENTED_EDGE('',*,*,#2096,.T.);
#2794=ORIENTED_EDGE('',*,*,#2091,.F.);
#2795=ORIENTED_EDGE('',*,*,#2097,.F.);
#2796=ORIENTED_EDGE('',*,*,#2098,.T.);
#2797=ORIENTED_EDGE('',*,*,#2099,.T.);
#2798=ORIENTED_EDGE('',*,*,#2095,.F.);
#2799=ORIENTED_EDGE('',*,*,#2100,.F.);
#2800=ORIENTED_EDGE('',*,*,#2101,.T.);
#2801=ORIENTED_EDGE('',*,*,#2102,.T.);
#2802=ORIENTED_EDGE('',*,*,#2098,.F.);
#2803=ORIENTED_EDGE('',*,*,#2103,.F.);
#2804=ORIENTED_EDGE('',*,*,#2104,.T.);
#2805=ORIENTED_EDGE('',*,*,#2105,.T.);
#2806=ORIENTED_EDGE('',*,*,#2101,.F.);
#2807=ORIENTED_EDGE('',*,*,#2106,.F.);
#2808=ORIENTED_EDGE('',*,*,#2107,.T.);
#2809=ORIENTED_EDGE('',*,*,#2108,.T.);
#2810=ORIENTED_EDGE('',*,*,#2104,.F.);
#2811=ORIENTED_EDGE('',*,*,#2109,.F.);
#2812=ORIENTED_EDGE('',*,*,#2093,.T.);
#2813=ORIENTED_EDGE('',*,*,#2110,.T.);
#2814=ORIENTED_EDGE('',*,*,#2107,.F.);
#2815=ORIENTED_EDGE('',*,*,#2110,.F.);
#2816=ORIENTED_EDGE('',*,*,#2092,.F.);
#2817=ORIENTED_EDGE('',*,*,#2096,.F.);
#2818=ORIENTED_EDGE('',*,*,#2099,.F.);
#2819=ORIENTED_EDGE('',*,*,#2102,.F.);
#2820=ORIENTED_EDGE('',*,*,#2105,.F.);
#2821=ORIENTED_EDGE('',*,*,#2108,.F.);
#2822=ORIENTED_EDGE('',*,*,#2111,.F.);
#2823=ORIENTED_EDGE('',*,*,#2112,.T.);
#2824=ORIENTED_EDGE('',*,*,#2113,.T.);
#2825=ORIENTED_EDGE('',*,*,#2114,.F.);
#2826=ORIENTED_EDGE('',*,*,#2115,.F.);
#2827=ORIENTED_EDGE('',*,*,#2116,.T.);
#2828=ORIENTED_EDGE('',*,*,#2117,.T.);
#2829=ORIENTED_EDGE('',*,*,#2112,.F.);
#2830=ORIENTED_EDGE('',*,*,#2118,.F.);
#2831=ORIENTED_EDGE('',*,*,#2119,.T.);
#2832=ORIENTED_EDGE('',*,*,#2120,.T.);
#2833=ORIENTED_EDGE('',*,*,#2116,.F.);
#2834=ORIENTED_EDGE('',*,*,#2121,.F.);
#2835=ORIENTED_EDGE('',*,*,#2122,.T.);
#2836=ORIENTED_EDGE('',*,*,#2123,.T.);
#2837=ORIENTED_EDGE('',*,*,#2119,.F.);
#2838=ORIENTED_EDGE('',*,*,#2124,.F.);
#2839=ORIENTED_EDGE('',*,*,#2125,.T.);
#2840=ORIENTED_EDGE('',*,*,#2126,.T.);
#2841=ORIENTED_EDGE('',*,*,#2122,.F.);
#2842=ORIENTED_EDGE('',*,*,#2127,.F.);
#2843=ORIENTED_EDGE('',*,*,#2128,.T.);
#2844=ORIENTED_EDGE('',*,*,#2129,.T.);
#2845=ORIENTED_EDGE('',*,*,#2125,.F.);
#2846=ORIENTED_EDGE('',*,*,#2130,.F.);
#2847=ORIENTED_EDGE('',*,*,#2131,.T.);
#2848=ORIENTED_EDGE('',*,*,#2132,.T.);
#2849=ORIENTED_EDGE('',*,*,#2128,.F.);
#2850=ORIENTED_EDGE('',*,*,#2133,.F.);
#2851=ORIENTED_EDGE('',*,*,#2134,.T.);
#2852=ORIENTED_EDGE('',*,*,#2135,.T.);
#2853=ORIENTED_EDGE('',*,*,#2131,.F.);
#2854=ORIENTED_EDGE('',*,*,#2136,.F.);
#2855=ORIENTED_EDGE('',*,*,#2137,.T.);
#2856=ORIENTED_EDGE('',*,*,#2138,.T.);
#2857=ORIENTED_EDGE('',*,*,#2134,.F.);
#2858=ORIENTED_EDGE('',*,*,#2139,.F.);
#2859=ORIENTED_EDGE('',*,*,#2140,.T.);
#2860=ORIENTED_EDGE('',*,*,#2141,.T.);
#2861=ORIENTED_EDGE('',*,*,#2137,.F.);
#2862=ORIENTED_EDGE('',*,*,#2142,.F.);
#2863=ORIENTED_EDGE('',*,*,#2143,.T.);
#2864=ORIENTED_EDGE('',*,*,#2144,.T.);
#2865=ORIENTED_EDGE('',*,*,#2140,.F.);
#2866=ORIENTED_EDGE('',*,*,#2145,.F.);
#2867=ORIENTED_EDGE('',*,*,#2114,.T.);
#2868=ORIENTED_EDGE('',*,*,#2146,.T.);
#2869=ORIENTED_EDGE('',*,*,#2143,.F.);
#2870=ORIENTED_EDGE('',*,*,#2146,.F.);
#2871=ORIENTED_EDGE('',*,*,#2113,.F.);
#2872=ORIENTED_EDGE('',*,*,#2117,.F.);
#2873=ORIENTED_EDGE('',*,*,#2120,.F.);
#2874=ORIENTED_EDGE('',*,*,#2123,.F.);
#2875=ORIENTED_EDGE('',*,*,#2126,.F.);
#2876=ORIENTED_EDGE('',*,*,#2129,.F.);
#2877=ORIENTED_EDGE('',*,*,#2132,.F.);
#2878=ORIENTED_EDGE('',*,*,#2135,.F.);
#2879=ORIENTED_EDGE('',*,*,#2138,.F.);
#2880=ORIENTED_EDGE('',*,*,#2141,.F.);
#2881=ORIENTED_EDGE('',*,*,#2144,.F.);
#2882=ORIENTED_EDGE('',*,*,#2147,.F.);
#2883=ORIENTED_EDGE('',*,*,#2148,.T.);
#2884=ORIENTED_EDGE('',*,*,#2149,.T.);
#2885=ORIENTED_EDGE('',*,*,#2150,.F.);
#2886=ORIENTED_EDGE('',*,*,#2151,.F.);
#2887=ORIENTED_EDGE('',*,*,#2152,.T.);
#2888=ORIENTED_EDGE('',*,*,#2153,.T.);
#2889=ORIENTED_EDGE('',*,*,#2148,.F.);
#2890=ORIENTED_EDGE('',*,*,#2154,.F.);
#2891=ORIENTED_EDGE('',*,*,#2150,.T.);
#2892=ORIENTED_EDGE('',*,*,#2155,.T.);
#2893=ORIENTED_EDGE('',*,*,#2152,.F.);
#2894=ORIENTED_EDGE('',*,*,#2156,.F.);
#2895=ORIENTED_EDGE('',*,*,#2157,.T.);
#2896=ORIENTED_EDGE('',*,*,#2158,.T.);
#2897=ORIENTED_EDGE('',*,*,#2159,.F.);
#2898=ORIENTED_EDGE('',*,*,#2160,.F.);
#2899=ORIENTED_EDGE('',*,*,#2161,.T.);
#2900=ORIENTED_EDGE('',*,*,#2162,.T.);
#2901=ORIENTED_EDGE('',*,*,#2157,.F.);
#2902=ORIENTED_EDGE('',*,*,#2163,.F.);
#2903=ORIENTED_EDGE('',*,*,#2164,.T.);
#2904=ORIENTED_EDGE('',*,*,#2165,.T.);
#2905=ORIENTED_EDGE('',*,*,#2161,.F.);
#2906=ORIENTED_EDGE('',*,*,#2166,.F.);
#2907=ORIENTED_EDGE('',*,*,#2167,.T.);
#2908=ORIENTED_EDGE('',*,*,#2168,.T.);
#2909=ORIENTED_EDGE('',*,*,#2164,.F.);
#2910=ORIENTED_EDGE('',*,*,#2169,.F.);
#2911=ORIENTED_EDGE('',*,*,#2170,.T.);
#2912=ORIENTED_EDGE('',*,*,#2171,.T.);
#2913=ORIENTED_EDGE('',*,*,#2167,.F.);
#2914=ORIENTED_EDGE('',*,*,#2172,.F.);
#2915=ORIENTED_EDGE('',*,*,#2173,.T.);
#2916=ORIENTED_EDGE('',*,*,#2174,.T.);
#2917=ORIENTED_EDGE('',*,*,#2170,.F.);
#2918=ORIENTED_EDGE('',*,*,#2175,.F.);
#2919=ORIENTED_EDGE('',*,*,#2176,.T.);
#2920=ORIENTED_EDGE('',*,*,#2177,.T.);
#2921=ORIENTED_EDGE('',*,*,#2173,.F.);
#2922=ORIENTED_EDGE('',*,*,#2178,.F.);
#2923=ORIENTED_EDGE('',*,*,#2159,.T.);
#2924=ORIENTED_EDGE('',*,*,#2179,.T.);
#2925=ORIENTED_EDGE('',*,*,#2176,.F.);
#2926=ORIENTED_EDGE('',*,*,#2179,.F.);
#2927=ORIENTED_EDGE('',*,*,#2158,.F.);
#2928=ORIENTED_EDGE('',*,*,#2162,.F.);
#2929=ORIENTED_EDGE('',*,*,#2165,.F.);
#2930=ORIENTED_EDGE('',*,*,#2168,.F.);
#2931=ORIENTED_EDGE('',*,*,#2171,.F.);
#2932=ORIENTED_EDGE('',*,*,#2174,.F.);
#2933=ORIENTED_EDGE('',*,*,#2177,.F.);
#2934=ORIENTED_EDGE('',*,*,#2155,.F.);
#2935=ORIENTED_EDGE('',*,*,#2149,.F.);
#2936=ORIENTED_EDGE('',*,*,#2153,.F.);
#2937=ORIENTED_EDGE('',*,*,#2180,.F.);
#2938=ORIENTED_EDGE('',*,*,#2181,.T.);
#2939=ORIENTED_EDGE('',*,*,#2182,.F.);
#2940=ORIENTED_EDGE('',*,*,#2183,.T.);
#2941=ORIENTED_EDGE('',*,*,#2184,.F.);
#2942=ORIENTED_EDGE('',*,*,#2185,.T.);
#2943=ORIENTED_EDGE('',*,*,#2186,.F.);
#2944=ORIENTED_EDGE('',*,*,#2187,.T.);
#2945=ORIENTED_EDGE('',*,*,#2188,.T.);
#2946=ORIENTED_EDGE('',*,*,#2189,.T.);
#2947=ORIENTED_EDGE('',*,*,#2190,.T.);
#2948=ORIENTED_EDGE('',*,*,#2191,.T.);
#2949=ORIENTED_EDGE('',*,*,#2192,.T.);
#2950=ORIENTED_EDGE('',*,*,#2193,.T.);
#2951=ORIENTED_EDGE('',*,*,#2194,.T.);
#2952=ORIENTED_EDGE('',*,*,#2195,.T.);
#2953=ORIENTED_EDGE('',*,*,#2196,.T.);
#2954=ORIENTED_EDGE('',*,*,#2197,.T.);
#2955=ORIENTED_EDGE('',*,*,#2198,.T.);
#2956=ORIENTED_EDGE('',*,*,#2199,.T.);
#2957=ORIENTED_EDGE('',*,*,#2200,.T.);
#2958=ORIENTED_EDGE('',*,*,#2201,.T.);
#2959=ORIENTED_EDGE('',*,*,#2202,.T.);
#2960=ORIENTED_EDGE('',*,*,#2203,.T.);
#2961=ORIENTED_EDGE('',*,*,#2204,.T.);
#2962=ORIENTED_EDGE('',*,*,#2205,.T.);
#2963=ORIENTED_EDGE('',*,*,#2206,.T.);
#2964=ORIENTED_EDGE('',*,*,#2207,.T.);
#2965=ORIENTED_EDGE('',*,*,#2208,.T.);
#2966=ORIENTED_EDGE('',*,*,#2209,.T.);
#2967=ORIENTED_EDGE('',*,*,#2210,.T.);
#2968=ORIENTED_EDGE('',*,*,#2211,.T.);
#2969=ORIENTED_EDGE('',*,*,#2212,.T.);
#2970=ORIENTED_EDGE('',*,*,#2213,.T.);
#2971=ORIENTED_EDGE('',*,*,#2214,.T.);
#2972=ORIENTED_EDGE('',*,*,#2215,.T.);
#2973=ORIENTED_EDGE('',*,*,#2216,.T.);
#2974=ORIENTED_EDGE('',*,*,#2217,.T.);
#2975=ORIENTED_EDGE('',*,*,#2218,.T.);
#2976=ORIENTED_EDGE('',*,*,#2219,.T.);
#2977=ORIENTED_EDGE('',*,*,#2220,.T.);
#2978=ORIENTED_EDGE('',*,*,#2221,.T.);
#2979=ORIENTED_EDGE('',*,*,#2222,.T.);
#2980=ORIENTED_EDGE('',*,*,#2223,.T.);
#2981=ORIENTED_EDGE('',*,*,#2156,.T.);
#2982=ORIENTED_EDGE('',*,*,#2178,.T.);
#2983=ORIENTED_EDGE('',*,*,#2175,.T.);
#2984=ORIENTED_EDGE('',*,*,#2172,.T.);
#2985=ORIENTED_EDGE('',*,*,#2169,.T.);
#2986=ORIENTED_EDGE('',*,*,#2166,.T.);
#2987=ORIENTED_EDGE('',*,*,#2163,.T.);
#2988=ORIENTED_EDGE('',*,*,#2160,.T.);
#2989=ORIENTED_EDGE('',*,*,#2111,.T.);
#2990=ORIENTED_EDGE('',*,*,#2145,.T.);
#2991=ORIENTED_EDGE('',*,*,#2142,.T.);
#2992=ORIENTED_EDGE('',*,*,#2139,.T.);
#2993=ORIENTED_EDGE('',*,*,#2136,.T.);
#2994=ORIENTED_EDGE('',*,*,#2133,.T.);
#2995=ORIENTED_EDGE('',*,*,#2130,.T.);
#2996=ORIENTED_EDGE('',*,*,#2127,.T.);
#2997=ORIENTED_EDGE('',*,*,#2124,.T.);
#2998=ORIENTED_EDGE('',*,*,#2121,.T.);
#2999=ORIENTED_EDGE('',*,*,#2118,.T.);
#3000=ORIENTED_EDGE('',*,*,#2115,.T.);
#3001=ORIENTED_EDGE('',*,*,#2090,.T.);
#3002=ORIENTED_EDGE('',*,*,#2109,.T.);
#3003=ORIENTED_EDGE('',*,*,#2106,.T.);
#3004=ORIENTED_EDGE('',*,*,#2103,.T.);
#3005=ORIENTED_EDGE('',*,*,#2100,.T.);
#3006=ORIENTED_EDGE('',*,*,#2097,.T.);
#3007=ORIENTED_EDGE('',*,*,#2094,.T.);
#3008=ORIENTED_EDGE('',*,*,#2066,.T.);
#3009=ORIENTED_EDGE('',*,*,#2088,.T.);
#3010=ORIENTED_EDGE('',*,*,#2085,.T.);
#3011=ORIENTED_EDGE('',*,*,#2082,.T.);
#3012=ORIENTED_EDGE('',*,*,#2079,.T.);
#3013=ORIENTED_EDGE('',*,*,#2076,.T.);
#3014=ORIENTED_EDGE('',*,*,#2073,.T.);
#3015=ORIENTED_EDGE('',*,*,#2070,.T.);
#3016=ORIENTED_EDGE('',*,*,#1964,.T.);
#3017=ORIENTED_EDGE('',*,*,#2040,.T.);
#3018=ORIENTED_EDGE('',*,*,#2037,.T.);
#3019=ORIENTED_EDGE('',*,*,#2034,.T.);
#3020=ORIENTED_EDGE('',*,*,#2031,.T.);
#3021=ORIENTED_EDGE('',*,*,#2028,.T.);
#3022=ORIENTED_EDGE('',*,*,#2025,.T.);
#3023=ORIENTED_EDGE('',*,*,#2022,.T.);
#3024=ORIENTED_EDGE('',*,*,#2019,.T.);
#3025=ORIENTED_EDGE('',*,*,#2016,.T.);
#3026=ORIENTED_EDGE('',*,*,#2013,.T.);
#3027=ORIENTED_EDGE('',*,*,#2010,.T.);
#3028=ORIENTED_EDGE('',*,*,#2007,.T.);
#3029=ORIENTED_EDGE('',*,*,#2004,.T.);
#3030=ORIENTED_EDGE('',*,*,#2001,.T.);
#3031=ORIENTED_EDGE('',*,*,#1998,.T.);
#3032=ORIENTED_EDGE('',*,*,#1995,.T.);
#3033=ORIENTED_EDGE('',*,*,#1992,.T.);
#3034=ORIENTED_EDGE('',*,*,#1989,.T.);
#3035=ORIENTED_EDGE('',*,*,#1986,.T.);
#3036=ORIENTED_EDGE('',*,*,#1983,.T.);
#3037=ORIENTED_EDGE('',*,*,#1980,.T.);
#3038=ORIENTED_EDGE('',*,*,#1977,.T.);
#3039=ORIENTED_EDGE('',*,*,#1974,.T.);
#3040=ORIENTED_EDGE('',*,*,#1971,.T.);
#3041=ORIENTED_EDGE('',*,*,#1968,.T.);
#3042=ORIENTED_EDGE('',*,*,#1931,.T.);
#3043=ORIENTED_EDGE('',*,*,#1962,.T.);
#3044=ORIENTED_EDGE('',*,*,#1959,.T.);
#3045=ORIENTED_EDGE('',*,*,#1956,.T.);
#3046=ORIENTED_EDGE('',*,*,#1953,.T.);
#3047=ORIENTED_EDGE('',*,*,#1950,.T.);
#3048=ORIENTED_EDGE('',*,*,#1947,.T.);
#3049=ORIENTED_EDGE('',*,*,#1944,.T.);
#3050=ORIENTED_EDGE('',*,*,#1941,.T.);
#3051=ORIENTED_EDGE('',*,*,#1938,.T.);
#3052=ORIENTED_EDGE('',*,*,#1935,.T.);
#3053=ORIENTED_EDGE('',*,*,#1895,.T.);
#3054=ORIENTED_EDGE('',*,*,#1929,.T.);
#3055=ORIENTED_EDGE('',*,*,#1926,.T.);
#3056=ORIENTED_EDGE('',*,*,#1923,.T.);
#3057=ORIENTED_EDGE('',*,*,#1920,.T.);
#3058=ORIENTED_EDGE('',*,*,#1917,.T.);
#3059=ORIENTED_EDGE('',*,*,#1914,.T.);
#3060=ORIENTED_EDGE('',*,*,#1911,.T.);
#3061=ORIENTED_EDGE('',*,*,#1908,.T.);
#3062=ORIENTED_EDGE('',*,*,#1905,.T.);
#3063=ORIENTED_EDGE('',*,*,#1902,.T.);
#3064=ORIENTED_EDGE('',*,*,#1899,.T.);
#3065=ORIENTED_EDGE('',*,*,#1877,.T.);
#3066=ORIENTED_EDGE('',*,*,#1893,.T.);
#3067=ORIENTED_EDGE('',*,*,#1890,.T.);
#3068=ORIENTED_EDGE('',*,*,#1887,.T.);
#3069=ORIENTED_EDGE('',*,*,#1884,.T.);
#3070=ORIENTED_EDGE('',*,*,#1881,.T.);
#3071=ORIENTED_EDGE('',*,*,#1835,.T.);
#3072=ORIENTED_EDGE('',*,*,#1875,.T.);
#3073=ORIENTED_EDGE('',*,*,#1872,.T.);
#3074=ORIENTED_EDGE('',*,*,#1869,.T.);
#3075=ORIENTED_EDGE('',*,*,#1866,.T.);
#3076=ORIENTED_EDGE('',*,*,#1863,.T.);
#3077=ORIENTED_EDGE('',*,*,#1860,.T.);
#3078=ORIENTED_EDGE('',*,*,#1857,.T.);
#3079=ORIENTED_EDGE('',*,*,#1854,.T.);
#3080=ORIENTED_EDGE('',*,*,#1851,.T.);
#3081=ORIENTED_EDGE('',*,*,#1848,.T.);
#3082=ORIENTED_EDGE('',*,*,#1845,.T.);
#3083=ORIENTED_EDGE('',*,*,#1842,.T.);
#3084=ORIENTED_EDGE('',*,*,#1839,.T.);
#3085=ORIENTED_EDGE('',*,*,#2147,.T.);
#3086=ORIENTED_EDGE('',*,*,#2154,.T.);
#3087=ORIENTED_EDGE('',*,*,#2151,.T.);
#3088=ORIENTED_EDGE('',*,*,#2042,.T.);
#3089=ORIENTED_EDGE('',*,*,#2064,.T.);
#3090=ORIENTED_EDGE('',*,*,#2061,.T.);
#3091=ORIENTED_EDGE('',*,*,#2058,.T.);
#3092=ORIENTED_EDGE('',*,*,#2055,.T.);
#3093=ORIENTED_EDGE('',*,*,#2052,.T.);
#3094=ORIENTED_EDGE('',*,*,#2049,.T.);
#3095=ORIENTED_EDGE('',*,*,#2046,.T.);
#3096=ORIENTED_EDGE('',*,*,#2220,.F.);
#3097=ORIENTED_EDGE('',*,*,#2224,.T.);
#3098=ORIENTED_EDGE('',*,*,#2225,.F.);
#3099=ORIENTED_EDGE('',*,*,#2226,.F.);
#3100=ORIENTED_EDGE('',*,*,#2223,.F.);
#3101=ORIENTED_EDGE('',*,*,#2227,.T.);
#3102=ORIENTED_EDGE('',*,*,#2228,.F.);
#3103=ORIENTED_EDGE('',*,*,#2224,.F.);
#3104=ORIENTED_EDGE('',*,*,#2222,.F.);
#3105=ORIENTED_EDGE('',*,*,#2229,.T.);
#3106=ORIENTED_EDGE('',*,*,#2230,.F.);
#3107=ORIENTED_EDGE('',*,*,#2227,.F.);
#3108=ORIENTED_EDGE('',*,*,#2221,.F.);
#3109=ORIENTED_EDGE('',*,*,#2226,.T.);
#3110=ORIENTED_EDGE('',*,*,#2231,.F.);
#3111=ORIENTED_EDGE('',*,*,#2229,.F.);
#3112=ORIENTED_EDGE('',*,*,#2216,.F.);
#3113=ORIENTED_EDGE('',*,*,#2232,.T.);
#3114=ORIENTED_EDGE('',*,*,#2233,.F.);
#3115=ORIENTED_EDGE('',*,*,#2234,.F.);
#3116=ORIENTED_EDGE('',*,*,#2219,.F.);
#3117=ORIENTED_EDGE('',*,*,#2235,.T.);
#3118=ORIENTED_EDGE('',*,*,#2236,.F.);
#3119=ORIENTED_EDGE('',*,*,#2232,.F.);
#3120=ORIENTED_EDGE('',*,*,#2218,.F.);
#3121=ORIENTED_EDGE('',*,*,#2237,.T.);
#3122=ORIENTED_EDGE('',*,*,#2238,.F.);
#3123=ORIENTED_EDGE('',*,*,#2235,.F.);
#3124=ORIENTED_EDGE('',*,*,#2217,.F.);
#3125=ORIENTED_EDGE('',*,*,#2234,.T.);
#3126=ORIENTED_EDGE('',*,*,#2239,.F.);
#3127=ORIENTED_EDGE('',*,*,#2237,.F.);
#3128=ORIENTED_EDGE('',*,*,#2212,.F.);
#3129=ORIENTED_EDGE('',*,*,#2240,.T.);
#3130=ORIENTED_EDGE('',*,*,#2241,.F.);
#3131=ORIENTED_EDGE('',*,*,#2242,.F.);
#3132=ORIENTED_EDGE('',*,*,#2215,.F.);
#3133=ORIENTED_EDGE('',*,*,#2243,.T.);
#3134=ORIENTED_EDGE('',*,*,#2244,.F.);
#3135=ORIENTED_EDGE('',*,*,#2240,.F.);
#3136=ORIENTED_EDGE('',*,*,#2214,.F.);
#3137=ORIENTED_EDGE('',*,*,#2245,.T.);
#3138=ORIENTED_EDGE('',*,*,#2246,.F.);
#3139=ORIENTED_EDGE('',*,*,#2243,.F.);
#3140=ORIENTED_EDGE('',*,*,#2213,.F.);
#3141=ORIENTED_EDGE('',*,*,#2242,.T.);
#3142=ORIENTED_EDGE('',*,*,#2247,.F.);
#3143=ORIENTED_EDGE('',*,*,#2245,.F.);
#3144=ORIENTED_EDGE('',*,*,#2208,.F.);
#3145=ORIENTED_EDGE('',*,*,#2248,.T.);
#3146=ORIENTED_EDGE('',*,*,#2249,.F.);
#3147=ORIENTED_EDGE('',*,*,#2250,.F.);
#3148=ORIENTED_EDGE('',*,*,#2211,.F.);
#3149=ORIENTED_EDGE('',*,*,#2251,.T.);
#3150=ORIENTED_EDGE('',*,*,#2252,.F.);
#3151=ORIENTED_EDGE('',*,*,#2248,.F.);
#3152=ORIENTED_EDGE('',*,*,#2210,.F.);
#3153=ORIENTED_EDGE('',*,*,#2253,.T.);
#3154=ORIENTED_EDGE('',*,*,#2254,.F.);
#3155=ORIENTED_EDGE('',*,*,#2251,.F.);
#3156=ORIENTED_EDGE('',*,*,#2209,.F.);
#3157=ORIENTED_EDGE('',*,*,#2250,.T.);
#3158=ORIENTED_EDGE('',*,*,#2255,.F.);
#3159=ORIENTED_EDGE('',*,*,#2253,.F.);
#3160=ORIENTED_EDGE('',*,*,#2204,.F.);
#3161=ORIENTED_EDGE('',*,*,#2256,.T.);
#3162=ORIENTED_EDGE('',*,*,#2257,.F.);
#3163=ORIENTED_EDGE('',*,*,#2258,.F.);
#3164=ORIENTED_EDGE('',*,*,#2207,.F.);
#3165=ORIENTED_EDGE('',*,*,#2259,.T.);
#3166=ORIENTED_EDGE('',*,*,#2260,.F.);
#3167=ORIENTED_EDGE('',*,*,#2256,.F.);
#3168=ORIENTED_EDGE('',*,*,#2206,.F.);
#3169=ORIENTED_EDGE('',*,*,#2261,.T.);
#3170=ORIENTED_EDGE('',*,*,#2262,.F.);
#3171=ORIENTED_EDGE('',*,*,#2259,.F.);
#3172=ORIENTED_EDGE('',*,*,#2205,.F.);
#3173=ORIENTED_EDGE('',*,*,#2258,.T.);
#3174=ORIENTED_EDGE('',*,*,#2263,.F.);
#3175=ORIENTED_EDGE('',*,*,#2261,.F.);
#3176=ORIENTED_EDGE('',*,*,#2200,.F.);
#3177=ORIENTED_EDGE('',*,*,#2264,.T.);
#3178=ORIENTED_EDGE('',*,*,#2265,.F.);
#3179=ORIENTED_EDGE('',*,*,#2266,.F.);
#3180=ORIENTED_EDGE('',*,*,#2203,.F.);
#3181=ORIENTED_EDGE('',*,*,#2267,.T.);
#3182=ORIENTED_EDGE('',*,*,#2268,.F.);
#3183=ORIENTED_EDGE('',*,*,#2264,.F.);
#3184=ORIENTED_EDGE('',*,*,#2202,.F.);
#3185=ORIENTED_EDGE('',*,*,#2269,.T.);
#3186=ORIENTED_EDGE('',*,*,#2270,.F.);
#3187=ORIENTED_EDGE('',*,*,#2267,.F.);
#3188=ORIENTED_EDGE('',*,*,#2201,.F.);
#3189=ORIENTED_EDGE('',*,*,#2266,.T.);
#3190=ORIENTED_EDGE('',*,*,#2271,.F.);
#3191=ORIENTED_EDGE('',*,*,#2269,.F.);
#3192=ORIENTED_EDGE('',*,*,#2196,.F.);
#3193=ORIENTED_EDGE('',*,*,#2272,.T.);
#3194=ORIENTED_EDGE('',*,*,#2273,.F.);
#3195=ORIENTED_EDGE('',*,*,#2274,.F.);
#3196=ORIENTED_EDGE('',*,*,#2199,.F.);
#3197=ORIENTED_EDGE('',*,*,#2275,.T.);
#3198=ORIENTED_EDGE('',*,*,#2276,.F.);
#3199=ORIENTED_EDGE('',*,*,#2272,.F.);
#3200=ORIENTED_EDGE('',*,*,#2198,.F.);
#3201=ORIENTED_EDGE('',*,*,#2277,.T.);
#3202=ORIENTED_EDGE('',*,*,#2278,.F.);
#3203=ORIENTED_EDGE('',*,*,#2275,.F.);
#3204=ORIENTED_EDGE('',*,*,#2197,.F.);
#3205=ORIENTED_EDGE('',*,*,#2274,.T.);
#3206=ORIENTED_EDGE('',*,*,#2279,.F.);
#3207=ORIENTED_EDGE('',*,*,#2277,.F.);
#3208=ORIENTED_EDGE('',*,*,#2192,.F.);
#3209=ORIENTED_EDGE('',*,*,#2280,.T.);
#3210=ORIENTED_EDGE('',*,*,#2281,.F.);
#3211=ORIENTED_EDGE('',*,*,#2282,.F.);
#3212=ORIENTED_EDGE('',*,*,#2195,.F.);
#3213=ORIENTED_EDGE('',*,*,#2283,.T.);
#3214=ORIENTED_EDGE('',*,*,#2284,.F.);
#3215=ORIENTED_EDGE('',*,*,#2280,.F.);
#3216=ORIENTED_EDGE('',*,*,#2194,.F.);
#3217=ORIENTED_EDGE('',*,*,#2285,.T.);
#3218=ORIENTED_EDGE('',*,*,#2286,.F.);
#3219=ORIENTED_EDGE('',*,*,#2283,.F.);
#3220=ORIENTED_EDGE('',*,*,#2193,.F.);
#3221=ORIENTED_EDGE('',*,*,#2282,.T.);
#3222=ORIENTED_EDGE('',*,*,#2287,.F.);
#3223=ORIENTED_EDGE('',*,*,#2285,.F.);
#3224=ORIENTED_EDGE('',*,*,#2288,.F.);
#3225=ORIENTED_EDGE('',*,*,#2289,.T.);
#3226=ORIENTED_EDGE('',*,*,#2191,.F.);
#3227=ORIENTED_EDGE('',*,*,#2289,.F.);
#3228=ORIENTED_EDGE('',*,*,#2180,.T.);
#3229=ORIENTED_EDGE('',*,*,#2290,.T.);
#3230=ORIENTED_EDGE('',*,*,#2291,.T.);
#3231=ORIENTED_EDGE('',*,*,#2292,.T.);
#3232=ORIENTED_EDGE('',*,*,#2292,.F.);
#3233=ORIENTED_EDGE('',*,*,#2293,.F.);
#3234=ORIENTED_EDGE('',*,*,#2294,.F.);
#3235=ORIENTED_EDGE('',*,*,#2181,.F.);
#3236=ORIENTED_EDGE('',*,*,#2291,.F.);
#3237=ORIENTED_EDGE('',*,*,#2295,.T.);
#3238=ORIENTED_EDGE('',*,*,#2296,.F.);
#3239=ORIENTED_EDGE('',*,*,#2297,.T.);
#3240=ORIENTED_EDGE('',*,*,#2298,.F.);
#3241=ORIENTED_EDGE('',*,*,#2299,.T.);
#3242=ORIENTED_EDGE('',*,*,#2300,.F.);
#3243=ORIENTED_EDGE('',*,*,#2293,.T.);
#3244=ORIENTED_EDGE('',*,*,#2225,.T.);
#3245=ORIENTED_EDGE('',*,*,#2228,.T.);
#3246=ORIENTED_EDGE('',*,*,#2230,.T.);
#3247=ORIENTED_EDGE('',*,*,#2231,.T.);
#3248=ORIENTED_EDGE('',*,*,#2233,.T.);
#3249=ORIENTED_EDGE('',*,*,#2236,.T.);
#3250=ORIENTED_EDGE('',*,*,#2238,.T.);
#3251=ORIENTED_EDGE('',*,*,#2239,.T.);
#3252=ORIENTED_EDGE('',*,*,#2241,.T.);
#3253=ORIENTED_EDGE('',*,*,#2244,.T.);
#3254=ORIENTED_EDGE('',*,*,#2246,.T.);
#3255=ORIENTED_EDGE('',*,*,#2247,.T.);
#3256=ORIENTED_EDGE('',*,*,#2249,.T.);
#3257=ORIENTED_EDGE('',*,*,#2252,.T.);
#3258=ORIENTED_EDGE('',*,*,#2254,.T.);
#3259=ORIENTED_EDGE('',*,*,#2255,.T.);
#3260=ORIENTED_EDGE('',*,*,#2257,.T.);
#3261=ORIENTED_EDGE('',*,*,#2260,.T.);
#3262=ORIENTED_EDGE('',*,*,#2262,.T.);
#3263=ORIENTED_EDGE('',*,*,#2263,.T.);
#3264=ORIENTED_EDGE('',*,*,#2265,.T.);
#3265=ORIENTED_EDGE('',*,*,#2268,.T.);
#3266=ORIENTED_EDGE('',*,*,#2270,.T.);
#3267=ORIENTED_EDGE('',*,*,#2271,.T.);
#3268=ORIENTED_EDGE('',*,*,#2273,.T.);
#3269=ORIENTED_EDGE('',*,*,#2276,.T.);
#3270=ORIENTED_EDGE('',*,*,#2278,.T.);
#3271=ORIENTED_EDGE('',*,*,#2279,.T.);
#3272=ORIENTED_EDGE('',*,*,#2281,.T.);
#3273=ORIENTED_EDGE('',*,*,#2284,.T.);
#3274=ORIENTED_EDGE('',*,*,#2286,.T.);
#3275=ORIENTED_EDGE('',*,*,#2287,.T.);
#3276=ORIENTED_EDGE('',*,*,#2288,.T.);
#3277=ORIENTED_EDGE('',*,*,#2301,.F.);
#3278=ORIENTED_EDGE('',*,*,#2302,.F.);
#3279=ORIENTED_EDGE('',*,*,#2303,.F.);
#3280=ORIENTED_EDGE('',*,*,#2182,.T.);
#3281=ORIENTED_EDGE('',*,*,#2294,.T.);
#3282=ORIENTED_EDGE('',*,*,#2300,.T.);
#3283=ORIENTED_EDGE('',*,*,#2304,.T.);
#3284=ORIENTED_EDGE('',*,*,#2304,.F.);
#3285=ORIENTED_EDGE('',*,*,#2299,.F.);
#3286=ORIENTED_EDGE('',*,*,#2305,.F.);
#3287=ORIENTED_EDGE('',*,*,#2183,.F.);
#3288=ORIENTED_EDGE('',*,*,#2184,.T.);
#3289=ORIENTED_EDGE('',*,*,#2305,.T.);
#3290=ORIENTED_EDGE('',*,*,#2298,.T.);
#3291=ORIENTED_EDGE('',*,*,#2306,.T.);
#3292=ORIENTED_EDGE('',*,*,#2306,.F.);
#3293=ORIENTED_EDGE('',*,*,#2297,.F.);
#3294=ORIENTED_EDGE('',*,*,#2307,.F.);
#3295=ORIENTED_EDGE('',*,*,#2185,.F.);
#3296=ORIENTED_EDGE('',*,*,#2186,.T.);
#3297=ORIENTED_EDGE('',*,*,#2307,.T.);
#3298=ORIENTED_EDGE('',*,*,#2296,.T.);
#3299=ORIENTED_EDGE('',*,*,#2308,.T.);
#3300=ORIENTED_EDGE('',*,*,#2188,.F.);
#3301=ORIENTED_EDGE('',*,*,#2309,.T.);
#3302=ORIENTED_EDGE('',*,*,#2303,.T.);
#3303=ORIENTED_EDGE('',*,*,#2309,.F.);
#3304=ORIENTED_EDGE('',*,*,#2189,.F.);
#3305=ORIENTED_EDGE('',*,*,#2310,.T.);
#3306=ORIENTED_EDGE('',*,*,#2302,.T.);
#3307=ORIENTED_EDGE('',*,*,#2310,.F.);
#3308=ORIENTED_EDGE('',*,*,#2190,.F.);
#3309=ORIENTED_EDGE('',*,*,#2311,.T.);
#3310=ORIENTED_EDGE('',*,*,#2301,.T.);
#3311=ORIENTED_EDGE('',*,*,#2311,.F.);
#3312=ORIENTED_EDGE('',*,*,#2290,.F.);
#3313=ORIENTED_EDGE('',*,*,#2187,.F.);
#3314=ORIENTED_EDGE('',*,*,#2308,.F.);
#3315=ORIENTED_EDGE('',*,*,#2295,.F.);
#3316=ORIENTED_EDGE('',*,*,#1805,.T.);
#3317=ORIENTED_EDGE('',*,*,#1833,.T.);
#3318=ORIENTED_EDGE('',*,*,#1830,.T.);
#3319=ORIENTED_EDGE('',*,*,#1827,.T.);
#3320=ORIENTED_EDGE('',*,*,#1824,.T.);
#3321=ORIENTED_EDGE('',*,*,#1821,.T.);
#3322=ORIENTED_EDGE('',*,*,#1818,.T.);
#3323=ORIENTED_EDGE('',*,*,#1815,.T.);
#3324=ORIENTED_EDGE('',*,*,#1812,.T.);
#3325=ORIENTED_EDGE('',*,*,#1809,.T.);
#3326=B_SPLINE_SURFACE_WITH_KNOTS('',3,1,((#4498,#4499),(#4500,#4501),(#4502,
#4503),(#4504,#4505),(#4506,#4507)),.UNSPECIFIED.,.F.,.F.,.F.,(4,1,4),(2,
2),(0.,0.0701929213871289,0.121759582552045),(0.,0.4),.UNSPECIFIED.);
#3327=B_SPLINE_SURFACE_WITH_KNOTS('',3,1,((#4530,#4531),(#4532,#4533),(#4534,
#4535),(#4536,#4537),(#4538,#4539)),.UNSPECIFIED.,.F.,.F.,.F.,(4,1,4),(2,
2),(0.,0.0523538458215276,0.125106305527725),(0.,0.4),.UNSPECIFIED.);
#3328=B_SPLINE_SURFACE_WITH_KNOTS('',3,1,((#4553,#4554),(#4555,#4556),(#4557,
#4558),(#4559,#4560),(#4561,#4562)),.UNSPECIFIED.,.F.,.F.,.F.,(4,1,4),(2,
2),(0.,0.0471525249601412,0.0903457069596192),(0.,0.4),.UNSPECIFIED.);
#3329=B_SPLINE_SURFACE_WITH_KNOTS('',3,1,((#4576,#4577),(#4578,#4579),(#4580,
#4581),(#4582,#4583),(#4584,#4585)),.UNSPECIFIED.,.F.,.F.,.F.,(4,1,4),(2,
2),(0.,0.0434165864725741,0.0914108641586101),(0.,0.4),.UNSPECIFIED.);
#3330=B_SPLINE_SURFACE_WITH_KNOTS('',3,1,((#4599,#4600),(#4601,#4602),(#4603,
#4604),(#4605,#4606),(#4607,#4608)),.UNSPECIFIED.,.F.,.F.,.F.,(4,1,4),(2,
2),(0.,0.0727524597061974,0.125106305527725),(0.,0.4),.UNSPECIFIED.);
#3331=B_SPLINE_SURFACE_WITH_KNOTS('',3,1,((#4628,#4629),(#4630,#4631),(#4632,
#4633),(#4634,#4635),(#4636,#4637)),.UNSPECIFIED.,.F.,.F.,.F.,(4,1,4),(2,
2),(0.,0.0512657945796135,0.122155907431897),(0.,0.4),.UNSPECIFIED.);
#3332=B_SPLINE_SURFACE_WITH_KNOTS('',3,1,((#4651,#4652),(#4653,#4654),(#4655,
#4656),(#4657,#4658),(#4659,#4660)),.UNSPECIFIED.,.F.,.F.,.F.,(4,1,4),(2,
2),(0.,0.0486699954153996,0.0917088824784165),(0.,0.4),.UNSPECIFIED.);
#3333=B_SPLINE_SURFACE_WITH_KNOTS('',3,1,((#4674,#4675),(#4676,#4677),(#4678,
#4679),(#4680,#4681),(#4682,#4683)),.UNSPECIFIED.,.F.,.F.,.F.,(4,1,4),(2,
2),(0.,0.0431932192582179,0.0903457328415804),(0.,0.4),.UNSPECIFIED.);
#3334=B_SPLINE_SURFACE_WITH_KNOTS('',3,1,((#4694,#4695),(#4696,#4697),(#4698,
#4699),(#4700,#4701),(#4702,#4703)),.UNSPECIFIED.,.F.,.F.,.F.,(4,1,4),(2,
2),(0.,0.0838429960792865,0.170500347558839),(0.,0.4),.UNSPECIFIED.);
#3335=B_SPLINE_SURFACE_WITH_KNOTS('',3,1,((#4720,#4721),(#4722,#4723),(#4724,
#4725),(#4726,#4727),(#4728,#4729)),.UNSPECIFIED.,.F.,.F.,.F.,(4,1,4),(2,
2),(0.,0.0944667362907963,0.181080386064219),(0.,0.4),.UNSPECIFIED.);
#3336=B_SPLINE_SURFACE_WITH_KNOTS('',3,1,((#4749,#4750),(#4751,#4752),(#4753,
#4754),(#4755,#4756),(#4757,#4758)),.UNSPECIFIED.,.F.,.F.,.F.,(4,1,4),(2,
2),(0.,0.0869060116356665,0.180679517616583),(0.,0.4),.UNSPECIFIED.);
#3337=B_SPLINE_SURFACE_WITH_KNOTS('',3,1,((#4772,#4773),(#4774,#4775),(#4776,
#4777),(#4778,#4779),(#4780,#4781)),.UNSPECIFIED.,.F.,.F.,.F.,(4,1,4),(2,
2),(0.,0.0872100436374152,0.171745032103475),(0.,0.4),.UNSPECIFIED.);
#3338=B_SPLINE_SURFACE_WITH_KNOTS('',3,1,((#4795,#4796),(#4797,#4798),(#4799,
#4800),(#4801,#4802),(#4803,#4804)),.UNSPECIFIED.,.F.,.F.,.F.,(4,1,4),(2,
2),(0.,0.104919953766526,0.199248414307434),(0.,0.4),.UNSPECIFIED.);
#3339=B_SPLINE_SURFACE_WITH_KNOTS('',3,1,((#4818,#4819),(#4820,#4821),(#4822,
#4823),(#4824,#4825),(#4826,#4827)),.UNSPECIFIED.,.F.,.F.,.F.,(4,1,4),(2,
2),(0.,0.0947328037969292,0.201345703918871),(0.,0.4),.UNSPECIFIED.);
#3340=B_SPLINE_SURFACE_WITH_KNOTS('',3,1,((#4841,#4842),(#4843,#4844),(#4845,
#4846),(#4847,#4848),(#4849,#4850)),.UNSPECIFIED.,.F.,.F.,.F.,(4,1,4),(2,
2),(0.,0.083622640207415,0.17023738556257),(0.,0.4),.UNSPECIFIED.);
#3341=B_SPLINE_SURFACE_WITH_KNOTS('',3,1,((#4864,#4865),(#4866,#4867),(#4868,
#4869),(#4870,#4871),(#4872,#4873)),.UNSPECIFIED.,.F.,.F.,.F.,(4,1,4),(2,
2),(0.,0.0945767079692506,0.181275447559584),(0.,0.4),.UNSPECIFIED.);
#3342=B_SPLINE_SURFACE_WITH_KNOTS('',3,1,((#4893,#4894),(#4895,#4896),(#4897,
#4898),(#4899,#4900),(#4901,#4902)),.UNSPECIFIED.,.F.,.F.,.F.,(4,1,4),(2,
2),(0.,0.086698795178943,0.181275503148194),(0.,0.4),.UNSPECIFIED.);
#3343=B_SPLINE_SURFACE_WITH_KNOTS('',3,1,((#4916,#4917),(#4918,#4919),(#4920,
#4921),(#4922,#4923),(#4924,#4925)),.UNSPECIFIED.,.F.,.F.,.F.,(4,1,4),(2,
2),(0.,0.0866147787799391,0.170237372147403),(0.,0.4),.UNSPECIFIED.);
#3344=B_SPLINE_SURFACE_WITH_KNOTS('',3,1,((#4939,#4940),(#4941,#4942),(#4943,
#4944),(#4945,#4946),(#4947,#4948)),.UNSPECIFIED.,.F.,.F.,.F.,(4,1,4),(2,
2),(0.,0.106612900121942,0.201345685043222),(0.,0.4),.UNSPECIFIED.);
#3345=B_SPLINE_SURFACE_WITH_KNOTS('',3,1,((#4962,#4963),(#4964,#4965),(#4966,
#4967),(#4968,#4969),(#4970,#4971)),.UNSPECIFIED.,.F.,.F.,.F.,(4,1,4),(2,
2),(0.,0.0944636692214954,0.200947782326201),(0.,0.4),.UNSPECIFIED.);
#3346=B_SPLINE_SURFACE_WITH_KNOTS('',3,1,((#5160,#5161),(#5162,#5163),(#5164,
#5165),(#5166,#5167),(#5168,#5169)),.UNSPECIFIED.,.F.,.F.,.F.,(4,1,4),(2,
2),(0.,0.0645585531149973,0.14675952887443),(0.,0.4),.UNSPECIFIED.);
#3347=B_SPLINE_SURFACE_WITH_KNOTS('',3,1,((#5186,#5187),(#5188,#5189),(#5190,
#5191),(#5192,#5193),(#5194,#5195)),.UNSPECIFIED.,.F.,.F.,.F.,(4,1,4),(2,
2),(0.,0.0607505551905059,0.117102476866393),(0.,0.4),.UNSPECIFIED.);
#3348=B_SPLINE_SURFACE_WITH_KNOTS('',3,1,((#5215,#5216),(#5217,#5218),(#5219,
#5220),(#5221,#5222),(#5223,#5224)),.UNSPECIFIED.,.F.,.F.,.F.,(4,1,4),(2,
2),(0.,0.0597991153780771,0.121721583795575),(0.,0.4),.UNSPECIFIED.);
#3349=B_SPLINE_SURFACE_WITH_KNOTS('',3,1,((#5238,#5239),(#5240,#5241),(#5242,
#5243),(#5244,#5245),(#5246,#5247)),.UNSPECIFIED.,.F.,.F.,.F.,(4,1,4),(2,
2),(0.,0.0689334293154548,0.131160305089982),(0.,0.4),.UNSPECIFIED.);
#3350=B_SPLINE_SURFACE_WITH_KNOTS('',3,1,((#5261,#5262),(#5263,#5264),(#5265,
#5266),(#5267,#5268),(#5269,#5270)),.UNSPECIFIED.,.F.,.F.,.F.,(4,1,4),(2,
2),(0.,0.0877078778972431,0.165455390223453),(0.,0.4),.UNSPECIFIED.);
#3351=B_SPLINE_SURFACE_WITH_KNOTS('',3,1,((#5284,#5285),(#5286,#5287),(#5288,
#5289),(#5290,#5291),(#5292,#5293)),.UNSPECIFIED.,.F.,.F.,.F.,(4,1,4),(2,
2),(0.,0.0802100672292393,0.168871926338146),(0.,0.4),.UNSPECIFIED.);
#3352=B_SPLINE_SURFACE_WITH_KNOTS('',3,1,((#5307,#5308),(#5309,#5310),(#5311,
#5312),(#5313,#5314),(#5315,#5316)),.UNSPECIFIED.,.F.,.F.,.F.,(4,1,4),(2,
2),(0.,0.0797661412401087,0.157208333315316),(0.,0.4),.UNSPECIFIED.);
#3353=B_SPLINE_SURFACE_WITH_KNOTS('',3,1,((#5336,#5337),(#5338,#5339),(#5340,
#5341),(#5342,#5343),(#5344,#5345)),.UNSPECIFIED.,.F.,.F.,.F.,(4,1,4),(2,
2),(0.,0.0463461005378816,0.0971203023385239),(0.,0.4),.UNSPECIFIED.);
#3354=B_SPLINE_SURFACE_WITH_KNOTS('',3,1,((#5359,#5360),(#5361,#5362),(#5363,
#5364),(#5365,#5366),(#5367,#5368)),.UNSPECIFIED.,.F.,.F.,.F.,(4,1,4),(2,
2),(0.,0.0465886237391095,0.0913939885112906),(0.,0.4),.UNSPECIFIED.);
#3355=B_SPLINE_SURFACE_WITH_KNOTS('',3,1,((#5382,#5383),(#5384,#5385),(#5386,
#5387),(#5388,#5389),(#5390,#5391)),.UNSPECIFIED.,.F.,.F.,.F.,(4,1,4),(2,
2),(0.,0.0291127570820514,0.0648928417112657),(0.,0.4),.UNSPECIFIED.);
#3356=B_SPLINE_SURFACE_WITH_KNOTS('',3,1,((#5405,#5406),(#5407,#5408),(#5409,
#5410),(#5411,#5412),(#5413,#5414)),.UNSPECIFIED.,.F.,.F.,.F.,(4,1,4),(2,
2),(0.,0.0233875521146039,0.0478465051394165),(0.,0.4),.UNSPECIFIED.);
#3357=B_SPLINE_SURFACE_WITH_KNOTS('',3,1,((#5434,#5435),(#5436,#5437),(#5438,
#5439),(#5440,#5441),(#5442,#5443)),.UNSPECIFIED.,.F.,.F.,.F.,(4,1,4),(2,
2),(0.,0.0216577629937099,0.0434058360567489),(0.,0.4),.UNSPECIFIED.);
#3358=B_SPLINE_SURFACE_WITH_KNOTS('',3,1,((#5457,#5458),(#5459,#5460),(#5461,
#5462),(#5463,#5464),(#5465,#5466)),.UNSPECIFIED.,.F.,.F.,.F.,(4,1,4),(2,
2),(0.,0.0499532721270301,0.0815117316673409),(0.,0.4),.UNSPECIFIED.);
#3359=B_SPLINE_SURFACE_WITH_KNOTS('',3,1,((#5486,#5487),(#5488,#5489),(#5490,
#5491),(#5492,#5493),(#5494,#5495)),.UNSPECIFIED.,.F.,.F.,.F.,(4,1,4),(2,
2),(0.,0.0773200795726954,0.159832481558066),(0.,0.4),.UNSPECIFIED.);
#3360=B_SPLINE_SURFACE_WITH_KNOTS('',3,1,((#5509,#5510),(#5511,#5512),(#5513,
#5514),(#5515,#5516),(#5517,#5518)),.UNSPECIFIED.,.F.,.F.,.F.,(4,1,4),(2,
2),(0.,0.0923694132834964,0.172300110694985),(0.,0.4),.UNSPECIFIED.);
#3361=B_SPLINE_SURFACE_WITH_KNOTS('',3,1,((#5556,#5557),(#5558,#5559),(#5560,
#5561),(#5562,#5563),(#5564,#5565)),.UNSPECIFIED.,.F.,.F.,.F.,(4,1,4),(2,
2),(0.,0.024803367498104,0.0484715493421942),(0.,0.4),.UNSPECIFIED.);
#3362=B_SPLINE_SURFACE_WITH_KNOTS('',3,1,((#5579,#5580),(#5581,#5582),(#5583,
#5584),(#5585,#5586),(#5587,#5588)),.UNSPECIFIED.,.F.,.F.,.F.,(4,1,4),(2,
2),(0.,0.0489757034166168,0.0826576700413924),(0.,0.4),.UNSPECIFIED.);
#3363=B_SPLINE_SURFACE_WITH_KNOTS('',3,1,((#5606,#5607),(#5608,#5609),(#5610,
#5611),(#5612,#5613),(#5614,#5615)),.UNSPECIFIED.,.F.,.F.,.F.,(4,1,4),(2,
2),(0.,0.0494329097421053,0.116626318449044),(0.,0.4),.UNSPECIFIED.);
#3364=B_SPLINE_SURFACE_WITH_KNOTS('',3,1,((#5632,#5633),(#5634,#5635),(#5636,
#5637),(#5638,#5639),(#5640,#5641)),.UNSPECIFIED.,.F.,.F.,.F.,(4,1,4),(2,
2),(0.,0.0503068790818588,0.0932784087399727),(0.,0.4),.UNSPECIFIED.);
#3365=B_SPLINE_SURFACE_WITH_KNOTS('',3,1,((#5673,#5674),(#5675,#5676),(#5677,
#5678),(#5679,#5680),(#5681,#5682)),.UNSPECIFIED.,.F.,.F.,.F.,(4,1,4),(2,
2),(0.,0.0378891925424126,0.0828415970127603),(0.,0.4),.UNSPECIFIED.);
#3366=B_SPLINE_SURFACE_WITH_KNOTS('',3,1,((#5696,#5697),(#5698,#5699),(#5700,
#5701),(#5702,#5703),(#5704,#5705)),.UNSPECIFIED.,.F.,.F.,.F.,(4,1,4),(2,
2),(0.,0.061124854166765,0.105432736217853),(0.,0.4),.UNSPECIFIED.);
#3367=B_SPLINE_SURFACE_WITH_KNOTS('',3,1,((#5737,#5738),(#5739,#5740),(#5741,
#5742),(#5743,#5744),(#5745,#5746)),.UNSPECIFIED.,.F.,.F.,.F.,(4,1,4),(2,
2),(0.,0.133663035723083,0.29442185219153),(0.,0.4),.UNSPECIFIED.);
#3368=B_SPLINE_SURFACE_WITH_KNOTS('',3,1,((#5760,#5761),(#5762,#5763),(#5764,
#5765),(#5766,#5767),(#5768,#5769)),.UNSPECIFIED.,.F.,.F.,.F.,(4,1,4),(2,
2),(0.,0.140328668177882,0.266576251926002),(0.,0.4),.UNSPECIFIED.);
#3369=B_SPLINE_SURFACE_WITH_KNOTS('',3,1,((#5789,#5790),(#5791,#5792),(#5793,
#5794),(#5795,#5796),(#5797,#5798)),.UNSPECIFIED.,.F.,.F.,.F.,(4,1,4),(2,
2),(0.,0.12053312974055,0.253508470007108),(0.,0.4),.UNSPECIFIED.);
#3370=B_SPLINE_SURFACE_WITH_KNOTS('',3,1,((#5812,#5813),(#5814,#5815),(#5816,
#5817),(#5818,#5819),(#5820,#5821)),.UNSPECIFIED.,.F.,.F.,.F.,(4,1,4),(2,
2),(0.,0.150391809717212,0.27632188703607),(0.,0.4),.UNSPECIFIED.);
#3371=ADVANCED_FACE('',(#237),#3326,.F.);
#3372=ADVANCED_FACE('',(#238),#123,.F.);
#3373=ADVANCED_FACE('',(#239),#3327,.F.);
#3374=ADVANCED_FACE('',(#240),#3328,.F.);
#3375=ADVANCED_FACE('',(#241),#3329,.F.);
#3376=ADVANCED_FACE('',(#242),#3330,.F.);
#3377=ADVANCED_FACE('',(#243),#124,.F.);
#3378=ADVANCED_FACE('',(#244),#3331,.F.);
#3379=ADVANCED_FACE('',(#245),#3332,.F.);
#3380=ADVANCED_FACE('',(#246),#3333,.F.);
#3381=ADVANCED_FACE('',(#247),#3334,.F.);
#3382=ADVANCED_FACE('',(#248),#3335,.F.);
#3383=ADVANCED_FACE('',(#249),#125,.F.);
#3384=ADVANCED_FACE('',(#250),#3336,.F.);
#3385=ADVANCED_FACE('',(#251),#3337,.F.);
#3386=ADVANCED_FACE('',(#252),#3338,.F.);
#3387=ADVANCED_FACE('',(#253),#3339,.F.);
#3388=ADVANCED_FACE('',(#254),#3340,.F.);
#3389=ADVANCED_FACE('',(#255),#3341,.F.);
#3390=ADVANCED_FACE('',(#256),#126,.F.);
#3391=ADVANCED_FACE('',(#257),#3342,.F.);
#3392=ADVANCED_FACE('',(#258),#3343,.F.);
#3393=ADVANCED_FACE('',(#259),#3344,.F.);
#3394=ADVANCED_FACE('',(#260),#3345,.F.);
#3395=ADVANCED_FACE('',(#261,#87),#127,.T.);
#3396=ADVANCED_FACE('',(#262),#128,.F.);
#3397=ADVANCED_FACE('',(#263),#129,.F.);
#3398=ADVANCED_FACE('',(#264),#130,.F.);
#3399=ADVANCED_FACE('',(#265),#131,.F.);
#3400=ADVANCED_FACE('',(#266),#132,.F.);
#3401=ADVANCED_FACE('',(#267),#133,.F.);
#3402=ADVANCED_FACE('',(#268),#134,.F.);
#3403=ADVANCED_FACE('',(#269),#135,.F.);
#3404=ADVANCED_FACE('',(#270),#136,.F.);
#3405=ADVANCED_FACE('',(#271),#137,.F.);
#3406=ADVANCED_FACE('',(#272),#138,.F.);
#3407=ADVANCED_FACE('',(#273),#139,.F.);
#3408=ADVANCED_FACE('',(#274),#140,.F.);
#3409=ADVANCED_FACE('',(#275),#141,.F.);
#3410=ADVANCED_FACE('',(#276),#142,.F.);
#3411=ADVANCED_FACE('',(#277),#143,.F.);
#3412=ADVANCED_FACE('',(#278),#144,.F.);
#3413=ADVANCED_FACE('',(#279),#145,.F.);
#3414=ADVANCED_FACE('',(#280),#146,.F.);
#3415=ADVANCED_FACE('',(#281),#147,.F.);
#3416=ADVANCED_FACE('',(#282),#148,.F.);
#3417=ADVANCED_FACE('',(#283),#149,.F.);
#3418=ADVANCED_FACE('',(#284),#150,.F.);
#3419=ADVANCED_FACE('',(#285),#151,.F.);
#3420=ADVANCED_FACE('',(#286),#152,.F.);
#3421=ADVANCED_FACE('',(#287),#153,.F.);
#3422=ADVANCED_FACE('',(#288),#154,.F.);
#3423=ADVANCED_FACE('',(#289),#155,.F.);
#3424=ADVANCED_FACE('',(#290),#156,.F.);
#3425=ADVANCED_FACE('',(#291),#157,.F.);
#3426=ADVANCED_FACE('',(#292),#158,.F.);
#3427=ADVANCED_FACE('',(#293),#159,.F.);
#3428=ADVANCED_FACE('',(#294),#3346,.F.);
#3429=ADVANCED_FACE('',(#295),#3347,.F.);
#3430=ADVANCED_FACE('',(#296),#160,.F.);
#3431=ADVANCED_FACE('',(#297),#3348,.F.);
#3432=ADVANCED_FACE('',(#298),#3349,.F.);
#3433=ADVANCED_FACE('',(#299),#3350,.F.);
#3434=ADVANCED_FACE('',(#300),#3351,.F.);
#3435=ADVANCED_FACE('',(#301),#3352,.F.);
#3436=ADVANCED_FACE('',(#302),#161,.F.);
#3437=ADVANCED_FACE('',(#303),#3353,.F.);
#3438=ADVANCED_FACE('',(#304),#3354,.F.);
#3439=ADVANCED_FACE('',(#305),#3355,.F.);
#3440=ADVANCED_FACE('',(#306),#3356,.F.);
#3441=ADVANCED_FACE('',(#307),#162,.F.);
#3442=ADVANCED_FACE('',(#308),#3357,.F.);
#3443=ADVANCED_FACE('',(#309),#3358,.F.);
#3444=ADVANCED_FACE('',(#310),#163,.F.);
#3445=ADVANCED_FACE('',(#311),#3359,.F.);
#3446=ADVANCED_FACE('',(#312),#3360,.F.);
#3447=ADVANCED_FACE('',(#313),#164,.F.);
#3448=ADVANCED_FACE('',(#314),#165,.F.);
#3449=ADVANCED_FACE('',(#315),#166,.F.);
#3450=ADVANCED_FACE('',(#316),#167,.F.);
#3451=ADVANCED_FACE('',(#317),#3361,.F.);
#3452=ADVANCED_FACE('',(#318),#3362,.F.);
#3453=ADVANCED_FACE('',(#319),#168,.F.);
#3454=ADVANCED_FACE('',(#320),#169,.T.);
#3455=ADVANCED_FACE('',(#321),#3363,.F.);
#3456=ADVANCED_FACE('',(#322),#3364,.F.);
#3457=ADVANCED_FACE('',(#323),#170,.F.);
#3458=ADVANCED_FACE('',(#324),#171,.F.);
#3459=ADVANCED_FACE('',(#325),#172,.F.);
#3460=ADVANCED_FACE('',(#326),#3365,.F.);
#3461=ADVANCED_FACE('',(#327),#3366,.F.);
#3462=ADVANCED_FACE('',(#328),#173,.F.);
#3463=ADVANCED_FACE('',(#329),#174,.F.);
#3464=ADVANCED_FACE('',(#330),#175,.F.);
#3465=ADVANCED_FACE('',(#331),#3367,.F.);
#3466=ADVANCED_FACE('',(#332),#3368,.F.);
#3467=ADVANCED_FACE('',(#333),#176,.F.);
#3468=ADVANCED_FACE('',(#334),#3369,.F.);
#3469=ADVANCED_FACE('',(#335),#3370,.F.);
#3470=ADVANCED_FACE('',(#336),#177,.F.);
#3471=ADVANCED_FACE('',(#337,#88),#178,.T.);
#3472=ADVANCED_FACE('',(#338),#179,.F.);
#3473=ADVANCED_FACE('',(#339),#180,.F.);
#3474=ADVANCED_FACE('',(#340),#181,.F.);
#3475=ADVANCED_FACE('',(#341),#182,.F.);
#3476=ADVANCED_FACE('',(#342),#183,.F.);
#3477=ADVANCED_FACE('',(#343),#184,.F.);
#3478=ADVANCED_FACE('',(#344),#185,.F.);
#3479=ADVANCED_FACE('',(#345),#186,.F.);
#3480=ADVANCED_FACE('',(#346),#187,.F.);
#3481=ADVANCED_FACE('',(#347),#188,.F.);
#3482=ADVANCED_FACE('',(#348),#189,.F.);
#3483=ADVANCED_FACE('',(#349),#190,.F.);
#3484=ADVANCED_FACE('',(#350),#191,.F.);
#3485=ADVANCED_FACE('',(#351),#192,.F.);
#3486=ADVANCED_FACE('',(#352),#193,.F.);
#3487=ADVANCED_FACE('',(#353),#194,.F.);
#3488=ADVANCED_FACE('',(#354),#195,.F.);
#3489=ADVANCED_FACE('',(#355),#196,.F.);
#3490=ADVANCED_FACE('',(#356),#197,.F.);
#3491=ADVANCED_FACE('',(#357),#198,.F.);
#3492=ADVANCED_FACE('',(#358),#199,.F.);
#3493=ADVANCED_FACE('',(#359),#200,.F.);
#3494=ADVANCED_FACE('',(#360),#201,.F.);
#3495=ADVANCED_FACE('',(#361),#202,.F.);
#3496=ADVANCED_FACE('',(#362),#203,.F.);
#3497=ADVANCED_FACE('',(#363),#204,.F.);
#3498=ADVANCED_FACE('',(#364),#205,.F.);
#3499=ADVANCED_FACE('',(#365),#206,.F.);
#3500=ADVANCED_FACE('',(#366),#207,.F.);
#3501=ADVANCED_FACE('',(#367),#208,.F.);
#3502=ADVANCED_FACE('',(#368),#209,.F.);
#3503=ADVANCED_FACE('',(#369),#210,.F.);
#3504=ADVANCED_FACE('',(#370,#89),#211,.F.);
#3505=ADVANCED_FACE('',(#371,#90,#91,#92,#93,#94,#95,#96,#97,#98,#99,#100,
#101,#102,#103,#104,#105,#106,#107,#108,#109,#110),#212,.T.);
#3506=ADVANCED_FACE('',(#372),#213,.T.);
#3507=ADVANCED_FACE('',(#373),#214,.T.);
#3508=ADVANCED_FACE('',(#374),#215,.F.);
#3509=ADVANCED_FACE('',(#375),#15,.T.);
#3510=ADVANCED_FACE('',(#376),#216,.F.);
#3511=ADVANCED_FACE('',(#377),#16,.F.);
#3512=ADVANCED_FACE('',(#378),#17,.F.);
#3513=ADVANCED_FACE('',(#379),#217,.F.);
#3514=ADVANCED_FACE('',(#380),#18,.T.);
#3515=ADVANCED_FACE('',(#381),#218,.F.);
#3516=ADVANCED_FACE('',(#382),#219,.F.);
#3517=ADVANCED_FACE('',(#383),#19,.T.);
#3518=ADVANCED_FACE('',(#384),#220,.F.);
#3519=ADVANCED_FACE('',(#385),#20,.F.);
#3520=ADVANCED_FACE('',(#386),#21,.F.);
#3521=ADVANCED_FACE('',(#387),#221,.F.);
#3522=ADVANCED_FACE('',(#388),#22,.T.);
#3523=ADVANCED_FACE('',(#389),#222,.F.);
#3524=ADVANCED_FACE('',(#390),#23,.F.);
#3525=ADVANCED_FACE('',(#391),#223,.F.);
#3526=ADVANCED_FACE('',(#392),#24,.T.);
#3527=ADVANCED_FACE('',(#393),#224,.F.);
#3528=ADVANCED_FACE('',(#394),#225,.F.);
#3529=ADVANCED_FACE('',(#395),#25,.T.);
#3530=ADVANCED_FACE('',(#396),#226,.F.);
#3531=ADVANCED_FACE('',(#397),#26,.F.);
#3532=ADVANCED_FACE('',(#398),#27,.F.);
#3533=ADVANCED_FACE('',(#399),#227,.F.);
#3534=ADVANCED_FACE('',(#400),#28,.T.);
#3535=ADVANCED_FACE('',(#401),#228,.F.);
#3536=ADVANCED_FACE('',(#402),#29,.F.);
#3537=ADVANCED_FACE('',(#403),#229,.F.);
#3538=ADVANCED_FACE('',(#404),#30,.T.);
#3539=ADVANCED_FACE('',(#405),#230,.F.);
#3540=ADVANCED_FACE('',(#406),#31,.F.);
#3541=ADVANCED_FACE('',(#407),#32,.T.);
#3542=ADVANCED_FACE('',(#408),#231,.T.);
#3543=ADVANCED_FACE('',(#409,#111,#112,#113,#114,#115,#116,#117,#118,#119,
#120,#121,#122),#232,.F.);
#3544=ADVANCED_FACE('',(#410),#33,.T.);
#3545=ADVANCED_FACE('',(#411),#233,.T.);
#3546=ADVANCED_FACE('',(#412),#34,.T.);
#3547=ADVANCED_FACE('',(#413),#234,.T.);
#3548=ADVANCED_FACE('',(#414),#35,.T.);
#3549=ADVANCED_FACE('',(#415),#36,.F.);
#3550=ADVANCED_FACE('',(#416),#37,.F.);
#3551=ADVANCED_FACE('',(#417),#38,.F.);
#3552=ADVANCED_FACE('',(#418),#235,.T.);
#3553=ADVANCED_FACE('',(#419),#236,.T.);
#3554=CLOSED_SHELL('',(#3371,#3372,#3373,#3374,#3375,#3376,#3377,#3378,
#3379,#3380,#3381,#3382,#3383,#3384,#3385,#3386,#3387,#3388,#3389,#3390,
#3391,#3392,#3393,#3394,#3395,#3396,#3397,#3398,#3399,#3400,#3401,#3402,
#3403,#3404,#3405,#3406,#3407,#3408,#3409,#3410,#3411,#3412,#3413,#3414,
#3415,#3416,#3417,#3418,#3419,#3420,#3421,#3422,#3423,#3424,#3425,#3426,
#3427,#3428,#3429,#3430,#3431,#3432,#3433,#3434,#3435,#3436,#3437,#3438,
#3439,#3440,#3441,#3442,#3443,#3444,#3445,#3446,#3447,#3448,#3449,#3450,
#3451,#3452,#3453,#3454,#3455,#3456,#3457,#3458,#3459,#3460,#3461,#3462,
#3463,#3464,#3465,#3466,#3467,#3468,#3469,#3470,#3471,#3472,#3473,#3474,
#3475,#3476,#3477,#3478,#3479,#3480,#3481,#3482,#3483,#3484,#3485,#3486,
#3487,#3488,#3489,#3490,#3491,#3492,#3493,#3494,#3495,#3496,#3497,#3498,
#3499,#3500,#3501,#3502,#3503,#3504,#3505,#3506,#3507,#3508,#3509,#3510,
#3511,#3512,#3513,#3514,#3515,#3516,#3517,#3518,#3519,#3520,#3521,#3522,
#3523,#3524,#3525,#3526,#3527,#3528,#3529,#3530,#3531,#3532,#3533,#3534,
#3535,#3536,#3537,#3538,#3539,#3540,#3541,#3542,#3543,#3544,#3545,#3546,
#3547,#3548,#3549,#3550,#3551,#3552,#3553));
#3555=DERIVED_UNIT_ELEMENT(#3557,1.);
#3556=DERIVED_UNIT_ELEMENT(#6296,-3.);
#3557=(
MASS_UNIT()
NAMED_UNIT(*)
SI_UNIT(.KILO.,.GRAM.)
);
#3558=DERIVED_UNIT((#3555,#3556));
#3559=MEASURE_REPRESENTATION_ITEM('density measure',
POSITIVE_RATIO_MEASURE(7850.),#3558);
#3560=PROPERTY_DEFINITION_REPRESENTATION(#3565,#3562);
#3561=PROPERTY_DEFINITION_REPRESENTATION(#3566,#3563);
#3562=REPRESENTATION('material name',(#3564),#6293);
#3563=REPRESENTATION('density',(#3559),#6293);
#3564=DESCRIPTIVE_REPRESENTATION_ITEM('Steel','Steel');
#3565=PROPERTY_DEFINITION('material property','material name',#6303);
#3566=PROPERTY_DEFINITION('material property','density of part',#6303);
#3567=AXIS2_PLACEMENT_3D('',#4497,#3754,#3755);
#3568=AXIS2_PLACEMENT_3D('',#4524,#3758,#3759);
#3569=AXIS2_PLACEMENT_3D('',#4622,#3767,#3768);
#3570=AXIS2_PLACEMENT_3D('',#4743,#3777,#3778);
#3571=AXIS2_PLACEMENT_3D('',#4887,#3788,#3789);
#3572=AXIS2_PLACEMENT_3D('',#4982,#3796,#3797);
#3573=AXIS2_PLACEMENT_3D('',#4983,#3798,#3799);
#3574=AXIS2_PLACEMENT_3D('',#4992,#3804,#3805);
#3575=AXIS2_PLACEMENT_3D('',#4998,#3809,#3810);
#3576=AXIS2_PLACEMENT_3D('',#5004,#3814,#3815);
#3577=AXIS2_PLACEMENT_3D('',#5010,#3819,#3820);
#3578=AXIS2_PLACEMENT_3D('',#5016,#3824,#3825);
#3579=AXIS2_PLACEMENT_3D('',#5019,#3828,#3829);
#3580=AXIS2_PLACEMENT_3D('',#5020,#3830,#3831);
#3581=AXIS2_PLACEMENT_3D('',#5029,#3836,#3837);
#3582=AXIS2_PLACEMENT_3D('',#5035,#3841,#3842);
#3583=AXIS2_PLACEMENT_3D('',#5041,#3846,#3847);
#3584=AXIS2_PLACEMENT_3D('',#5047,#3851,#3852);
#3585=AXIS2_PLACEMENT_3D('',#5053,#3856,#3857);
#3586=AXIS2_PLACEMENT_3D('',#5059,#3861,#3862);
#3587=AXIS2_PLACEMENT_3D('',#5065,#3866,#3867);
#3588=AXIS2_PLACEMENT_3D('',#5071,#3871,#3872);
#3589=AXIS2_PLACEMENT_3D('',#5077,#3876,#3877);
#3590=AXIS2_PLACEMENT_3D('',#5083,#3881,#3882);
#3591=AXIS2_PLACEMENT_3D('',#5089,#3886,#3887);
#3592=AXIS2_PLACEMENT_3D('',#5092,#3890,#3891);
#3593=AXIS2_PLACEMENT_3D('',#5093,#3892,#3893);
#3594=AXIS2_PLACEMENT_3D('',#5102,#3898,#3899);
#3595=AXIS2_PLACEMENT_3D('',#5108,#3903,#3904);
#3596=AXIS2_PLACEMENT_3D('',#5114,#3908,#3909);
#3597=AXIS2_PLACEMENT_3D('',#5120,#3913,#3914);
#3598=AXIS2_PLACEMENT_3D('',#5126,#3918,#3919);
#3599=AXIS2_PLACEMENT_3D('',#5132,#3923,#3924);
#3600=AXIS2_PLACEMENT_3D('',#5138,#3928,#3929);
#3601=AXIS2_PLACEMENT_3D('',#5144,#3933,#3934);
#3602=AXIS2_PLACEMENT_3D('',#5150,#3938,#3939);
#3603=AXIS2_PLACEMENT_3D('',#5156,#3943,#3944);
#3604=AXIS2_PLACEMENT_3D('',#5159,#3947,#3948);
#3605=AXIS2_PLACEMENT_3D('',#5209,#3952,#3953);
#3606=AXIS2_PLACEMENT_3D('',#5330,#3962,#3963);
#3607=AXIS2_PLACEMENT_3D('',#5428,#3971,#3972);
#3608=AXIS2_PLACEMENT_3D('',#5480,#3978,#3979);
#3609=AXIS2_PLACEMENT_3D('',#5532,#3985,#3986);
#3610=AXIS2_PLACEMENT_3D('',#5538,#3990,#3991);
#3611=AXIS2_PLACEMENT_3D('',#5544,#3995,#3996);
#3612=AXIS2_PLACEMENT_3D('',#5550,#4000,#4001);
#3613=AXIS2_PLACEMENT_3D('',#5602,#4007,#4008);
#3614=AXIS2_PLACEMENT_3D('',#5605,#4011,#4012);
#3615=AXIS2_PLACEMENT_3D('',#5655,#4016,#4017);
#3616=AXIS2_PLACEMENT_3D('',#5661,#4021,#4022);
#3617=AXIS2_PLACEMENT_3D('',#5667,#4026,#4027);
#3618=AXIS2_PLACEMENT_3D('',#5719,#4033,#4034);
#3619=AXIS2_PLACEMENT_3D('',#5722,#4037,#4038);
#3620=AXIS2_PLACEMENT_3D('',#5731,#4043,#4044);
#3621=AXIS2_PLACEMENT_3D('',#5783,#4050,#4051);
#3622=AXIS2_PLACEMENT_3D('',#5835,#4057,#4058);
#3623=AXIS2_PLACEMENT_3D('',#5838,#4061,#4062);
#3624=AXIS2_PLACEMENT_3D('',#5839,#4063,#4064);
#3625=AXIS2_PLACEMENT_3D('',#5848,#4069,#4070);
#3626=AXIS2_PLACEMENT_3D('',#5854,#4074,#4075);
#3627=AXIS2_PLACEMENT_3D('',#5860,#4079,#4080);
#3628=AXIS2_PLACEMENT_3D('',#5866,#4084,#4085);
#3629=AXIS2_PLACEMENT_3D('',#5872,#4089,#4090);
#3630=AXIS2_PLACEMENT_3D('',#5878,#4094,#4095);
#3631=AXIS2_PLACEMENT_3D('',#5881,#4098,#4099);
#3632=AXIS2_PLACEMENT_3D('',#5882,#4100,#4101);
#3633=AXIS2_PLACEMENT_3D('',#5891,#4106,#4107);
#3634=AXIS2_PLACEMENT_3D('',#5897,#4111,#4112);
#3635=AXIS2_PLACEMENT_3D('',#5903,#4116,#4117);
#3636=AXIS2_PLACEMENT_3D('',#5909,#4121,#4122);
#3637=AXIS2_PLACEMENT_3D('',#5915,#4126,#4127);
#3638=AXIS2_PLACEMENT_3D('',#5921,#4131,#4132);
#3639=AXIS2_PLACEMENT_3D('',#5927,#4136,#4137);
#3640=AXIS2_PLACEMENT_3D('',#5933,#4141,#4142);
#3641=AXIS2_PLACEMENT_3D('',#5939,#4146,#4147);
#3642=AXIS2_PLACEMENT_3D('',#5945,#4151,#4152);
#3643=AXIS2_PLACEMENT_3D('',#5951,#4156,#4157);
#3644=AXIS2_PLACEMENT_3D('',#5954,#4160,#4161);
#3645=AXIS2_PLACEMENT_3D('',#5955,#4162,#4163);
#3646=AXIS2_PLACEMENT_3D('',#5964,#4168,#4169);
#3647=AXIS2_PLACEMENT_3D('',#5970,#4173,#4174);
#3648=AXIS2_PLACEMENT_3D('',#5973,#4177,#4178);
#3649=AXIS2_PLACEMENT_3D('',#5982,#4183,#4184);
#3650=AXIS2_PLACEMENT_3D('',#5988,#4188,#4189);
#3651=AXIS2_PLACEMENT_3D('',#5994,#4193,#4194);
#3652=AXIS2_PLACEMENT_3D('',#6000,#4198,#4199);
#3653=AXIS2_PLACEMENT_3D('',#6006,#4203,#4204);
#3654=AXIS2_PLACEMENT_3D('',#6012,#4208,#4209);
#3655=AXIS2_PLACEMENT_3D('',#6018,#4213,#4214);
#3656=AXIS2_PLACEMENT_3D('',#6021,#4217,#4218);
#3657=AXIS2_PLACEMENT_3D('',#6022,#4219,#4220);
#3658=AXIS2_PLACEMENT_3D('',#6025,#4221,#4222);
#3659=AXIS2_PLACEMENT_3D('',#6029,#4224,#4225);
#3660=AXIS2_PLACEMENT_3D('',#6033,#4227,#4228);
#3661=AXIS2_PLACEMENT_3D('',#6037,#4230,#4231);
#3662=AXIS2_PLACEMENT_3D('',#6040,#4233,#4234);
#3663=AXIS2_PLACEMENT_3D('',#6042,#4235,#4236);
#3664=AXIS2_PLACEMENT_3D('',#6044,#4237,#4238);
#3665=AXIS2_PLACEMENT_3D('',#6046,#4239,#4240);
#3666=AXIS2_PLACEMENT_3D('',#6049,#4241,#4242);
#3667=AXIS2_PLACEMENT_3D('',#6053,#4244,#4245);
#3668=AXIS2_PLACEMENT_3D('',#6057,#4247,#4248);
#3669=AXIS2_PLACEMENT_3D('',#6061,#4250,#4251);
#3670=AXIS2_PLACEMENT_3D('',#6067,#4254,#4255);
#3671=AXIS2_PLACEMENT_3D('',#6070,#4257,#4258);
#3672=AXIS2_PLACEMENT_3D('',#6073,#4259,#4260);
#3673=AXIS2_PLACEMENT_3D('',#6077,#4262,#4263);
#3674=AXIS2_PLACEMENT_3D('',#6081,#4265,#4266);
#3675=AXIS2_PLACEMENT_3D('',#6085,#4268,#4269);
#3676=AXIS2_PLACEMENT_3D('',#6091,#4272,#4273);
#3677=AXIS2_PLACEMENT_3D('',#6094,#4275,#4276);
#3678=AXIS2_PLACEMENT_3D('',#6097,#4277,#4278);
#3679=AXIS2_PLACEMENT_3D('',#6101,#4280,#4281);
#3680=AXIS2_PLACEMENT_3D('',#6107,#4284,#4285);
#3681=AXIS2_PLACEMENT_3D('',#6110,#4287,#4288);
#3682=AXIS2_PLACEMENT_3D('',#6111,#4289,#4290);
#3683=AXIS2_PLACEMENT_3D('',#6112,#4291,#4292);
#3684=AXIS2_PLACEMENT_3D('',#6113,#4293,#4294);
#3685=AXIS2_PLACEMENT_3D('',#6119,#4298,#4299);
#3686=AXIS2_PLACEMENT_3D('',#6122,#4301,#4302);
#3687=AXIS2_PLACEMENT_3D('',#6123,#4303,#4304);
#3688=AXIS2_PLACEMENT_3D('',#6127,#4307,#4308);
#3689=AXIS2_PLACEMENT_3D('',#6128,#4309,#4310);
#3690=AXIS2_PLACEMENT_3D('',#6129,#4311,#4312);
#3691=AXIS2_PLACEMENT_3D('',#6133,#4314,#4315);
#3692=AXIS2_PLACEMENT_3D('',#6135,#4317,#4318);
#3693=AXIS2_PLACEMENT_3D('',#6139,#4321,#4322);
#3694=AXIS2_PLACEMENT_3D('',#6142,#4324,#4325);
#3695=AXIS2_PLACEMENT_3D('',#6143,#4326,#4327);
#3696=AXIS2_PLACEMENT_3D('',#6145,#4329,#4330);
#3697=AXIS2_PLACEMENT_3D('',#6151,#4334,#4335);
#3698=AXIS2_PLACEMENT_3D('',#6154,#4337,#4338);
#3699=AXIS2_PLACEMENT_3D('',#6155,#4339,#4340);
#3700=AXIS2_PLACEMENT_3D('',#6159,#4343,#4344);
#3701=AXIS2_PLACEMENT_3D('',#6160,#4345,#4346);
#3702=AXIS2_PLACEMENT_3D('',#6161,#4347,#4348);
#3703=AXIS2_PLACEMENT_3D('',#6165,#4350,#4351);
#3704=AXIS2_PLACEMENT_3D('',#6167,#4353,#4354);
#3705=AXIS2_PLACEMENT_3D('',#6171,#4357,#4358);
#3706=AXIS2_PLACEMENT_3D('',#6174,#4360,#4361);
#3707=AXIS2_PLACEMENT_3D('',#6175,#4362,#4363);
#3708=AXIS2_PLACEMENT_3D('',#6177,#4365,#4366);
#3709=AXIS2_PLACEMENT_3D('',#6181,#4368,#4369);
#3710=AXIS2_PLACEMENT_3D('',#6183,#4371,#4372);
#3711=AXIS2_PLACEMENT_3D('',#6187,#4375,#4376);
#3712=AXIS2_PLACEMENT_3D('',#6190,#4378,#4379);
#3713=AXIS2_PLACEMENT_3D('',#6191,#4380,#4381);
#3714=AXIS2_PLACEMENT_3D('',#6193,#4383,#4384);
#3715=AXIS2_PLACEMENT_3D('',#6199,#4388,#4389);
#3716=AXIS2_PLACEMENT_3D('',#6202,#4391,#4392);
#3717=AXIS2_PLACEMENT_3D('',#6203,#4393,#4394);
#3718=AXIS2_PLACEMENT_3D('',#6207,#4397,#4398);
#3719=AXIS2_PLACEMENT_3D('',#6208,#4399,#4400);
#3720=AXIS2_PLACEMENT_3D('',#6209,#4401,#4402);
#3721=AXIS2_PLACEMENT_3D('',#6213,#4404,#4405);
#3722=AXIS2_PLACEMENT_3D('',#6215,#4407,#4408);
#3723=AXIS2_PLACEMENT_3D('',#6219,#4411,#4412);
#3724=AXIS2_PLACEMENT_3D('',#6222,#4414,#4415);
#3725=AXIS2_PLACEMENT_3D('',#6223,#4416,#4417);
#3726=AXIS2_PLACEMENT_3D('',#6225,#4419,#4420);
#3727=AXIS2_PLACEMENT_3D('',#6229,#4422,#4423);
#3728=AXIS2_PLACEMENT_3D('',#6231,#4425,#4426);
#3729=AXIS2_PLACEMENT_3D('',#6235,#4429,#4430);
#3730=AXIS2_PLACEMENT_3D('',#6238,#4432,#4433);
#3731=AXIS2_PLACEMENT_3D('',#6239,#4434,#4435);
#3732=AXIS2_PLACEMENT_3D('',#6241,#4437,#4438);
#3733=AXIS2_PLACEMENT_3D('',#6243,#4439,#4440);
#3734=AXIS2_PLACEMENT_3D('',#6245,#4442,#4443);
#3735=AXIS2_PLACEMENT_3D('',#6249,#4445,#4446);
#3736=AXIS2_PLACEMENT_3D('',#6251,#4448,#4449);
#3737=AXIS2_PLACEMENT_3D('',#6255,#4452,#4453);
#3738=AXIS2_PLACEMENT_3D('',#6259,#4455,#4456);
#3739=AXIS2_PLACEMENT_3D('',#6263,#4458,#4459);
#3740=AXIS2_PLACEMENT_3D('',#6266,#4461,#4462);
#3741=AXIS2_PLACEMENT_3D('',#6268,#4463,#4464);
#3742=AXIS2_PLACEMENT_3D('',#6270,#4465,#4466);
#3743=AXIS2_PLACEMENT_3D('',#6272,#4467,#4468);
#3744=AXIS2_PLACEMENT_3D('',#6273,#4469,#4470);
#3745=AXIS2_PLACEMENT_3D('',#6275,#4472,#4473);
#3746=AXIS2_PLACEMENT_3D('',#6277,#4475,#4476);
#3747=AXIS2_PLACEMENT_3D('',#6279,#4478,#4479);
#3748=AXIS2_PLACEMENT_3D('',#6281,#4481,#4482);
#3749=AXIS2_PLACEMENT_3D('',#6283,#4484,#4485);
#3750=AXIS2_PLACEMENT_3D('',#6285,#4487,#4488);
#3751=AXIS2_PLACEMENT_3D('',#6287,#4490,#4491);
#3752=AXIS2_PLACEMENT_3D('',#6289,#4493,#4494);
#3753=AXIS2_PLACEMENT_3D('',#6290,#4495,#4496);
#3754=DIRECTION('axis',(0.,0.,1.));
#3755=DIRECTION('refdir',(1.,0.,0.));
#3756=DIRECTION('',(0.,0.,-1.));
#3757=DIRECTION('',(0.,0.,-1.));
#3758=DIRECTION('center_axis',(0.999995726075759,-0.00292366725458756,0.));
#3759=DIRECTION('ref_axis',(-0.00292366725458756,-0.999995726075759,0.));
#3760=DIRECTION('',(-0.00292366725458756,-0.999995726075759,0.));
#3761=DIRECTION('',(0.,0.,-1.));
#3762=DIRECTION('',(-0.00292366725458756,-0.999995726075759,0.));
#3763=DIRECTION('',(0.,0.,-1.));
#3764=DIRECTION('',(0.,0.,-1.));
#3765=DIRECTION('',(0.,0.,-1.));
#3766=DIRECTION('',(0.,0.,-1.));
#3767=DIRECTION('center_axis',(-0.999995726075759,0.00292366725458756,0.));
#3768=DIRECTION('ref_axis',(0.00292366725458756,0.999995726075759,0.));
#3769=DIRECTION('',(0.00292366725458756,0.999995726075759,0.));
#3770=DIRECTION('',(0.,0.,-1.));
#3771=DIRECTION('',(0.00292366725458756,0.999995726075759,0.));
#3772=DIRECTION('',(0.,0.,-1.));
#3773=DIRECTION('',(0.,0.,-1.));
#3774=DIRECTION('',(0.,0.,-1.));
#3775=DIRECTION('',(0.,0.,-1.));
#3776=DIRECTION('',(0.,0.,-1.));
#3777=DIRECTION('center_axis',(0.999995726075759,-0.00292366725458766,0.));
#3778=DIRECTION('ref_axis',(-0.00292366725458766,-0.999995726075759,0.));
#3779=DIRECTION('',(-0.00292366725458766,-0.999995726075759,0.));
#3780=DIRECTION('',(0.,0.,-1.));
#3781=DIRECTION('',(-0.00292366725458766,-0.999995726075759,0.));
#3782=DIRECTION('',(0.,0.,-1.));
#3783=DIRECTION('',(0.,0.,-1.));
#3784=DIRECTION('',(0.,0.,-1.));
#3785=DIRECTION('',(0.,0.,-1.));
#3786=DIRECTION('',(0.,0.,-1.));
#3787=DIRECTION('',(0.,0.,-1.));
#3788=DIRECTION('center_axis',(-0.999995726075759,0.00292366725458766,0.));
#3789=DIRECTION('ref_axis',(0.00292366725458766,0.999995726075759,0.));
#3790=DIRECTION('',(0.00292366725458766,0.999995726075759,0.));
#3791=DIRECTION('',(0.,0.,-1.));
#3792=DIRECTION('',(0.00292366725458766,0.999995726075759,0.));
#3793=DIRECTION('',(0.,0.,-1.));
#3794=DIRECTION('',(0.,0.,-1.));
#3795=DIRECTION('',(0.,0.,-1.));
#3796=DIRECTION('center_axis',(0.,0.,1.));
#3797=DIRECTION('ref_axis',(-1.,0.,0.));
#3798=DIRECTION('center_axis',(-0.999995726075759,0.00292366725458754,0.));
#3799=DIRECTION('ref_axis',(0.00292366725458754,0.999995726075759,0.));
#3800=DIRECTION('',(0.00292366725458754,0.999995726075759,0.));
#3801=DIRECTION('',(0.,0.,-1.));
#3802=DIRECTION('',(0.00292366725458754,0.999995726075759,0.));
#3803=DIRECTION('',(0.,0.,-1.));
#3804=DIRECTION('center_axis',(-0.00292366725458755,-0.999995726075759,
0.));
#3805=DIRECTION('ref_axis',(-0.999995726075759,0.00292366725458755,0.));
#3806=DIRECTION('',(-0.999995726075759,0.00292366725458755,0.));
#3807=DIRECTION('',(0.,0.,-1.));
#3808=DIRECTION('',(-0.999995726075759,0.00292366725458755,0.));
#3809=DIRECTION('center_axis',(0.999995726075759,-0.00292366725458747,0.));
#3810=DIRECTION('ref_axis',(-0.00292366725458747,-0.999995726075759,0.));
#3811=DIRECTION('',(-0.00292366725458747,-0.999995726075759,0.));
#3812=DIRECTION('',(0.,0.,-1.));
#3813=DIRECTION('',(-0.00292366725458747,-0.999995726075759,0.));
#3814=DIRECTION('center_axis',(0.00292366725458837,0.999995726075759,0.));
#3815=DIRECTION('ref_axis',(0.999995726075759,-0.00292366725458837,0.));
#3816=DIRECTION('',(0.999995726075759,-0.00292366725458837,0.));
#3817=DIRECTION('',(0.,0.,-1.));
#3818=DIRECTION('',(0.999995726075759,-0.00292366725458837,0.));
#3819=DIRECTION('center_axis',(-0.999995726075759,0.00292366725458753,0.));
#3820=DIRECTION('ref_axis',(0.00292366725458753,0.999995726075759,0.));
#3821=DIRECTION('',(0.00292366725458753,0.999995726075759,0.));
#3822=DIRECTION('',(0.,0.,-1.));
#3823=DIRECTION('',(0.00292366725458753,0.999995726075759,0.));
#3824=DIRECTION('center_axis',(-0.00292366725458752,-0.999995726075759,
0.));
#3825=DIRECTION('ref_axis',(-0.999995726075759,0.00292366725458752,0.));
#3826=DIRECTION('',(-0.999995726075759,0.00292366725458752,0.));
#3827=DIRECTION('',(-0.999995726075759,0.00292366725458752,0.));
#3828=DIRECTION('center_axis',(0.,0.,-1.));
#3829=DIRECTION('ref_axis',(-1.,0.,0.));
#3830=DIRECTION('center_axis',(-0.999995726075759,0.00292366725458769,0.));
#3831=DIRECTION('ref_axis',(0.00292366725458769,0.999995726075759,0.));
#3832=DIRECTION('',(0.00292366725458769,0.999995726075759,0.));
#3833=DIRECTION('',(0.,0.,-1.));
#3834=DIRECTION('',(0.00292366725458769,0.999995726075759,0.));
#3835=DIRECTION('',(0.,0.,-1.));
#3836=DIRECTION('center_axis',(-0.0029236672545883,-0.999995726075759,0.));
#3837=DIRECTION('ref_axis',(-0.999995726075759,0.0029236672545883,0.));
#3838=DIRECTION('',(-0.999995726075759,0.0029236672545883,0.));
#3839=DIRECTION('',(0.,0.,-1.));
#3840=DIRECTION('',(-0.999995726075759,0.0029236672545883,0.));
#3841=DIRECTION('center_axis',(0.999995726075759,-0.0029236672545875,0.));
#3842=DIRECTION('ref_axis',(-0.0029236672545875,-0.999995726075759,0.));
#3843=DIRECTION('',(-0.0029236672545875,-0.999995726075759,0.));
#3844=DIRECTION('',(0.,0.,-1.));
#3845=DIRECTION('',(-0.0029236672545875,-0.999995726075759,0.));
#3846=DIRECTION('center_axis',(0.0029236672545883,0.999995726075759,0.));
#3847=DIRECTION('ref_axis',(0.999995726075759,-0.0029236672545883,0.));
#3848=DIRECTION('',(0.999995726075759,-0.0029236672545883,0.));
#3849=DIRECTION('',(0.,0.,-1.));
#3850=DIRECTION('',(0.999995726075759,-0.0029236672545883,0.));
#3851=DIRECTION('center_axis',(-0.999995726075759,0.00292366725458745,0.));
#3852=DIRECTION('ref_axis',(0.00292366725458745,0.999995726075759,0.));
#3853=DIRECTION('',(0.00292366725458745,0.999995726075759,0.));
#3854=DIRECTION('',(0.,0.,-1.));
#3855=DIRECTION('',(0.00292366725458745,0.999995726075759,0.));
#3856=DIRECTION('center_axis',(-0.00292366725458737,-0.999995726075759,
0.));
#3857=DIRECTION('ref_axis',(-0.999995726075759,0.00292366725458737,0.));
#3858=DIRECTION('',(-0.999995726075759,0.00292366725458737,0.));
#3859=DIRECTION('',(0.,0.,-1.));
#3860=DIRECTION('',(-0.999995726075759,0.00292366725458737,0.));
#3861=DIRECTION('center_axis',(-0.999995726075759,0.00292366725458756,0.));
#3862=DIRECTION('ref_axis',(0.00292366725458756,0.999995726075759,0.));
#3863=DIRECTION('',(0.00292366725458756,0.999995726075759,0.));
#3864=DIRECTION('',(0.,0.,-1.));
#3865=DIRECTION('',(0.00292366725458756,0.999995726075759,0.));
#3866=DIRECTION('center_axis',(0.00292366725458867,0.999995726075759,0.));
#3867=DIRECTION('ref_axis',(0.999995726075759,-0.00292366725458867,0.));
#3868=DIRECTION('',(0.999995726075759,-0.00292366725458867,0.));
#3869=DIRECTION('',(0.,0.,-1.));
#3870=DIRECTION('',(0.999995726075759,-0.00292366725458867,0.));
#3871=DIRECTION('center_axis',(-0.999995726075759,0.0029236672545874,0.));
#3872=DIRECTION('ref_axis',(0.0029236672545874,0.999995726075759,0.));
#3873=DIRECTION('',(0.0029236672545874,0.999995726075759,0.));
#3874=DIRECTION('',(0.,0.,-1.));
#3875=DIRECTION('',(0.0029236672545874,0.999995726075759,0.));
#3876=DIRECTION('center_axis',(-0.00292366725458867,-0.999995726075759,
0.));
#3877=DIRECTION('ref_axis',(-0.999995726075759,0.00292366725458867,0.));
#3878=DIRECTION('',(-0.999995726075759,0.00292366725458867,0.));
#3879=DIRECTION('',(0.,0.,-1.));
#3880=DIRECTION('',(-0.999995726075759,0.00292366725458867,0.));
#3881=DIRECTION('center_axis',(-0.999995726075759,0.00292366725458761,0.));
#3882=DIRECTION('ref_axis',(0.00292366725458761,0.999995726075759,0.));
#3883=DIRECTION('',(0.00292366725458761,0.999995726075759,0.));
#3884=DIRECTION('',(0.,0.,-1.));
#3885=DIRECTION('',(0.00292366725458761,0.999995726075759,0.));
#3886=DIRECTION('center_axis',(0.00292366725458737,0.999995726075759,0.));
#3887=DIRECTION('ref_axis',(0.999995726075759,-0.00292366725458737,0.));
#3888=DIRECTION('',(0.999995726075759,-0.00292366725458737,0.));
#3889=DIRECTION('',(0.999995726075759,-0.00292366725458737,0.));
#3890=DIRECTION('center_axis',(0.,0.,-1.));
#3891=DIRECTION('ref_axis',(-1.,0.,0.));
#3892=DIRECTION('center_axis',(-0.999995726075759,0.00292366725458758,0.));
#3893=DIRECTION('ref_axis',(0.00292366725458758,0.999995726075759,0.));
#3894=DIRECTION('',(0.00292366725458758,0.999995726075759,0.));
#3895=DIRECTION('',(0.,0.,-1.));
#3896=DIRECTION('',(0.00292366725458758,0.999995726075759,0.));
#3897=DIRECTION('',(0.,0.,-1.));
#3898=DIRECTION('center_axis',(-0.00292366725458745,-0.999995726075759,
0.));
#3899=DIRECTION('ref_axis',(-0.999995726075759,0.00292366725458745,0.));
#3900=DIRECTION('',(-0.999995726075759,0.00292366725458745,0.));
#3901=DIRECTION('',(0.,0.,-1.));
#3902=DIRECTION('',(-0.999995726075759,0.00292366725458745,0.));
#3903=DIRECTION('center_axis',(0.488463928563117,-0.872584087920864,0.));
#3904=DIRECTION('ref_axis',(-0.872584087920864,-0.488463928563117,0.));
#3905=DIRECTION('',(-0.872584087920864,-0.488463928563117,0.));
#3906=DIRECTION('',(0.,0.,-1.));
#3907=DIRECTION('',(-0.872584087920864,-0.488463928563117,0.));
#3908=DIRECTION('center_axis',(0.87929142960613,0.476284139795992,0.));
#3909=DIRECTION('ref_axis',(0.476284139795992,-0.87929142960613,0.));
#3910=DIRECTION('',(0.476284139795992,-0.87929142960613,0.));
#3911=DIRECTION('',(0.,0.,-1.));
#3912=DIRECTION('',(0.476284139795992,-0.87929142960613,0.));
#3913=DIRECTION('center_axis',(-0.380517263303217,0.924773816848331,0.));
#3914=DIRECTION('ref_axis',(0.924773816848331,0.380517263303217,0.));
#3915=DIRECTION('',(0.924773816848331,0.380517263303217,0.));
#3916=DIRECTION('',(0.,0.,-1.));
#3917=DIRECTION('',(0.924773816848331,0.380517263303217,0.));
#3918=DIRECTION('center_axis',(0.999995726075759,-0.0029236672545875,0.));
#3919=DIRECTION('ref_axis',(-0.0029236672545875,-0.999995726075759,0.));
#3920=DIRECTION('',(-0.0029236672545875,-0.999995726075759,0.));
#3921=DIRECTION('',(0.,0.,-1.));
#3922=DIRECTION('',(-0.0029236672545875,-0.999995726075759,0.));
#3923=DIRECTION('center_axis',(-0.00292366725458667,-0.999995726075759,
0.));
#3924=DIRECTION('ref_axis',(-0.999995726075759,0.00292366725458667,0.));
#3925=DIRECTION('',(-0.999995726075759,0.00292366725458667,0.));
#3926=DIRECTION('',(0.,0.,-1.));
#3927=DIRECTION('',(-0.999995726075759,0.00292366725458667,0.));
#3928=DIRECTION('center_axis',(0.999995726075759,-0.00292366725458769,0.));
#3929=DIRECTION('ref_axis',(-0.00292366725458769,-0.999995726075759,0.));
#3930=DIRECTION('',(-0.00292366725458769,-0.999995726075759,0.));
#3931=DIRECTION('',(0.,0.,-1.));
#3932=DIRECTION('',(-0.00292366725458769,-0.999995726075759,0.));
#3933=DIRECTION('center_axis',(0.00292366725458793,0.999995726075759,0.));
#3934=DIRECTION('ref_axis',(0.999995726075759,-0.00292366725458793,0.));
#3935=DIRECTION('',(0.999995726075759,-0.00292366725458793,0.));
#3936=DIRECTION('',(0.,0.,-1.));
#3937=DIRECTION('',(0.999995726075759,-0.00292366725458793,0.));
#3938=DIRECTION('center_axis',(-0.999995726075759,0.00292366725458769,0.));
#3939=DIRECTION('ref_axis',(0.00292366725458769,0.999995726075759,0.));
#3940=DIRECTION('',(0.00292366725458769,0.999995726075759,0.));
#3941=DIRECTION('',(0.,0.,-1.));
#3942=DIRECTION('',(0.00292366725458769,0.999995726075759,0.));
#3943=DIRECTION('center_axis',(-0.00292366725458787,-0.999995726075759,
0.));
#3944=DIRECTION('ref_axis',(-0.999995726075759,0.00292366725458787,0.));
#3945=DIRECTION('',(-0.999995726075759,0.00292366725458787,0.));
#3946=DIRECTION('',(-0.999995726075759,0.00292366725458787,0.));
#3947=DIRECTION('center_axis',(0.,0.,-1.));
#3948=DIRECTION('ref_axis',(-1.,0.,0.));
#3949=DIRECTION('',(0.,0.,-1.));
#3950=DIRECTION('',(0.,0.,-1.));
#3951=DIRECTION('',(0.,0.,-1.));
#3952=DIRECTION('center_axis',(-0.999995726075759,0.00292366725458582,0.));
#3953=DIRECTION('ref_axis',(0.00292366725458582,0.999995726075759,0.));
#3954=DIRECTION('',(0.00292366725458582,0.999995726075759,0.));
#3955=DIRECTION('',(0.,0.,-1.));
#3956=DIRECTION('',(0.00292366725458582,0.999995726075759,0.));
#3957=DIRECTION('',(0.,0.,-1.));
#3958=DIRECTION('',(0.,0.,-1.));
#3959=DIRECTION('',(0.,0.,-1.));
#3960=DIRECTION('',(0.,0.,-1.));
#3961=DIRECTION('',(0.,0.,-1.));
#3962=DIRECTION('center_axis',(0.831676755550631,0.555260096060194,0.));
#3963=DIRECTION('ref_axis',(0.555260096060194,-0.831676755550631,0.));
#3964=DIRECTION('',(0.555260096060194,-0.831676755550631,0.));
#3965=DIRECTION('',(0.,0.,-1.));
#3966=DIRECTION('',(0.555260096060194,-0.831676755550631,0.));
#3967=DIRECTION('',(0.,0.,-1.));
#3968=DIRECTION('',(0.,0.,-1.));
#3969=DIRECTION('',(0.,0.,-1.));
#3970=DIRECTION('',(0.,0.,-1.));
#3971=DIRECTION('center_axis',(0.999995726075759,-0.0029236672545924,0.));
#3972=DIRECTION('ref_axis',(-0.0029236672545924,-0.999995726075759,0.));
#3973=DIRECTION('',(-0.0029236672545924,-0.999995726075759,0.));
#3974=DIRECTION('',(0.,0.,-1.));
#3975=DIRECTION('',(-0.0029236672545924,-0.999995726075759,0.));
#3976=DIRECTION('',(0.,0.,-1.));
#3977=DIRECTION('',(0.,0.,-1.));
#3978=DIRECTION('center_axis',(0.548279917072665,-0.836294883719129,0.));
#3979=DIRECTION('ref_axis',(-0.836294883719129,-0.548279917072665,0.));
#3980=DIRECTION('',(-0.836294883719129,-0.548279917072665,0.));
#3981=DIRECTION('',(0.,0.,-1.));
#3982=DIRECTION('',(-0.836294883719129,-0.548279917072665,0.));
#3983=DIRECTION('',(0.,0.,-1.));
#3984=DIRECTION('',(0.,0.,-1.));
#3985=DIRECTION('center_axis',(0.999995726075759,-0.00292366725458805,0.));
#3986=DIRECTION('ref_axis',(-0.00292366725458805,-0.999995726075759,0.));
#3987=DIRECTION('',(-0.00292366725458805,-0.999995726075759,0.));
#3988=DIRECTION('',(0.,0.,-1.));
#3989=DIRECTION('',(-0.00292366725458805,-0.999995726075759,0.));
#3990=DIRECTION('center_axis',(0.0029236672545882,0.999995726075759,0.));
#3991=DIRECTION('ref_axis',(0.999995726075759,-0.0029236672545882,0.));
#3992=DIRECTION('',(0.999995726075759,-0.0029236672545882,0.));
#3993=DIRECTION('',(0.,0.,-1.));
#3994=DIRECTION('',(0.999995726075759,-0.0029236672545882,0.));
#3995=DIRECTION('center_axis',(-0.999995726075759,0.00292366725458723,0.));
#3996=DIRECTION('ref_axis',(0.00292366725458723,0.999995726075759,0.));
#3997=DIRECTION('',(0.00292366725458723,0.999995726075759,0.));
#3998=DIRECTION('',(0.,0.,-1.));
#3999=DIRECTION('',(0.00292366725458723,0.999995726075759,0.));
#4000=DIRECTION('center_axis',(-0.00292366725458747,-0.999995726075759,
0.));
#4001=DIRECTION('ref_axis',(-0.999995726075759,0.00292366725458747,0.));
#4002=DIRECTION('',(-0.999995726075759,0.00292366725458747,0.));
#4003=DIRECTION('',(0.,0.,-1.));
#4004=DIRECTION('',(-0.999995726075759,0.00292366725458747,0.));
#4005=DIRECTION('',(0.,0.,-1.));
#4006=DIRECTION('',(0.,0.,-1.));
#4007=DIRECTION('center_axis',(-0.554307044433693,0.832312261408652,0.));
#4008=DIRECTION('ref_axis',(0.832312261408652,0.554307044433693,0.));
#4009=DIRECTION('',(0.832312261408652,0.554307044433693,0.));
#4010=DIRECTION('',(0.832312261408652,0.554307044433693,0.));
#4011=DIRECTION('center_axis',(0.,0.,1.));
#4012=DIRECTION('ref_axis',(-1.,0.,0.));
#4013=DIRECTION('',(0.,0.,-1.));
#4014=DIRECTION('',(0.,0.,-1.));
#4015=DIRECTION('',(0.,0.,-1.));
#4016=DIRECTION('center_axis',(-0.00292366725458631,-0.999995726075759,
0.));
#4017=DIRECTION('ref_axis',(-0.999995726075759,0.00292366725458631,0.));
#4018=DIRECTION('',(-0.999995726075759,0.00292366725458631,0.));
#4019=DIRECTION('',(0.,0.,-1.));
#4020=DIRECTION('',(-0.999995726075759,0.00292366725458631,0.));
#4021=DIRECTION('center_axis',(-0.999995726075759,0.00292366725458754,0.));
#4022=DIRECTION('ref_axis',(0.00292366725458754,0.999995726075759,0.));
#4023=DIRECTION('',(0.00292366725458754,0.999995726075759,0.));
#4024=DIRECTION('',(0.,0.,-1.));
#4025=DIRECTION('',(0.00292366725458754,0.999995726075759,0.));
#4026=DIRECTION('center_axis',(0.00292366725458795,0.999995726075759,0.));
#4027=DIRECTION('ref_axis',(0.999995726075759,-0.00292366725458795,0.));
#4028=DIRECTION('',(0.999995726075759,-0.00292366725458795,0.));
#4029=DIRECTION('',(0.,0.,-1.));
#4030=DIRECTION('',(0.999995726075759,-0.00292366725458795,0.));
#4031=DIRECTION('',(0.,0.,-1.));
#4032=DIRECTION('',(0.,0.,-1.));
#4033=DIRECTION('center_axis',(0.999995726075759,-0.00292366725458758,0.));
#4034=DIRECTION('ref_axis',(-0.00292366725458758,-0.999995726075759,0.));
#4035=DIRECTION('',(-0.00292366725458758,-0.999995726075759,0.));
#4036=DIRECTION('',(-0.00292366725458758,-0.999995726075759,0.));
#4037=DIRECTION('center_axis',(0.999995726075759,-0.00292366725458747,0.));
#4038=DIRECTION('ref_axis',(-0.00292366725458747,-0.999995726075759,0.));
#4039=DIRECTION('',(-0.00292366725458747,-0.999995726075759,0.));
#4040=DIRECTION('',(0.,0.,-1.));
#4041=DIRECTION('',(-0.00292366725458747,-0.999995726075759,0.));
#4042=DIRECTION('',(0.,0.,-1.));
#4043=DIRECTION('center_axis',(0.00292366725458876,0.999995726075759,0.));
#4044=DIRECTION('ref_axis',(0.999995726075759,-0.00292366725458876,0.));
#4045=DIRECTION('',(0.999995726075759,-0.00292366725458876,0.));
#4046=DIRECTION('',(0.,0.,-1.));
#4047=DIRECTION('',(0.999995726075759,-0.00292366725458876,0.));
#4048=DIRECTION('',(0.,0.,-1.));
#4049=DIRECTION('',(0.,0.,-1.));
#4050=DIRECTION('center_axis',(-0.999995726075759,0.00292366725458788,0.));
#4051=DIRECTION('ref_axis',(0.00292366725458788,0.999995726075759,0.));
#4052=DIRECTION('',(0.00292366725458788,0.999995726075759,0.));
#4053=DIRECTION('',(0.,0.,-1.));
#4054=DIRECTION('',(0.00292366725458788,0.999995726075759,0.));
#4055=DIRECTION('',(0.,0.,-1.));
#4056=DIRECTION('',(0.,0.,-1.));
#4057=DIRECTION('center_axis',(-0.00292366725458812,-0.999995726075759,
0.));
#4058=DIRECTION('ref_axis',(-0.999995726075759,0.00292366725458812,0.));
#4059=DIRECTION('',(-0.999995726075759,0.00292366725458812,0.));
#4060=DIRECTION('',(-0.999995726075759,0.00292366725458812,0.));
#4061=DIRECTION('center_axis',(0.,0.,1.));
#4062=DIRECTION('ref_axis',(-1.,0.,0.));
#4063=DIRECTION('center_axis',(-0.00292366725458838,-0.999995726075759,
0.));
#4064=DIRECTION('ref_axis',(-0.999995726075759,0.00292366725458838,0.));
#4065=DIRECTION('',(-0.999995726075759,0.00292366725458838,0.));
#4066=DIRECTION('',(0.,0.,-1.));
#4067=DIRECTION('',(-0.999995726075759,0.00292366725458838,0.));
#4068=DIRECTION('',(0.,0.,-1.));
#4069=DIRECTION('center_axis',(0.982710816911386,-0.18514710455569,0.));
#4070=DIRECTION('ref_axis',(-0.18514710455569,-0.982710816911386,0.));
#4071=DIRECTION('',(-0.18514710455569,-0.982710816911386,0.));
#4072=DIRECTION('',(0.,0.,-1.));
#4073=DIRECTION('',(-0.18514710455569,-0.982710816911386,0.));
#4074=DIRECTION('center_axis',(-0.98332082312841,-0.181879517269171,0.));
#4075=DIRECTION('ref_axis',(-0.181879517269171,0.98332082312841,0.));
#4076=DIRECTION('',(-0.181879517269171,0.98332082312841,0.));
#4077=DIRECTION('',(0.,0.,-1.));
#4078=DIRECTION('',(-0.181879517269171,0.98332082312841,0.));
#4079=DIRECTION('center_axis',(-0.00292366725458818,-0.999995726075759,
0.));
#4080=DIRECTION('ref_axis',(-0.999995726075759,0.00292366725458818,0.));
#4081=DIRECTION('',(-0.999995726075759,0.00292366725458818,0.));
#4082=DIRECTION('',(0.,0.,-1.));
#4083=DIRECTION('',(-0.999995726075759,0.00292366725458818,0.));
#4084=DIRECTION('center_axis',(0.962191202483652,0.272374906816074,0.));
#4085=DIRECTION('ref_axis',(0.272374906816074,-0.962191202483652,0.));
#4086=DIRECTION('',(0.272374906816074,-0.962191202483652,0.));
#4087=DIRECTION('',(0.,0.,-1.));
#4088=DIRECTION('',(0.272374906816074,-0.962191202483652,0.));
#4089=DIRECTION('center_axis',(0.00292366725458866,0.999995726075759,0.));
#4090=DIRECTION('ref_axis',(0.999995726075759,-0.00292366725458866,0.));
#4091=DIRECTION('',(0.999995726075759,-0.00292366725458866,0.));
#4092=DIRECTION('',(0.,0.,-1.));
#4093=DIRECTION('',(0.999995726075759,-0.00292366725458866,0.));
#4094=DIRECTION('center_axis',(-0.962449364885325,0.271461268014123,0.));
#4095=DIRECTION('ref_axis',(0.271461268014123,0.962449364885325,0.));
#4096=DIRECTION('',(0.271461268014123,0.962449364885325,0.));
#4097=DIRECTION('',(0.271461268014123,0.962449364885325,0.));
#4098=DIRECTION('center_axis',(0.,0.,-1.));
#4099=DIRECTION('ref_axis',(-1.,0.,0.));
#4100=DIRECTION('center_axis',(-0.999995726075759,0.0029236672545874,0.));
#4101=DIRECTION('ref_axis',(0.0029236672545874,0.999995726075759,0.));
#4102=DIRECTION('',(0.0029236672545874,0.999995726075759,0.));
#4103=DIRECTION('',(0.,0.,-1.));
#4104=DIRECTION('',(0.0029236672545874,0.999995726075759,0.));
#4105=DIRECTION('',(0.,0.,-1.));
#4106=DIRECTION('center_axis',(-0.00292366725458758,-0.999995726075759,
0.));
#4107=DIRECTION('ref_axis',(-0.999995726075759,0.00292366725458758,0.));
#4108=DIRECTION('',(-0.999995726075759,0.00292366725458758,0.));
#4109=DIRECTION('',(0.,0.,-1.));
#4110=DIRECTION('',(-0.999995726075759,0.00292366725458758,0.));
#4111=DIRECTION('center_axis',(0.999995726075759,-0.00292366725458805,0.));
#4112=DIRECTION('ref_axis',(-0.00292366725458805,-0.999995726075759,0.));
#4113=DIRECTION('',(-0.00292366725458805,-0.999995726075759,0.));
#4114=DIRECTION('',(0.,0.,-1.));
#4115=DIRECTION('',(-0.00292366725458805,-0.999995726075759,0.));
#4116=DIRECTION('center_axis',(0.00292366725458981,0.999995726075759,0.));
#4117=DIRECTION('ref_axis',(0.999995726075759,-0.00292366725458981,0.));
#4118=DIRECTION('',(0.999995726075759,-0.00292366725458981,0.));
#4119=DIRECTION('',(0.,0.,-1.));
#4120=DIRECTION('',(0.999995726075759,-0.00292366725458981,0.));
#4121=DIRECTION('center_axis',(0.999995726075759,-0.00292366725458741,0.));
#4122=DIRECTION('ref_axis',(-0.00292366725458741,-0.999995726075759,0.));
#4123=DIRECTION('',(-0.00292366725458741,-0.999995726075759,0.));
#4124=DIRECTION('',(0.,0.,-1.));
#4125=DIRECTION('',(-0.00292366725458741,-0.999995726075759,0.));
#4126=DIRECTION('center_axis',(-0.00292366725458981,-0.999995726075759,
0.));
#4127=DIRECTION('ref_axis',(-0.999995726075759,0.00292366725458981,0.));
#4128=DIRECTION('',(-0.999995726075759,0.00292366725458981,0.));
#4129=DIRECTION('',(0.,0.,-1.));
#4130=DIRECTION('',(-0.999995726075759,0.00292366725458981,0.));
#4131=DIRECTION('center_axis',(0.999995726075759,-0.00292366725458769,0.));
#4132=DIRECTION('ref_axis',(-0.00292366725458769,-0.999995726075759,0.));
#4133=DIRECTION('',(-0.00292366725458769,-0.999995726075759,0.));
#4134=DIRECTION('',(0.,0.,-1.));
#4135=DIRECTION('',(-0.00292366725458769,-0.999995726075759,0.));
#4136=DIRECTION('center_axis',(0.00292366725458758,0.999995726075759,0.));
#4137=DIRECTION('ref_axis',(0.999995726075759,-0.00292366725458758,0.));
#4138=DIRECTION('',(0.999995726075759,-0.00292366725458758,0.));
#4139=DIRECTION('',(0.,0.,-1.));
#4140=DIRECTION('',(0.999995726075759,-0.00292366725458758,0.));
#4141=DIRECTION('center_axis',(-0.999995726075759,0.00292366725458769,0.));
#4142=DIRECTION('ref_axis',(0.00292366725458769,0.999995726075759,0.));
#4143=DIRECTION('',(0.00292366725458769,0.999995726075759,0.));
#4144=DIRECTION('',(0.,0.,-1.));
#4145=DIRECTION('',(0.00292366725458769,0.999995726075759,0.));
#4146=DIRECTION('center_axis',(-0.00292366725459001,-0.999995726075759,
0.));
#4147=DIRECTION('ref_axis',(-0.999995726075759,0.00292366725459001,0.));
#4148=DIRECTION('',(-0.999995726075759,0.00292366725459001,0.));
#4149=DIRECTION('',(0.,0.,-1.));
#4150=DIRECTION('',(-0.999995726075759,0.00292366725459001,0.));
#4151=DIRECTION('center_axis',(-0.999995726075759,0.00292366725458741,0.));
#4152=DIRECTION('ref_axis',(0.00292366725458741,0.999995726075759,0.));
#4153=DIRECTION('',(0.00292366725458741,0.999995726075759,0.));
#4154=DIRECTION('',(0.,0.,-1.));
#4155=DIRECTION('',(0.00292366725458741,0.999995726075759,0.));
#4156=DIRECTION('center_axis',(0.00292366725459001,0.999995726075759,0.));
#4157=DIRECTION('ref_axis',(0.999995726075759,-0.00292366725459001,0.));
#4158=DIRECTION('',(0.999995726075759,-0.00292366725459001,0.));
#4159=DIRECTION('',(0.999995726075759,-0.00292366725459001,0.));
#4160=DIRECTION('center_axis',(0.,0.,-1.));
#4161=DIRECTION('ref_axis',(-1.,0.,0.));
#4162=DIRECTION('center_axis',(-0.00292366725458919,-0.999995726075759,
0.));
#4163=DIRECTION('ref_axis',(-0.999995726075759,0.00292366725458919,0.));
#4164=DIRECTION('',(-0.999995726075759,0.00292366725458919,0.));
#4165=DIRECTION('',(0.,0.,-1.));
#4166=DIRECTION('',(-0.999995726075759,0.00292366725458919,0.));
#4167=DIRECTION('',(0.,0.,-1.));
#4168=DIRECTION('center_axis',(-0.981220089227099,0.192891514839725,0.));
#4169=DIRECTION('ref_axis',(0.192891514839725,0.981220089227099,0.));
#4170=DIRECTION('',(0.192891514839725,0.981220089227099,0.));
#4171=DIRECTION('',(0.,0.,-1.));
#4172=DIRECTION('',(0.192891514839725,0.981220089227099,0.));
#4173=DIRECTION('center_axis',(0.98233121101233,0.187150719664789,0.));
#4174=DIRECTION('ref_axis',(0.187150719664789,-0.98233121101233,0.));
#4175=DIRECTION('',(0.187150719664789,-0.98233121101233,0.));
#4176=DIRECTION('',(0.187150719664789,-0.98233121101233,0.));
#4177=DIRECTION('center_axis',(0.00292366725458818,0.999995726075759,0.));
#4178=DIRECTION('ref_axis',(0.999995726075759,-0.00292366725458818,0.));
#4179=DIRECTION('',(0.999995726075759,-0.00292366725458818,0.));
#4180=DIRECTION('',(0.,0.,-1.));
#4181=DIRECTION('',(0.999995726075759,-0.00292366725458818,0.));
#4182=DIRECTION('',(0.,0.,-1.));
#4183=DIRECTION('center_axis',(-0.962681444113066,-0.270637094945207,0.));
#4184=DIRECTION('ref_axis',(-0.270637094945207,0.962681444113066,0.));
#4185=DIRECTION('',(-0.270637094945207,0.962681444113066,0.));
#4186=DIRECTION('',(0.,0.,-1.));
#4187=DIRECTION('',(-0.270637094945207,0.962681444113066,0.));
#4188=DIRECTION('center_axis',(-0.00292366725458791,-0.999995726075759,
0.));
#4189=DIRECTION('ref_axis',(-0.999995726075759,0.00292366725458791,0.));
#4190=DIRECTION('',(-0.999995726075759,0.00292366725458791,0.));
#4191=DIRECTION('',(0.,0.,-1.));
#4192=DIRECTION('',(-0.999995726075759,0.00292366725458791,0.));
#4193=DIRECTION('center_axis',(0.966054472269739,-0.258338453598446,0.));
#4194=DIRECTION('ref_axis',(-0.258338453598446,-0.966054472269739,0.));
#4195=DIRECTION('',(-0.258338453598446,-0.966054472269739,0.));
#4196=DIRECTION('',(0.,0.,-1.));
#4197=DIRECTION('',(-0.258338453598446,-0.966054472269739,0.));
#4198=DIRECTION('center_axis',(0.00292366725458803,0.999995726075759,0.));
#4199=DIRECTION('ref_axis',(0.999995726075759,-0.00292366725458803,0.));
#4200=DIRECTION('',(0.999995726075759,-0.00292366725458803,0.));
#4201=DIRECTION('',(0.,0.,-1.));
#4202=DIRECTION('',(0.999995726075759,-0.00292366725458803,0.));
#4203=DIRECTION('center_axis',(-0.97479282760643,0.223111952272983,0.));
#4204=DIRECTION('ref_axis',(0.223111952272982,0.974792827606429,0.));
#4205=DIRECTION('',(0.223111952272982,0.974792827606429,0.));
#4206=DIRECTION('',(0.,0.,-1.));
#4207=DIRECTION('',(0.223111952272982,0.974792827606429,0.));
#4208=DIRECTION('center_axis',(0.00292366725458761,0.999995726075759,0.));
#4209=DIRECTION('ref_axis',(0.999995726075759,-0.00292366725458761,0.));
#4210=DIRECTION('',(0.999995726075759,-0.00292366725458761,0.));
#4211=DIRECTION('',(0.,0.,-1.));
#4212=DIRECTION('',(0.999995726075759,-0.00292366725458761,0.));
#4213=DIRECTION('center_axis',(0.96900383982369,0.247045660570966,0.));
#4214=DIRECTION('ref_axis',(0.247045660570966,-0.96900383982369,0.));
#4215=DIRECTION('',(0.247045660570966,-0.96900383982369,0.));
#4216=DIRECTION('',(0.247045660570966,-0.96900383982369,0.));
#4217=DIRECTION('center_axis',(0.,0.,-1.));
#4218=DIRECTION('ref_axis',(-1.,0.,0.));
#4219=DIRECTION('center_axis',(0.,0.,1.));
#4220=DIRECTION('ref_axis',(1.,0.,0.));
#4221=DIRECTION('center_axis',(0.,0.,-1.));
#4222=DIRECTION('ref_axis',(-0.707106781186547,0.707106781186548,0.));
#4223=DIRECTION('',(0.,-1.,0.));
#4224=DIRECTION('center_axis',(0.,0.,-1.));
#4225=DIRECTION('ref_axis',(-0.707106781186547,-0.707106781186547,0.));
#4226=DIRECTION('',(1.,0.,0.));
#4227=DIRECTION('center_axis',(0.,0.,-1.));
#4228=DIRECTION('ref_axis',(0.707106781186547,-0.707106781186547,0.));
#4229=DIRECTION('',(0.,1.,0.));
#4230=DIRECTION('center_axis',(0.,0.,-1.));
#4231=DIRECTION('ref_axis',(0.707106781186547,0.707106781186547,0.));
#4232=DIRECTION('',(-1.,0.,0.));
#4233=DIRECTION('center_axis',(0.,0.,-1.));
#4234=DIRECTION('ref_axis',(1.,0.,0.));
#4235=DIRECTION('center_axis',(0.,0.,-1.));
#4236=DIRECTION('ref_axis',(1.,0.,0.));
#4237=DIRECTION('center_axis',(0.,0.,-1.));
#4238=DIRECTION('ref_axis',(1.,0.,0.));
#4239=DIRECTION('center_axis',(0.,0.,-1.));
#4240=DIRECTION('ref_axis',(1.,0.,0.));
#4241=DIRECTION('center_axis',(0.,0.,-1.));
#4242=DIRECTION('ref_axis',(-1.,0.,0.));
#4243=DIRECTION('',(0.,-1.,0.));
#4244=DIRECTION('center_axis',(0.,0.,1.));
#4245=DIRECTION('ref_axis',(-1.,0.,0.));
#4246=DIRECTION('',(-1.,0.,0.));
#4247=DIRECTION('center_axis',(0.,0.,-1.));
#4248=DIRECTION('ref_axis',(-1.,0.,0.));
#4249=DIRECTION('',(-1.,0.,0.));
#4250=DIRECTION('center_axis',(0.,0.,1.));
#4251=DIRECTION('ref_axis',(-1.,0.,0.));
#4252=DIRECTION('',(0.,1.,0.));
#4253=DIRECTION('',(1.,0.,0.));
#4254=DIRECTION('center_axis',(0.,0.,-1.));
#4255=DIRECTION('ref_axis',(-1.,0.,0.));
#4256=DIRECTION('',(0.,1.,0.));
#4257=DIRECTION('center_axis',(0.,0.,1.));
#4258=DIRECTION('ref_axis',(-1.,0.,0.));
#4259=DIRECTION('center_axis',(0.,0.,-1.));
#4260=DIRECTION('ref_axis',(-1.,0.,0.));
#4261=DIRECTION('',(-1.,0.,0.));
#4262=DIRECTION('center_axis',(0.,0.,1.));
#4263=DIRECTION('ref_axis',(-1.,0.,0.));
#4264=DIRECTION('',(0.,1.,0.));
#4265=DIRECTION('center_axis',(0.,0.,-1.));
#4266=DIRECTION('ref_axis',(-1.,0.,0.));
#4267=DIRECTION('',(1.,0.,0.));
#4268=DIRECTION('center_axis',(0.,0.,1.));
#4269=DIRECTION('ref_axis',(-1.,0.,0.));
#4270=DIRECTION('',(0.,-1.,0.));
#4271=DIRECTION('',(-1.,0.,0.));
#4272=DIRECTION('center_axis',(0.,0.,-1.));
#4273=DIRECTION('ref_axis',(-1.,0.,0.));
#4274=DIRECTION('',(0.,-1.,0.));
#4275=DIRECTION('center_axis',(0.,0.,1.));
#4276=DIRECTION('ref_axis',(-1.,0.,0.));
#4277=DIRECTION('center_axis',(0.,0.,-1.));
#4278=DIRECTION('ref_axis',(-1.,0.,0.));
#4279=DIRECTION('',(1.,0.,0.));
#4280=DIRECTION('center_axis',(0.,0.,1.));
#4281=DIRECTION('ref_axis',(-1.,0.,0.));
#4282=DIRECTION('',(0.,-1.,0.));
#4283=DIRECTION('',(1.,0.,0.));
#4284=DIRECTION('center_axis',(0.,0.,-1.));
#4285=DIRECTION('ref_axis',(-1.,0.,0.));
#4286=DIRECTION('',(0.,1.,0.));
#4287=DIRECTION('center_axis',(0.,0.,1.));
#4288=DIRECTION('ref_axis',(-1.,0.,0.));
#4289=DIRECTION('center_axis',(0.,0.,1.));
#4290=DIRECTION('ref_axis',(1.,0.,0.));
#4291=DIRECTION('center_axis',(0.,0.,1.));
#4292=DIRECTION('ref_axis',(1.,0.,0.));
#4293=DIRECTION('center_axis',(0.,1.,0.));
#4294=DIRECTION('ref_axis',(1.,0.,0.));
#4295=DIRECTION('',(0.,0.,-1.));
#4296=DIRECTION('',(-1.,0.,0.));
#4297=DIRECTION('',(0.,0.,-1.));
#4298=DIRECTION('center_axis',(0.,0.,-1.));
#4299=DIRECTION('ref_axis',(-1.,0.,0.));
#4300=DIRECTION('',(0.,0.,-1.));
#4301=DIRECTION('center_axis',(0.,0.,-1.));
#4302=DIRECTION('ref_axis',(-1.,0.,0.));
#4303=DIRECTION('center_axis',(-1.,0.,0.));
#4304=DIRECTION('ref_axis',(0.,1.,0.));
#4305=DIRECTION('',(0.,0.,-1.));
#4306=DIRECTION('',(0.,-1.,0.));
#4307=DIRECTION('center_axis',(0.,0.,-1.));
#4308=DIRECTION('ref_axis',(-1.,0.,0.));
#4309=DIRECTION('center_axis',(0.,0.,1.));
#4310=DIRECTION('ref_axis',(-1.,0.,0.));
#4311=DIRECTION('center_axis',(0.,0.,-1.));
#4312=DIRECTION('ref_axis',(-1.,0.,0.));
#4313=DIRECTION('',(0.,0.,-1.));
#4314=DIRECTION('center_axis',(0.,0.,1.));
#4315=DIRECTION('ref_axis',(-1.,0.,0.));
#4316=DIRECTION('',(0.,0.,-1.));
#4317=DIRECTION('center_axis',(1.,0.,0.));
#4318=DIRECTION('ref_axis',(0.,-1.,0.));
#4319=DIRECTION('',(0.,0.,-1.));
#4320=DIRECTION('',(0.,1.,0.));
#4321=DIRECTION('center_axis',(0.,0.,-1.));
#4322=DIRECTION('ref_axis',(-1.,0.,0.));
#4323=DIRECTION('',(0.,0.,-1.));
#4324=DIRECTION('center_axis',(0.,0.,-1.));
#4325=DIRECTION('ref_axis',(-1.,0.,0.));
#4326=DIRECTION('center_axis',(0.,1.,0.));
#4327=DIRECTION('ref_axis',(1.,0.,0.));
#4328=DIRECTION('',(-1.,0.,0.));
#4329=DIRECTION('center_axis',(0.,-1.,0.));
#4330=DIRECTION('ref_axis',(-1.,0.,0.));
#4331=DIRECTION('',(0.,0.,-1.));
#4332=DIRECTION('',(1.,0.,0.));
#4333=DIRECTION('',(0.,0.,-1.));
#4334=DIRECTION('center_axis',(0.,0.,-1.));
#4335=DIRECTION('ref_axis',(-1.,0.,0.));
#4336=DIRECTION('',(0.,0.,-1.));
#4337=DIRECTION('center_axis',(0.,0.,-1.));
#4338=DIRECTION('ref_axis',(-1.,0.,0.));
#4339=DIRECTION('center_axis',(1.,0.,0.));
#4340=DIRECTION('ref_axis',(0.,-1.,0.));
#4341=DIRECTION('',(0.,0.,-1.));
#4342=DIRECTION('',(0.,1.,0.));
#4343=DIRECTION('center_axis',(0.,0.,-1.));
#4344=DIRECTION('ref_axis',(-1.,0.,0.));
#4345=DIRECTION('center_axis',(0.,0.,1.));
#4346=DIRECTION('ref_axis',(-1.,0.,0.));
#4347=DIRECTION('center_axis',(0.,0.,-1.));
#4348=DIRECTION('ref_axis',(-1.,0.,0.));
#4349=DIRECTION('',(0.,0.,-1.));
#4350=DIRECTION('center_axis',(0.,0.,1.));
#4351=DIRECTION('ref_axis',(-1.,0.,0.));
#4352=DIRECTION('',(0.,0.,-1.));
#4353=DIRECTION('center_axis',(1.,0.,0.));
#4354=DIRECTION('ref_axis',(0.,-1.,0.));
#4355=DIRECTION('',(0.,0.,-1.));
#4356=DIRECTION('',(0.,1.,0.));
#4357=DIRECTION('center_axis',(0.,0.,-1.));
#4358=DIRECTION('ref_axis',(-1.,0.,0.));
#4359=DIRECTION('',(0.,0.,-1.));
#4360=DIRECTION('center_axis',(0.,0.,-1.));
#4361=DIRECTION('ref_axis',(-1.,0.,0.));
#4362=DIRECTION('center_axis',(0.,1.,0.));
#4363=DIRECTION('ref_axis',(1.,0.,0.));
#4364=DIRECTION('',(-1.,0.,0.));
#4365=DIRECTION('center_axis',(0.,0.,-1.));
#4366=DIRECTION('ref_axis',(-1.,0.,0.));
#4367=DIRECTION('',(0.,0.,-1.));
#4368=DIRECTION('center_axis',(0.,0.,1.));
#4369=DIRECTION('ref_axis',(-1.,0.,0.));
#4370=DIRECTION('',(0.,0.,-1.));
#4371=DIRECTION('center_axis',(-1.,0.,0.));
#4372=DIRECTION('ref_axis',(0.,1.,0.));
#4373=DIRECTION('',(0.,0.,-1.));
#4374=DIRECTION('',(0.,-1.,0.));
#4375=DIRECTION('center_axis',(0.,0.,-1.));
#4376=DIRECTION('ref_axis',(-1.,0.,0.));
#4377=DIRECTION('',(0.,0.,-1.));
#4378=DIRECTION('center_axis',(0.,0.,-1.));
#4379=DIRECTION('ref_axis',(-1.,0.,0.));
#4380=DIRECTION('center_axis',(0.,-1.,0.));
#4381=DIRECTION('ref_axis',(-1.,0.,0.));
#4382=DIRECTION('',(1.,0.,0.));
#4383=DIRECTION('center_axis',(0.,1.,0.));
#4384=DIRECTION('ref_axis',(1.,0.,0.));
#4385=DIRECTION('',(0.,0.,-1.));
#4386=DIRECTION('',(-1.,0.,0.));
#4387=DIRECTION('',(0.,0.,-1.));
#4388=DIRECTION('center_axis',(0.,0.,-1.));
#4389=DIRECTION('ref_axis',(-1.,0.,0.));
#4390=DIRECTION('',(0.,0.,-1.));
#4391=DIRECTION('center_axis',(0.,0.,-1.));
#4392=DIRECTION('ref_axis',(-1.,0.,0.));
#4393=DIRECTION('center_axis',(-1.,0.,0.));
#4394=DIRECTION('ref_axis',(0.,1.,0.));
#4395=DIRECTION('',(0.,0.,-1.));
#4396=DIRECTION('',(0.,-1.,0.));
#4397=DIRECTION('center_axis',(0.,0.,-1.));
#4398=DIRECTION('ref_axis',(-1.,0.,0.));
#4399=DIRECTION('center_axis',(0.,0.,1.));
#4400=DIRECTION('ref_axis',(-1.,0.,0.));
#4401=DIRECTION('center_axis',(0.,0.,-1.));
#4402=DIRECTION('ref_axis',(-1.,0.,0.));
#4403=DIRECTION('',(0.,0.,-1.));
#4404=DIRECTION('center_axis',(0.,0.,1.));
#4405=DIRECTION('ref_axis',(-1.,0.,0.));
#4406=DIRECTION('',(0.,0.,-1.));
#4407=DIRECTION('center_axis',(-1.,0.,0.));
#4408=DIRECTION('ref_axis',(0.,1.,0.));
#4409=DIRECTION('',(0.,0.,-1.));
#4410=DIRECTION('',(0.,-1.,0.));
#4411=DIRECTION('center_axis',(0.,0.,-1.));
#4412=DIRECTION('ref_axis',(-1.,0.,0.));
#4413=DIRECTION('',(0.,0.,-1.));
#4414=DIRECTION('center_axis',(0.,0.,-1.));
#4415=DIRECTION('ref_axis',(-1.,0.,0.));
#4416=DIRECTION('center_axis',(0.,-1.,0.));
#4417=DIRECTION('ref_axis',(-1.,0.,0.));
#4418=DIRECTION('',(1.,0.,0.));
#4419=DIRECTION('center_axis',(0.,0.,-1.));
#4420=DIRECTION('ref_axis',(-1.,0.,0.));
#4421=DIRECTION('',(0.,0.,-1.));
#4422=DIRECTION('center_axis',(0.,0.,1.));
#4423=DIRECTION('ref_axis',(-1.,0.,0.));
#4424=DIRECTION('',(0.,0.,-1.));
#4425=DIRECTION('center_axis',(0.,-1.,0.));
#4426=DIRECTION('ref_axis',(-1.,0.,0.));
#4427=DIRECTION('',(0.,0.,-1.));
#4428=DIRECTION('',(1.,0.,0.));
#4429=DIRECTION('center_axis',(0.,0.,-1.));
#4430=DIRECTION('ref_axis',(-1.,0.,0.));
#4431=DIRECTION('',(0.,0.,-1.));
#4432=DIRECTION('center_axis',(0.,0.,-1.));
#4433=DIRECTION('ref_axis',(-1.,0.,0.));
#4434=DIRECTION('center_axis',(1.,0.,0.));
#4435=DIRECTION('ref_axis',(0.,-1.,0.));
#4436=DIRECTION('',(0.,1.,0.));
#4437=DIRECTION('center_axis',(0.,0.,1.));
#4438=DIRECTION('ref_axis',(1.,0.,0.));
#4439=DIRECTION('center_axis',(0.,0.,1.));
#4440=DIRECTION('ref_axis',(1.,0.,0.));
#4441=DIRECTION('',(0.,0.,1.));
#4442=DIRECTION('center_axis',(0.,0.,1.));
#4443=DIRECTION('ref_axis',(-0.707106781186547,0.707106781186548,0.));
#4444=DIRECTION('',(0.,0.,-1.));
#4445=DIRECTION('center_axis',(0.,0.,1.));
#4446=DIRECTION('ref_axis',(-0.707106781186547,0.707106781186548,0.));
#4447=DIRECTION('',(0.,0.,1.));
#4448=DIRECTION('center_axis',(-1.,0.,0.));
#4449=DIRECTION('ref_axis',(0.,-1.,0.));
#4450=DIRECTION('',(0.,1.,0.));
#4451=DIRECTION('',(0.,0.,-1.));
#4452=DIRECTION('center_axis',(0.,0.,1.));
#4453=DIRECTION('ref_axis',(1.,0.,0.));
#4454=DIRECTION('',(1.,0.,0.));
#4455=DIRECTION('center_axis',(0.,0.,1.));
#4456=DIRECTION('ref_axis',(0.707106781186547,0.707106781186547,0.));
#4457=DIRECTION('',(0.,-1.,0.));
#4458=DIRECTION('center_axis',(0.,0.,1.));
#4459=DIRECTION('ref_axis',(0.707106781186547,-0.707106781186547,0.));
#4460=DIRECTION('',(-1.,0.,0.));
#4461=DIRECTION('center_axis',(0.,0.,1.));
#4462=DIRECTION('ref_axis',(-0.707106781186547,-0.707106781186547,0.));
#4463=DIRECTION('center_axis',(0.,0.,-1.));
#4464=DIRECTION('ref_axis',(1.,0.,0.));
#4465=DIRECTION('center_axis',(0.,0.,-1.));
#4466=DIRECTION('ref_axis',(1.,0.,0.));
#4467=DIRECTION('center_axis',(0.,0.,-1.));
#4468=DIRECTION('ref_axis',(1.,0.,0.));
#4469=DIRECTION('center_axis',(0.,0.,1.));
#4470=DIRECTION('ref_axis',(-0.707106781186547,-0.707106781186547,0.));
#4471=DIRECTION('',(0.,0.,1.));
#4472=DIRECTION('center_axis',(0.,-1.,0.));
#4473=DIRECTION('ref_axis',(1.,0.,0.));
#4474=DIRECTION('',(0.,0.,-1.));
#4475=DIRECTION('center_axis',(0.,0.,1.));
#4476=DIRECTION('ref_axis',(0.707106781186547,-0.707106781186547,0.));
#4477=DIRECTION('',(0.,0.,1.));
#4478=DIRECTION('center_axis',(1.,0.,0.));
#4479=DIRECTION('ref_axis',(0.,1.,0.));
#4480=DIRECTION('',(0.,0.,-1.));
#4481=DIRECTION('center_axis',(0.,0.,1.));
#4482=DIRECTION('ref_axis',(0.707106781186547,0.707106781186547,0.));
#4483=DIRECTION('',(0.,0.,1.));
#4484=DIRECTION('center_axis',(0.,0.,1.));
#4485=DIRECTION('ref_axis',(1.,0.,0.));
#4486=DIRECTION('',(0.,0.,-1.));
#4487=DIRECTION('center_axis',(0.,0.,1.));
#4488=DIRECTION('ref_axis',(1.,0.,0.));
#4489=DIRECTION('',(0.,0.,-1.));
#4490=DIRECTION('center_axis',(0.,0.,1.));
#4491=DIRECTION('ref_axis',(1.,0.,0.));
#4492=DIRECTION('',(0.,0.,-1.));
#4493=DIRECTION('center_axis',(0.,1.,0.));
#4494=DIRECTION('ref_axis',(-1.,0.,0.));
#4495=DIRECTION('center_axis',(0.,0.,1.));
#4496=DIRECTION('ref_axis',(1.,0.,0.));
#4497=CARTESIAN_POINT('',(0.,0.,0.));
#4498=CARTESIAN_POINT('Ctrl Pts',(15.0340500449207,24.0008563628693,5.));
#4499=CARTESIAN_POINT('Ctrl Pts',(15.0340500449207,24.0008563628693,1.));
#4500=CARTESIAN_POINT('Ctrl Pts',(15.0358947209616,23.7627163148205,5.));
#4501=CARTESIAN_POINT('Ctrl Pts',(15.0358947209616,23.7627163148205,1.));
#4502=CARTESIAN_POINT('Ctrl Pts',(15.039094573315,23.3496286093036,5.));
#4503=CARTESIAN_POINT('Ctrl Pts',(15.039094573315,23.3496286093036,1.));
#4504=CARTESIAN_POINT('Ctrl Pts',(15.2258268778676,22.9836340323573,5.));
#4505=CARTESIAN_POINT('Ctrl Pts',(15.2258268778676,22.9836340323573,1.));
#4506=CARTESIAN_POINT('Ctrl Pts',(15.3049102754581,22.8286308864692,5.));
#4507=CARTESIAN_POINT('Ctrl Pts',(15.3049102754581,22.8286308864692,1.));
#4508=CARTESIAN_POINT('',(15.0340500449207,24.0008563628693,5.));
#4509=CARTESIAN_POINT('',(15.3049102754581,22.8286308864692,5.));
#4510=CARTESIAN_POINT('Ctrl Pts',(15.0340500449207,24.0008563628693,5.));
#4511=CARTESIAN_POINT('Ctrl Pts',(15.0358947209616,23.7627163148205,5.));
#4512=CARTESIAN_POINT('Ctrl Pts',(15.039094573315,23.3496286093036,5.));
#4513=CARTESIAN_POINT('Ctrl Pts',(15.2258268778676,22.9836340323573,5.));
#4514=CARTESIAN_POINT('Ctrl Pts',(15.3049102754581,22.8286308864692,5.));
#4515=CARTESIAN_POINT('',(15.0340500449207,24.0008563628693,1.));
#4516=CARTESIAN_POINT('',(15.0340500449207,24.0008563628693,5.));
#4517=CARTESIAN_POINT('',(15.3049102754581,22.8286308864692,1.));
#4518=CARTESIAN_POINT('Ctrl Pts',(15.0340500449207,24.0008563628693,1.));
#4519=CARTESIAN_POINT('Ctrl Pts',(15.0358947209616,23.7627163148205,1.));
#4520=CARTESIAN_POINT('Ctrl Pts',(15.039094573315,23.3496286093036,1.));
#4521=CARTESIAN_POINT('Ctrl Pts',(15.2258268778676,22.9836340323573,1.));
#4522=CARTESIAN_POINT('Ctrl Pts',(15.3049102754581,22.8286308864692,1.));
#4523=CARTESIAN_POINT('',(15.3049102754581,22.8286308864692,5.));
#4524=CARTESIAN_POINT('Origin',(15.0394295931153,25.8408486514359,5.));
#4525=CARTESIAN_POINT('',(15.0394295931153,25.8408486514359,5.));
#4526=CARTESIAN_POINT('',(14.9990594641803,12.0328626938119,5.));
#4527=CARTESIAN_POINT('',(15.0394295931153,25.8408486514359,1.));
#4528=CARTESIAN_POINT('',(15.0394295931153,25.8408486514359,5.));
#4529=CARTESIAN_POINT('',(15.0394295931153,25.8408486514359,1.));
#4530=CARTESIAN_POINT('Ctrl Pts',(15.3172398002696,27.04575651754,5.));
#4531=CARTESIAN_POINT('Ctrl Pts',(15.3172398002696,27.04575651754,1.));
#4532=CARTESIAN_POINT('Ctrl Pts',(15.2373013868452,26.888287588726,5.));
#4533=CARTESIAN_POINT('Ctrl Pts',(15.2373013868452,26.888287588726,1.));
#4534=CARTESIAN_POINT('Ctrl Pts',(15.0462781789732,26.5119951576696,5.));
#4535=CARTESIAN_POINT('Ctrl Pts',(15.0462781789732,26.5119951576696,1.));
#4536=CARTESIAN_POINT('Ctrl Pts',(15.0419478109263,26.087628515315,5.));
#4537=CARTESIAN_POINT('Ctrl Pts',(15.0419478109263,26.087628515315,1.));
#4538=CARTESIAN_POINT('Ctrl Pts',(15.0394295931153,25.8408486514359,5.));
#4539=CARTESIAN_POINT('Ctrl Pts',(15.0394295931153,25.8408486514359,1.));
#4540=CARTESIAN_POINT('',(15.3172398002696,27.04575651754,5.));
#4541=CARTESIAN_POINT('Ctrl Pts',(15.3172398002696,27.04575651754,5.));
#4542=CARTESIAN_POINT('Ctrl Pts',(15.2373013868452,26.888287588726,5.));
#4543=CARTESIAN_POINT('Ctrl Pts',(15.0462781789732,26.5119951576696,5.));
#4544=CARTESIAN_POINT('Ctrl Pts',(15.0419478109263,26.087628515315,5.));
#4545=CARTESIAN_POINT('Ctrl Pts',(15.0394295931153,25.8408486514359,5.));
#4546=CARTESIAN_POINT('',(15.3172398002696,27.04575651754,1.));
#4547=CARTESIAN_POINT('',(15.3172398002696,27.04575651754,5.));
#4548=CARTESIAN_POINT('Ctrl Pts',(15.3172398002696,27.04575651754,1.));
#4549=CARTESIAN_POINT('Ctrl Pts',(15.2373013868452,26.888287588726,1.));
#4550=CARTESIAN_POINT('Ctrl Pts',(15.0462781789732,26.5119951576696,1.));
#4551=CARTESIAN_POINT('Ctrl Pts',(15.0419478109263,26.087628515315,1.));
#4552=CARTESIAN_POINT('Ctrl Pts',(15.0394295931153,25.8408486514359,1.));
#4553=CARTESIAN_POINT('Ctrl Pts',(16.118288138796,27.403416180868,5.));
#4554=CARTESIAN_POINT('Ctrl Pts',(16.118288138796,27.403416180868,1.));
#4555=CARTESIAN_POINT('Ctrl Pts',(15.955720782386,27.3917013477512,5.));
#4556=CARTESIAN_POINT('Ctrl Pts',(15.955720782386,27.3917013477512,1.));
#4557=CARTESIAN_POINT('Ctrl Pts',(15.6442366623771,27.3692553624992,5.));
#4558=CARTESIAN_POINT('Ctrl Pts',(15.6442366623771,27.3692553624992,1.));
#4559=CARTESIAN_POINT('Ctrl Pts',(15.4230070047773,27.1503922876581,5.));
#4560=CARTESIAN_POINT('Ctrl Pts',(15.4230070047773,27.1503922876581,1.));
#4561=CARTESIAN_POINT('Ctrl Pts',(15.3172398002696,27.04575651754,5.));
#4562=CARTESIAN_POINT('Ctrl Pts',(15.3172398002696,27.04575651754,1.));
#4563=CARTESIAN_POINT('',(16.118288138796,27.403416180868,5.));
#4564=CARTESIAN_POINT('Ctrl Pts',(16.118288138796,27.403416180868,5.));
#4565=CARTESIAN_POINT('Ctrl Pts',(15.955720782386,27.3917013477512,5.));
#4566=CARTESIAN_POINT('Ctrl Pts',(15.6442366623771,27.3692553624992,5.));
#4567=CARTESIAN_POINT('Ctrl Pts',(15.4230070047773,27.1503922876581,5.));
#4568=CARTESIAN_POINT('Ctrl Pts',(15.3172398002696,27.04575651754,5.));
#4569=CARTESIAN_POINT('',(16.118288138796,27.403416180868,1.));
#4570=CARTESIAN_POINT('',(16.118288138796,27.403416180868,5.));
#4571=CARTESIAN_POINT('Ctrl Pts',(16.118288138796,27.403416180868,1.));
#4572=CARTESIAN_POINT('Ctrl Pts',(15.955720782386,27.3917013477512,1.));
#4573=CARTESIAN_POINT('Ctrl Pts',(15.6442366623771,27.3692553624992,1.));
#4574=CARTESIAN_POINT('Ctrl Pts',(15.4230070047773,27.1503922876581,1.));
#4575=CARTESIAN_POINT('Ctrl Pts',(15.3172398002696,27.04575651754,1.));
#4576=CARTESIAN_POINT('Ctrl Pts',(16.9286611739505,27.0410452375008,5.));
#4577=CARTESIAN_POINT('Ctrl Pts',(16.9286611739505,27.0410452375008,1.));
#4578=CARTESIAN_POINT('Ctrl Pts',(16.8224793966507,27.1462842310078,5.));
#4579=CARTESIAN_POINT('Ctrl Pts',(16.8224793966507,27.1462842310078,1.));
#4580=CARTESIAN_POINT('Ctrl Pts',(16.5989204112615,27.3678582450252,5.));
#4581=CARTESIAN_POINT('Ctrl Pts',(16.5989204112615,27.3678582450252,1.));
#4582=CARTESIAN_POINT('Ctrl Pts',(16.2837597881508,27.3911743264844,5.));
#4583=CARTESIAN_POINT('Ctrl Pts',(16.2837597881508,27.3911743264844,1.));
#4584=CARTESIAN_POINT('Ctrl Pts',(16.118288138796,27.403416180868,5.));
#4585=CARTESIAN_POINT('Ctrl Pts',(16.118288138796,27.403416180868,1.));
#4586=CARTESIAN_POINT('',(16.9286611739505,27.0410452375008,5.));
#4587=CARTESIAN_POINT('Ctrl Pts',(16.9286611739505,27.0410452375008,5.));
#4588=CARTESIAN_POINT('Ctrl Pts',(16.8224793966507,27.1462842310078,5.));
#4589=CARTESIAN_POINT('Ctrl Pts',(16.5989204112615,27.3678582450252,5.));
#4590=CARTESIAN_POINT('Ctrl Pts',(16.2837597881508,27.3911743264844,5.));
#4591=CARTESIAN_POINT('Ctrl Pts',(16.118288138796,27.403416180868,5.));
#4592=CARTESIAN_POINT('',(16.9286611739505,27.0410452375008,1.));
#4593=CARTESIAN_POINT('',(16.9286611739505,27.0410452375008,5.));
#4594=CARTESIAN_POINT('Ctrl Pts',(16.9286611739505,27.0410452375008,1.));
#4595=CARTESIAN_POINT('Ctrl Pts',(16.8224793966507,27.1462842310078,1.));
#4596=CARTESIAN_POINT('Ctrl Pts',(16.5989204112615,27.3678582450252,1.));
#4597=CARTESIAN_POINT('Ctrl Pts',(16.2837597881508,27.3911743264844,1.));
#4598=CARTESIAN_POINT('Ctrl Pts',(16.118288138796,27.403416180868,1.));
#4599=CARTESIAN_POINT('Ctrl Pts',(17.1994211625219,25.8345335278239,5.));
#4600=CARTESIAN_POINT('Ctrl Pts',(17.1994211625219,25.8345335278239,1.));
#4601=CARTESIAN_POINT('Ctrl Pts',(17.1983459860084,26.0813238976372,5.));
#4602=CARTESIAN_POINT('Ctrl Pts',(17.1983459860084,26.0813238976372,1.));
#4603=CARTESIAN_POINT('Ctrl Pts',(17.196497095099,26.505708606166,5.));
#4604=CARTESIAN_POINT('Ctrl Pts',(17.196497095099,26.505708606166,1.));
#4605=CARTESIAN_POINT('Ctrl Pts',(17.0076774512086,26.8831115760764,5.));
#4606=CARTESIAN_POINT('Ctrl Pts',(17.0076774512086,26.8831115760764,1.));
#4607=CARTESIAN_POINT('Ctrl Pts',(16.9286611739505,27.0410452375008,5.));
#4608=CARTESIAN_POINT('Ctrl Pts',(16.9286611739505,27.0410452375008,1.));
#4609=CARTESIAN_POINT('',(17.1994211625219,25.8345335278239,5.));
#4610=CARTESIAN_POINT('Ctrl Pts',(17.1994211625219,25.8345335278239,5.));
#4611=CARTESIAN_POINT('Ctrl Pts',(17.1983459860084,26.0813238976372,5.));
#4612=CARTESIAN_POINT('Ctrl Pts',(17.196497095099,26.505708606166,5.));
#4613=CARTESIAN_POINT('Ctrl Pts',(17.0076774512086,26.8831115760764,5.));
#4614=CARTESIAN_POINT('Ctrl Pts',(16.9286611739505,27.0410452375008,5.));
#4615=CARTESIAN_POINT('',(17.1994211625219,25.8345335278239,1.));
#4616=CARTESIAN_POINT('',(17.1994211625219,25.8345335278239,5.));
#4617=CARTESIAN_POINT('Ctrl Pts',(17.1994211625219,25.8345335278239,1.));
#4618=CARTESIAN_POINT('Ctrl Pts',(17.1983459860084,26.0813238976372,1.));
#4619=CARTESIAN_POINT('Ctrl Pts',(17.196497095099,26.505708606166,1.));
#4620=CARTESIAN_POINT('Ctrl Pts',(17.0076774512086,26.8831115760764,1.));
#4621=CARTESIAN_POINT('Ctrl Pts',(16.9286611739505,27.0410452375008,1.));
#4622=CARTESIAN_POINT('Origin',(17.1940416143273,23.9945412392573,5.));
#4623=CARTESIAN_POINT('',(17.1940416143273,23.9945412392573,5.));
#4624=CARTESIAN_POINT('',(17.1563612594896,11.1065514259166,5.));
#4625=CARTESIAN_POINT('',(17.1940416143273,23.9945412392573,1.));
#4626=CARTESIAN_POINT('',(17.1940416143273,23.9945412392573,5.));
#4627=CARTESIAN_POINT('',(17.1940416143273,23.9945412392573,1.));
#4628=CARTESIAN_POINT('Ctrl Pts',(16.9220298113511,22.8181886251113,5.));
#4629=CARTESIAN_POINT('Ctrl Pts',(16.9220298113511,22.8181886251113,1.));
#4630=CARTESIAN_POINT('Ctrl Pts',(17.0003163344004,22.9723806613799,5.));
#4631=CARTESIAN_POINT('Ctrl Pts',(17.0003163344004,22.9723806613799,1.));
#4632=CARTESIAN_POINT('Ctrl Pts',(17.1868571135142,23.3397887599692,5.));
#4633=CARTESIAN_POINT('Ctrl Pts',(17.1868571135142,23.3397887599692,1.));
#4634=CARTESIAN_POINT('Ctrl Pts',(17.1914033311207,23.7541038705992,5.));
#4635=CARTESIAN_POINT('Ctrl Pts',(17.1914033311207,23.7541038705992,1.));
#4636=CARTESIAN_POINT('Ctrl Pts',(17.1940416143273,23.9945412392573,5.));
#4637=CARTESIAN_POINT('Ctrl Pts',(17.1940416143273,23.9945412392573,1.));
#4638=CARTESIAN_POINT('',(16.9220298113511,22.8181886251113,5.));
#4639=CARTESIAN_POINT('Ctrl Pts',(16.9220298113511,22.8181886251113,5.));
#4640=CARTESIAN_POINT('Ctrl Pts',(17.0003163344004,22.9723806613799,5.));
#4641=CARTESIAN_POINT('Ctrl Pts',(17.1868571135142,23.3397887599692,5.));
#4642=CARTESIAN_POINT('Ctrl Pts',(17.1914033311207,23.7541038705992,5.));
#4643=CARTESIAN_POINT('Ctrl Pts',(17.1940416143273,23.9945412392573,5.));
#4644=CARTESIAN_POINT('',(16.9220298113511,22.8181886251113,1.));
#4645=CARTESIAN_POINT('',(16.9220298113511,22.8181886251113,5.));
#4646=CARTESIAN_POINT('Ctrl Pts',(16.9220298113511,22.8181886251113,1.));
#4647=CARTESIAN_POINT('Ctrl Pts',(17.0003163344004,22.9723806613799,1.));
#4648=CARTESIAN_POINT('Ctrl Pts',(17.1868571135142,23.3397887599692,1.));
#4649=CARTESIAN_POINT('Ctrl Pts',(17.1914033311207,23.7541038705992,1.));
#4650=CARTESIAN_POINT('Ctrl Pts',(17.1940416143273,23.9945412392573,1.));
#4651=CARTESIAN_POINT('Ctrl Pts',(16.1038535727805,22.466293359995,5.));
#4652=CARTESIAN_POINT('Ctrl Pts',(16.1038535727805,22.466293359995,1.));
#4653=CARTESIAN_POINT('Ctrl Pts',(16.2718736824719,22.4765825802623,5.));
#4654=CARTESIAN_POINT('Ctrl Pts',(16.2718736824719,22.4765825802623,1.));
#4655=CARTESIAN_POINT('Ctrl Pts',(16.5884740100904,22.4959705601508,5.));
#4656=CARTESIAN_POINT('Ctrl Pts',(16.5884740100904,22.4959705601508,1.));
#4657=CARTESIAN_POINT('Ctrl Pts',(16.8154909758028,22.715271100356,5.));
#4658=CARTESIAN_POINT('Ctrl Pts',(16.8154909758028,22.715271100356,1.));
#4659=CARTESIAN_POINT('Ctrl Pts',(16.9220298113511,22.8181886251113,5.));
#4660=CARTESIAN_POINT('Ctrl Pts',(16.9220298113511,22.8181886251113,1.));
#4661=CARTESIAN_POINT('',(16.1038535727805,22.466293359995,5.));
#4662=CARTESIAN_POINT('Ctrl Pts',(16.1038535727805,22.466293359995,5.));
#4663=CARTESIAN_POINT('Ctrl Pts',(16.2718736824719,22.4765825802623,5.));
#4664=CARTESIAN_POINT('Ctrl Pts',(16.5884740100904,22.4959705601508,5.));
#4665=CARTESIAN_POINT('Ctrl Pts',(16.8154909758028,22.715271100356,5.));
#4666=CARTESIAN_POINT('Ctrl Pts',(16.9220298113511,22.8181886251113,5.));
#4667=CARTESIAN_POINT('',(16.1038535727805,22.466293359995,1.));
#4668=CARTESIAN_POINT('',(16.1038535727805,22.466293359995,5.));
#4669=CARTESIAN_POINT('Ctrl Pts',(16.1038535727805,22.466293359995,1.));
#4670=CARTESIAN_POINT('Ctrl Pts',(16.2718736824719,22.4765825802623,1.));
#4671=CARTESIAN_POINT('Ctrl Pts',(16.5884740100904,22.4959705601508,1.));
#4672=CARTESIAN_POINT('Ctrl Pts',(16.8154909758028,22.715271100356,1.));
#4673=CARTESIAN_POINT('Ctrl Pts',(16.9220298113511,22.8181886251113,1.));
#4674=CARTESIAN_POINT('Ctrl Pts',(15.3049102754581,22.8286308864692,5.));
#4675=CARTESIAN_POINT('Ctrl Pts',(15.3049102754581,22.8286308864692,1.));
#4676=CARTESIAN_POINT('Ctrl Pts',(15.4100637919396,22.7233781606688,5.));
#4677=CARTESIAN_POINT('Ctrl Pts',(15.4100637919396,22.7233781606688,1.));
#4678=CARTESIAN_POINT('Ctrl Pts',(15.6300096924894,22.5032247474869,5.));
#4679=CARTESIAN_POINT('Ctrl Pts',(15.6300096924894,22.5032247474869,1.));
#4680=CARTESIAN_POINT('Ctrl Pts',(15.9413574640464,22.4789583051535,5.));
#4681=CARTESIAN_POINT('Ctrl Pts',(15.9413574640464,22.4789583051535,1.));
#4682=CARTESIAN_POINT('Ctrl Pts',(16.1038535727805,22.466293359995,5.));
#4683=CARTESIAN_POINT('Ctrl Pts',(16.1038535727805,22.466293359995,1.));
#4684=CARTESIAN_POINT('Ctrl Pts',(15.3049102754581,22.8286308864692,5.));
#4685=CARTESIAN_POINT('Ctrl Pts',(15.4100637919396,22.7233781606688,5.));
#4686=CARTESIAN_POINT('Ctrl Pts',(15.6300096924894,22.5032247474869,5.));
#4687=CARTESIAN_POINT('Ctrl Pts',(15.9413574640464,22.4789583051535,5.));
#4688=CARTESIAN_POINT('Ctrl Pts',(16.1038535727805,22.466293359995,5.));
#4689=CARTESIAN_POINT('Ctrl Pts',(15.3049102754581,22.8286308864692,1.));
#4690=CARTESIAN_POINT('Ctrl Pts',(15.4100637919396,22.7233781606688,1.));
#4691=CARTESIAN_POINT('Ctrl Pts',(15.6300096924894,22.5032247474869,1.));
#4692=CARTESIAN_POINT('Ctrl Pts',(15.9413574640464,22.4789583051535,1.));
#4693=CARTESIAN_POINT('Ctrl Pts',(16.1038535727805,22.466293359995,1.));
#4694=CARTESIAN_POINT('Ctrl Pts',(19.2975079998257,22.2455262336814,5.));
#4695=CARTESIAN_POINT('Ctrl Pts',(19.2975079998257,22.2455262336814,1.));
#4696=CARTESIAN_POINT('Ctrl Pts',(19.1358498097862,22.0130206901988,5.));
#4697=CARTESIAN_POINT('Ctrl Pts',(19.1358498097862,22.0130206901988,1.));
#4698=CARTESIAN_POINT('Ctrl Pts',(18.8071070539644,21.5402050964472,5.));
#4699=CARTESIAN_POINT('Ctrl Pts',(18.8071070539644,21.5402050964472,1.));
#4700=CARTESIAN_POINT('Ctrl Pts',(18.307896971311,21.2525175264115,5.));
#4701=CARTESIAN_POINT('Ctrl Pts',(18.307896971311,21.2525175264115,1.));
#4702=CARTESIAN_POINT('Ctrl Pts',(18.0541718369402,21.1062993912005,5.));
#4703=CARTESIAN_POINT('Ctrl Pts',(18.0541718369402,21.1062993912005,1.));
#4704=CARTESIAN_POINT('',(19.2975079998257,22.2455262336814,5.));
#4705=CARTESIAN_POINT('',(18.0541718369402,21.1062993912005,5.));
#4706=CARTESIAN_POINT('Ctrl Pts',(19.2975079998257,22.2455262336814,5.));
#4707=CARTESIAN_POINT('Ctrl Pts',(19.1358498097862,22.0130206901988,5.));
#4708=CARTESIAN_POINT('Ctrl Pts',(18.8071070539644,21.5402050964472,5.));
#4709=CARTESIAN_POINT('Ctrl Pts',(18.307896971311,21.2525175264115,5.));
#4710=CARTESIAN_POINT('Ctrl Pts',(18.0541718369402,21.1062993912005,5.));
#4711=CARTESIAN_POINT('',(19.2975079998257,22.2455262336814,1.));
#4712=CARTESIAN_POINT('',(19.2975079998257,22.2455262336814,5.));
#4713=CARTESIAN_POINT('',(18.0541718369402,21.1062993912005,1.));
#4714=CARTESIAN_POINT('Ctrl Pts',(19.2975079998257,22.2455262336814,1.));
#4715=CARTESIAN_POINT('Ctrl Pts',(19.1358498097862,22.0130206901988,1.));
#4716=CARTESIAN_POINT('Ctrl Pts',(18.8071070539644,21.5402050964472,1.));
#4717=CARTESIAN_POINT('Ctrl Pts',(18.307896971311,21.2525175264115,1.));
#4718=CARTESIAN_POINT('Ctrl Pts',(18.0541718369402,21.1062993912005,1.));
#4719=CARTESIAN_POINT('',(18.0541718369402,21.1062993912005,5.));
#4720=CARTESIAN_POINT('Ctrl Pts',(19.7311734051637,23.9871234784169,5.));
#4721=CARTESIAN_POINT('Ctrl Pts',(19.7311734051637,23.9871234784169,1.));
#4722=CARTESIAN_POINT('Ctrl Pts',(19.7156943848209,23.6689748221543,5.));
#4723=CARTESIAN_POINT('Ctrl Pts',(19.7156943848209,23.6689748221543,1.));
#4724=CARTESIAN_POINT('Ctrl Pts',(19.6860231260304,23.0591254321584,5.));
#4725=CARTESIAN_POINT('Ctrl Pts',(19.6860231260304,23.0591254321584,1.));
#4726=CARTESIAN_POINT('Ctrl Pts',(19.4232138750705,22.5087700366758,5.));
#4727=CARTESIAN_POINT('Ctrl Pts',(19.4232138750705,22.5087700366758,1.));
#4728=CARTESIAN_POINT('Ctrl Pts',(19.2975079998257,22.2455262336814,5.));
#4729=CARTESIAN_POINT('Ctrl Pts',(19.2975079998257,22.2455262336814,1.));
#4730=CARTESIAN_POINT('',(19.7311734051637,23.9871234784169,5.));
#4731=CARTESIAN_POINT('Ctrl Pts',(19.7311734051637,23.9871234784169,5.));
#4732=CARTESIAN_POINT('Ctrl Pts',(19.7156943848209,23.6689748221543,5.));
#4733=CARTESIAN_POINT('Ctrl Pts',(19.6860231260304,23.0591254321584,5.));
#4734=CARTESIAN_POINT('Ctrl Pts',(19.4232138750705,22.5087700366758,5.));
#4735=CARTESIAN_POINT('Ctrl Pts',(19.2975079998257,22.2455262336814,5.));
#4736=CARTESIAN_POINT('',(19.7311734051637,23.9871234784169,1.));
#4737=CARTESIAN_POINT('',(19.7311734051637,23.9871234784169,5.));
#4738=CARTESIAN_POINT('Ctrl Pts',(19.7311734051637,23.9871234784169,1.));
#4739=CARTESIAN_POINT('Ctrl Pts',(19.7156943848209,23.6689748221543,1.));
#4740=CARTESIAN_POINT('Ctrl Pts',(19.6860231260304,23.0591254321584,1.));
#4741=CARTESIAN_POINT('Ctrl Pts',(19.4232138750705,22.5087700366758,1.));
#4742=CARTESIAN_POINT('Ctrl Pts',(19.2975079998257,22.2455262336814,1.));
#4743=CARTESIAN_POINT('Origin',(19.7366531935816,25.8614014042164,5.));
#4744=CARTESIAN_POINT('',(19.7366531935816,25.8614014042164,5.));
#4745=CARTESIAN_POINT('',(19.6962329445349,12.0362726279759,5.));
#4746=CARTESIAN_POINT('',(19.7366531935816,25.8614014042164,1.));
#4747=CARTESIAN_POINT('',(19.7366531935816,25.8614014042164,5.));
#4748=CARTESIAN_POINT('',(19.7366531935816,25.8614014042164,1.));
#4749=CARTESIAN_POINT('Ctrl Pts',(19.3074478788673,27.5998064888369,5.));
#4750=CARTESIAN_POINT('Ctrl Pts',(19.3074478788673,27.5998064888369,1.));
#4751=CARTESIAN_POINT('Ctrl Pts',(19.4332921990317,27.3354757101906,5.));
#4752=CARTESIAN_POINT('Ctrl Pts',(19.4332921990317,27.3354757101906,1.));
#4753=CARTESIAN_POINT('Ctrl Pts',(19.6949253200799,26.785926183315,5.));
#4754=CARTESIAN_POINT('Ctrl Pts',(19.6949253200799,26.785926183315,1.));
#4755=CARTESIAN_POINT('Ctrl Pts',(19.7223958575024,26.1772876304489,5.));
#4756=CARTESIAN_POINT('Ctrl Pts',(19.7223958575024,26.1772876304489,1.));
#4757=CARTESIAN_POINT('Ctrl Pts',(19.7366531935816,25.8614014042164,5.));
#4758=CARTESIAN_POINT('Ctrl Pts',(19.7366531935816,25.8614014042164,1.));
#4759=CARTESIAN_POINT('',(19.3074478788673,27.5998064888369,5.));
#4760=CARTESIAN_POINT('Ctrl Pts',(19.3074478788673,27.5998064888369,5.));
#4761=CARTESIAN_POINT('Ctrl Pts',(19.4332921990317,27.3354757101906,5.));
#4762=CARTESIAN_POINT('Ctrl Pts',(19.6949253200799,26.785926183315,5.));
#4763=CARTESIAN_POINT('Ctrl Pts',(19.7223958575024,26.1772876304489,5.));
#4764=CARTESIAN_POINT('Ctrl Pts',(19.7366531935816,25.8614014042164,5.));
#4765=CARTESIAN_POINT('',(19.3074478788673,27.5998064888369,1.));
#4766=CARTESIAN_POINT('',(19.3074478788673,27.5998064888369,5.));
#4767=CARTESIAN_POINT('Ctrl Pts',(19.3074478788673,27.5998064888369,1.));
#4768=CARTESIAN_POINT('Ctrl Pts',(19.4332921990317,27.3354757101906,1.));
#4769=CARTESIAN_POINT('Ctrl Pts',(19.6949253200799,26.785926183315,1.));
#4770=CARTESIAN_POINT('Ctrl Pts',(19.7223958575024,26.1772876304489,1.));
#4771=CARTESIAN_POINT('Ctrl Pts',(19.7366531935816,25.8614014042164,1.));
#4772=CARTESIAN_POINT('Ctrl Pts',(18.0593831423401,28.7520323074432,5.));
#4773=CARTESIAN_POINT('Ctrl Pts',(18.0593831423401,28.7520323074432,1.));
#4774=CARTESIAN_POINT('Ctrl Pts',(18.3142089817079,28.6039833805407,5.));
#4775=CARTESIAN_POINT('Ctrl Pts',(18.3142089817079,28.6039833805407,1.));
#4776=CARTESIAN_POINT('Ctrl Pts',(18.8160442077626,28.3124267358786,5.));
#4777=CARTESIAN_POINT('Ctrl Pts',(18.8160442077626,28.3124267358786,1.));
#4778=CARTESIAN_POINT('Ctrl Pts',(19.1453564150977,27.8348671238036,5.));
#4779=CARTESIAN_POINT('Ctrl Pts',(19.1453564150977,27.8348671238036,1.));
#4780=CARTESIAN_POINT('Ctrl Pts',(19.3074478788673,27.5998064888369,5.));
#4781=CARTESIAN_POINT('Ctrl Pts',(19.3074478788673,27.5998064888369,1.));
#4782=CARTESIAN_POINT('',(18.0593831423401,28.7520323074432,5.));
#4783=CARTESIAN_POINT('Ctrl Pts',(18.0593831423401,28.7520323074432,5.));
#4784=CARTESIAN_POINT('Ctrl Pts',(18.3142089817079,28.6039833805407,5.));
#4785=CARTESIAN_POINT('Ctrl Pts',(18.8160442077626,28.3124267358786,5.));
#4786=CARTESIAN_POINT('Ctrl Pts',(19.1453564150977,27.8348671238036,5.));
#4787=CARTESIAN_POINT('Ctrl Pts',(19.3074478788673,27.5998064888369,5.));
#4788=CARTESIAN_POINT('',(18.0593831423401,28.7520323074432,1.));
#4789=CARTESIAN_POINT('',(18.0593831423401,28.7520323074432,5.));
#4790=CARTESIAN_POINT('Ctrl Pts',(18.0593831423401,28.7520323074432,1.));
#4791=CARTESIAN_POINT('Ctrl Pts',(18.3142089817079,28.6039833805407,1.));
#4792=CARTESIAN_POINT('Ctrl Pts',(18.8160442077626,28.3124267358786,1.));
#4793=CARTESIAN_POINT('Ctrl Pts',(19.1453564150977,27.8348671238036,1.));
#4794=CARTESIAN_POINT('Ctrl Pts',(19.3074478788673,27.5998064888369,1.));
#4795=CARTESIAN_POINT('Ctrl Pts',(16.1234337931362,29.1634086492247,5.));
#4796=CARTESIAN_POINT('Ctrl Pts',(16.1234337931362,29.1634086492247,1.));
#4797=CARTESIAN_POINT('Ctrl Pts',(16.4759805311058,29.1493699188899,5.));
#4798=CARTESIAN_POINT('Ctrl Pts',(16.4759805311058,29.1493699188899,1.));
#4799=CARTESIAN_POINT('Ctrl Pts',(17.1454850055934,29.1227096444839,5.));
#4800=CARTESIAN_POINT('Ctrl Pts',(17.1454850055934,29.1227096444839,1.));
#4801=CARTESIAN_POINT('Ctrl Pts',(17.7657407892935,28.8711337270578,5.));
#4802=CARTESIAN_POINT('Ctrl Pts',(17.7657407892935,28.8711337270578,1.));
#4803=CARTESIAN_POINT('Ctrl Pts',(18.0593831423401,28.7520323074432,5.));
#4804=CARTESIAN_POINT('Ctrl Pts',(18.0593831423401,28.7520323074432,1.));
#4805=CARTESIAN_POINT('',(16.1234337931362,29.1634086492247,5.));
#4806=CARTESIAN_POINT('Ctrl Pts',(16.1234337931362,29.1634086492247,5.));
#4807=CARTESIAN_POINT('Ctrl Pts',(16.4759805311058,29.1493699188899,5.));
#4808=CARTESIAN_POINT('Ctrl Pts',(17.1454850055934,29.1227096444839,5.));
#4809=CARTESIAN_POINT('Ctrl Pts',(17.7657407892935,28.8711337270578,5.));
#4810=CARTESIAN_POINT('Ctrl Pts',(18.0593831423401,28.7520323074432,5.));
#4811=CARTESIAN_POINT('',(16.1234337931362,29.1634086492247,1.));
#4812=CARTESIAN_POINT('',(16.1234337931362,29.1634086492247,5.));
#4813=CARTESIAN_POINT('Ctrl Pts',(16.1234337931362,29.1634086492247,1.));
#4814=CARTESIAN_POINT('Ctrl Pts',(16.4759805311058,29.1493699188899,1.));
#4815=CARTESIAN_POINT('Ctrl Pts',(17.1454850055934,29.1227096444839,1.));
#4816=CARTESIAN_POINT('Ctrl Pts',(17.7657407892935,28.8711337270578,1.));
#4817=CARTESIAN_POINT('Ctrl Pts',(18.0593831423401,28.7520323074432,1.));
#4818=CARTESIAN_POINT('Ctrl Pts',(14.1622729010266,28.7691399354081,5.));
#4819=CARTESIAN_POINT('Ctrl Pts',(14.1622729010266,28.7691399354081,1.));
#4820=CARTESIAN_POINT('Ctrl Pts',(14.4586402363434,28.8848314154189,5.));
#4821=CARTESIAN_POINT('Ctrl Pts',(14.4586402363434,28.8848314154189,1.));
#4822=CARTESIAN_POINT('Ctrl Pts',(15.088541256436,29.1307228231104,5.));
#4823=CARTESIAN_POINT('Ctrl Pts',(15.088541256436,29.1307228231104,1.));
#4824=CARTESIAN_POINT('Ctrl Pts',(15.7651619565826,29.1520930676199,5.));
#4825=CARTESIAN_POINT('Ctrl Pts',(15.7651619565826,29.1520930676199,1.));
#4826=CARTESIAN_POINT('Ctrl Pts',(16.1234337931362,29.1634086492247,5.));
#4827=CARTESIAN_POINT('Ctrl Pts',(16.1234337931362,29.1634086492247,1.));
#4828=CARTESIAN_POINT('',(14.1622729010266,28.7691399354081,5.));
#4829=CARTESIAN_POINT('Ctrl Pts',(14.1622729010266,28.7691399354081,5.));
#4830=CARTESIAN_POINT('Ctrl Pts',(14.4586402363434,28.8848314154189,5.));
#4831=CARTESIAN_POINT('Ctrl Pts',(15.088541256436,29.1307228231104,5.));
#4832=CARTESIAN_POINT('Ctrl Pts',(15.7651619565826,29.1520930676199,5.));
#4833=CARTESIAN_POINT('Ctrl Pts',(16.1234337931362,29.1634086492247,5.));
#4834=CARTESIAN_POINT('',(14.1622729010266,28.7691399354081,1.));
#4835=CARTESIAN_POINT('',(14.1622729010266,28.7691399354081,5.));
#4836=CARTESIAN_POINT('Ctrl Pts',(14.1622729010266,28.7691399354081,1.));
#4837=CARTESIAN_POINT('Ctrl Pts',(14.4586402363434,28.8848314154189,1.));
#4838=CARTESIAN_POINT('Ctrl Pts',(15.088541256436,29.1307228231104,1.));
#4839=CARTESIAN_POINT('Ctrl Pts',(15.7651619565826,29.1520930676199,1.));
#4840=CARTESIAN_POINT('Ctrl Pts',(16.1234337931362,29.1634086492247,1.));
#4841=CARTESIAN_POINT('Ctrl Pts',(12.9246510110132,27.6298963862233,5.));
#4842=CARTESIAN_POINT('Ctrl Pts',(12.9246510110132,27.6298963862233,1.));
#4843=CARTESIAN_POINT('Ctrl Pts',(13.0833712836888,27.8638896302505,5.));
#4844=CARTESIAN_POINT('Ctrl Pts',(13.0833712836888,27.8638896302505,1.));
#4845=CARTESIAN_POINT('Ctrl Pts',(13.406491005681,28.340248640247,5.));
#4846=CARTESIAN_POINT('Ctrl Pts',(13.406491005681,28.340248640247,1.));
#4847=CARTESIAN_POINT('Ctrl Pts',(13.9074108674686,28.6245107661554,5.));
#4848=CARTESIAN_POINT('Ctrl Pts',(13.9074108674686,28.6245107661554,1.));
#4849=CARTESIAN_POINT('Ctrl Pts',(14.1622729010266,28.7691399354081,5.));
#4850=CARTESIAN_POINT('Ctrl Pts',(14.1622729010266,28.7691399354081,1.));
#4851=CARTESIAN_POINT('',(12.9246510110132,27.6298963862233,5.));
#4852=CARTESIAN_POINT('Ctrl Pts',(12.9246510110132,27.6298963862233,5.));
#4853=CARTESIAN_POINT('Ctrl Pts',(13.0833712836888,27.8638896302505,5.));
#4854=CARTESIAN_POINT('Ctrl Pts',(13.406491005681,28.340248640247,5.));
#4855=CARTESIAN_POINT('Ctrl Pts',(13.9074108674686,28.6245107661554,5.));
#4856=CARTESIAN_POINT('Ctrl Pts',(14.1622729010266,28.7691399354081,5.));
#4857=CARTESIAN_POINT('',(12.9246510110132,27.6298963862233,1.));
#4858=CARTESIAN_POINT('',(12.9246510110132,27.6298963862233,5.));
#4859=CARTESIAN_POINT('Ctrl Pts',(12.9246510110132,27.6298963862233,1.));
#4860=CARTESIAN_POINT('Ctrl Pts',(13.0833712836888,27.8638896302505,1.));
#4861=CARTESIAN_POINT('Ctrl Pts',(13.406491005681,28.340248640247,1.));
#4862=CARTESIAN_POINT('Ctrl Pts',(13.9074108674686,28.6245107661554,1.));
#4863=CARTESIAN_POINT('Ctrl Pts',(14.1622729010266,28.7691399354081,1.));
#4864=CARTESIAN_POINT('Ctrl Pts',(12.5023974464583,25.8825520512518,5.));
#4865=CARTESIAN_POINT('Ctrl Pts',(12.5023974464583,25.8825520512518,1.));
#4866=CARTESIAN_POINT('Ctrl Pts',(12.5174823124893,26.2008821881428,5.));
#4867=CARTESIAN_POINT('Ctrl Pts',(12.5174823124893,26.2008821881428,1.));
#4868=CARTESIAN_POINT('Ctrl Pts',(12.5463955184981,26.8110264749939,5.));
#4869=CARTESIAN_POINT('Ctrl Pts',(12.5463955184981,26.8110264749939,1.));
#4870=CARTESIAN_POINT('Ctrl Pts',(12.802272528246,27.3649641927643,5.));
#4871=CARTESIAN_POINT('Ctrl Pts',(12.802272528246,27.3649641927643,1.));
#4872=CARTESIAN_POINT('Ctrl Pts',(12.9246510110132,27.6298963862233,5.));
#4873=CARTESIAN_POINT('Ctrl Pts',(12.9246510110132,27.6298963862233,1.));
#4874=CARTESIAN_POINT('',(12.5023974464583,25.8825520512518,5.));
#4875=CARTESIAN_POINT('Ctrl Pts',(12.5023974464583,25.8825520512518,5.));
#4876=CARTESIAN_POINT('Ctrl Pts',(12.5174823124893,26.2008821881428,5.));
#4877=CARTESIAN_POINT('Ctrl Pts',(12.5463955184981,26.8110264749939,5.));
#4878=CARTESIAN_POINT('Ctrl Pts',(12.802272528246,27.3649641927643,5.));
#4879=CARTESIAN_POINT('Ctrl Pts',(12.9246510110132,27.6298963862233,5.));
#4880=CARTESIAN_POINT('',(12.5023974464583,25.8825520512518,1.));
#4881=CARTESIAN_POINT('',(12.5023974464583,25.8825520512518,5.));
#4882=CARTESIAN_POINT('Ctrl Pts',(12.5023974464583,25.8825520512518,1.));
#4883=CARTESIAN_POINT('Ctrl Pts',(12.5174823124893,26.2008821881428,1.));
#4884=CARTESIAN_POINT('Ctrl Pts',(12.5463955184981,26.8110264749939,1.));
#4885=CARTESIAN_POINT('Ctrl Pts',(12.802272528246,27.3649641927643,1.));
#4886=CARTESIAN_POINT('Ctrl Pts',(12.9246510110132,27.6298963862233,1.));
#4887=CARTESIAN_POINT('Origin',(12.4969176580404,24.0082741254523,5.));
#4888=CARTESIAN_POINT('',(12.4969176580404,24.0082741254523,5.));
#4889=CARTESIAN_POINT('',(12.4592373032027,11.1202843121116,5.));
#4890=CARTESIAN_POINT('',(12.4969176580404,24.0082741254523,1.));
#4891=CARTESIAN_POINT('',(12.4969176580404,24.0082741254523,5.));
#4892=CARTESIAN_POINT('',(12.4969176580404,24.0082741254523,1.));
#4893=CARTESIAN_POINT('Ctrl Pts',(12.9089467389879,22.2584900191552,5.));
#4894=CARTESIAN_POINT('Ctrl Pts',(12.9089467389879,22.2584900191552,1.));
#4895=CARTESIAN_POINT('Ctrl Pts',(12.7881194885779,22.5241334690293,5.));
#4896=CARTESIAN_POINT('Ctrl Pts',(12.7881194885779,22.5241334690293,1.));
#4897=CARTESIAN_POINT('Ctrl Pts',(12.5354859823466,23.079558142862,5.));
#4898=CARTESIAN_POINT('Ctrl Pts',(12.5354859823466,23.079558142862,1.));
#4899=CARTESIAN_POINT('Ctrl Pts',(12.5101409167194,23.689861233578,5.));
#4900=CARTESIAN_POINT('Ctrl Pts',(12.5101409167194,23.689861233578,1.));
#4901=CARTESIAN_POINT('Ctrl Pts',(12.4969176580404,24.0082741254523,5.));
#4902=CARTESIAN_POINT('Ctrl Pts',(12.4969176580404,24.0082741254523,1.));
#4903=CARTESIAN_POINT('',(12.9089467389879,22.2584900191552,5.));
#4904=CARTESIAN_POINT('Ctrl Pts',(12.9089467389879,22.2584900191552,5.));
#4905=CARTESIAN_POINT('Ctrl Pts',(12.7881194885779,22.5241334690293,5.));
#4906=CARTESIAN_POINT('Ctrl Pts',(12.5354859823466,23.079558142862,5.));
#4907=CARTESIAN_POINT('Ctrl Pts',(12.5101409167194,23.689861233578,5.));
#4908=CARTESIAN_POINT('Ctrl Pts',(12.4969176580404,24.0082741254523,5.));
#4909=CARTESIAN_POINT('',(12.9089467389879,22.2584900191552,1.));
#4910=CARTESIAN_POINT('',(12.9089467389879,22.2584900191552,5.));
#4911=CARTESIAN_POINT('Ctrl Pts',(12.9089467389879,22.2584900191552,1.));
#4912=CARTESIAN_POINT('Ctrl Pts',(12.7881194885779,22.5241334690293,1.));
#4913=CARTESIAN_POINT('Ctrl Pts',(12.5354859823466,23.079558142862,1.));
#4914=CARTESIAN_POINT('Ctrl Pts',(12.5101409167194,23.689861233578,1.));
#4915=CARTESIAN_POINT('Ctrl Pts',(12.4969176580404,24.0082741254523,1.));
#4916=CARTESIAN_POINT('Ctrl Pts',(14.1398859613891,21.112029187834,5.));
#4917=CARTESIAN_POINT('Ctrl Pts',(14.1398859613891,21.112029187834,1.));
#4918=CARTESIAN_POINT('Ctrl Pts',(13.885874012902,21.2581463809367,5.));
#4919=CARTESIAN_POINT('Ctrl Pts',(13.885874012902,21.2581463809367,1.));
#4920=CARTESIAN_POINT('Ctrl Pts',(13.3866251870827,21.5453330173252,5.));
#4921=CARTESIAN_POINT('Ctrl Pts',(13.3866251870827,21.5453330173252,1.));
#4922=CARTESIAN_POINT('Ctrl Pts',(13.0662961286186,22.0235729543465,5.));
#4923=CARTESIAN_POINT('Ctrl Pts',(13.0662961286186,22.0235729543465,1.));
#4924=CARTESIAN_POINT('Ctrl Pts',(12.9089467389879,22.2584900191552,5.));
#4925=CARTESIAN_POINT('Ctrl Pts',(12.9089467389879,22.2584900191552,1.));
#4926=CARTESIAN_POINT('',(14.1398859613891,21.112029187834,5.));
#4927=CARTESIAN_POINT('Ctrl Pts',(14.1398859613891,21.112029187834,5.));
#4928=CARTESIAN_POINT('Ctrl Pts',(13.885874012902,21.2581463809367,5.));
#4929=CARTESIAN_POINT('Ctrl Pts',(13.3866251870827,21.5453330173252,5.));
#4930=CARTESIAN_POINT('Ctrl Pts',(13.0662961286186,22.0235729543465,5.));
#4931=CARTESIAN_POINT('Ctrl Pts',(12.9089467389879,22.2584900191552,5.));
#4932=CARTESIAN_POINT('',(14.1398859613891,21.112029187834,1.));
#4933=CARTESIAN_POINT('',(14.1398859613891,21.112029187834,5.));
#4934=CARTESIAN_POINT('Ctrl Pts',(14.1398859613891,21.112029187834,1.));
#4935=CARTESIAN_POINT('Ctrl Pts',(13.885874012902,21.2581463809367,1.));
#4936=CARTESIAN_POINT('Ctrl Pts',(13.3866251870827,21.5453330173252,1.));
#4937=CARTESIAN_POINT('Ctrl Pts',(13.0662961286186,22.0235729543465,1.));
#4938=CARTESIAN_POINT('Ctrl Pts',(12.9089467389879,22.2584900191552,1.));
#4939=CARTESIAN_POINT('Ctrl Pts',(16.0987079166976,20.7063002955945,5.));
#4940=CARTESIAN_POINT('Ctrl Pts',(16.0987079166976,20.7063002955945,1.));
#4941=CARTESIAN_POINT('Ctrl Pts',(15.7405083882626,20.719710661316,5.));
#4942=CARTESIAN_POINT('Ctrl Pts',(15.7405083882626,20.719710661316,1.));
#4943=CARTESIAN_POINT('Ctrl Pts',(15.064024310328,20.745037045551,5.));
#4944=CARTESIAN_POINT('Ctrl Pts',(15.064024310328,20.745037045551,1.));
#4945=CARTESIAN_POINT('Ctrl Pts',(14.435571762042,20.9946069798401,5.));
#4946=CARTESIAN_POINT('Ctrl Pts',(14.435571762042,20.9946069798401,1.));
#4947=CARTESIAN_POINT('Ctrl Pts',(14.1398859613891,21.112029187834,5.));
#4948=CARTESIAN_POINT('Ctrl Pts',(14.1398859613891,21.112029187834,1.));
#4949=CARTESIAN_POINT('',(16.0987079166976,20.7063002955945,5.));
#4950=CARTESIAN_POINT('Ctrl Pts',(16.0987079166976,20.7063002955945,5.));
#4951=CARTESIAN_POINT('Ctrl Pts',(15.7405083882626,20.719710661316,5.));
#4952=CARTESIAN_POINT('Ctrl Pts',(15.064024310328,20.745037045551,5.));
#4953=CARTESIAN_POINT('Ctrl Pts',(14.435571762042,20.9946069798401,5.));
#4954=CARTESIAN_POINT('Ctrl Pts',(14.1398859613891,21.112029187834,5.));
#4955=CARTESIAN_POINT('',(16.0987079166976,20.7063002955945,1.));
#4956=CARTESIAN_POINT('',(16.0987079166976,20.7063002955945,5.));
#4957=CARTESIAN_POINT('Ctrl Pts',(16.0987079166976,20.7063002955945,1.));
#4958=CARTESIAN_POINT('Ctrl Pts',(15.7405083882626,20.719710661316,1.));
#4959=CARTESIAN_POINT('Ctrl Pts',(15.064024310328,20.745037045551,1.));
#4960=CARTESIAN_POINT('Ctrl Pts',(14.435571762042,20.9946069798401,1.));
#4961=CARTESIAN_POINT('Ctrl Pts',(14.1398859613891,21.112029187834,1.));
#4962=CARTESIAN_POINT('Ctrl Pts',(18.0541718369402,21.1062993912005,5.));
#4963=CARTESIAN_POINT('Ctrl Pts',(18.0541718369402,21.1062993912005,1.));
#4964=CARTESIAN_POINT('Ctrl Pts',(17.7593402506572,20.9889416314525,5.));
#4965=CARTESIAN_POINT('Ctrl Pts',(17.7593402506572,20.9889416314525,1.));
#4966=CARTESIAN_POINT('Ctrl Pts',(17.1321599398399,20.7392924091167,5.));
#4967=CARTESIAN_POINT('Ctrl Pts',(17.1321599398399,20.7392924091167,1.));
#4968=CARTESIAN_POINT('Ctrl Pts',(16.4566610886232,20.7177276588579,5.));
#4969=CARTESIAN_POINT('Ctrl Pts',(16.4566610886232,20.7177276588579,1.));
#4970=CARTESIAN_POINT('Ctrl Pts',(16.0987079166976,20.7063002955945,5.));
#4971=CARTESIAN_POINT('Ctrl Pts',(16.0987079166976,20.7063002955945,1.));
#4972=CARTESIAN_POINT('Ctrl Pts',(18.0541718369402,21.1062993912005,5.));
#4973=CARTESIAN_POINT('Ctrl Pts',(17.7593402506572,20.9889416314525,5.));
#4974=CARTESIAN_POINT('Ctrl Pts',(17.1321599398399,20.7392924091167,5.));
#4975=CARTESIAN_POINT('Ctrl Pts',(16.4566610886232,20.7177276588579,5.));
#4976=CARTESIAN_POINT('Ctrl Pts',(16.0987079166976,20.7063002955945,5.));
#4977=CARTESIAN_POINT('Ctrl Pts',(18.0541718369402,21.1062993912005,1.));
#4978=CARTESIAN_POINT('Ctrl Pts',(17.7593402506572,20.9889416314525,1.));
#4979=CARTESIAN_POINT('Ctrl Pts',(17.1321599398399,20.7392924091167,1.));
#4980=CARTESIAN_POINT('Ctrl Pts',(16.4566610886232,20.7177276588579,1.));
#4981=CARTESIAN_POINT('Ctrl Pts',(16.0987079166976,20.7063002955945,1.));
#4982=CARTESIAN_POINT('Origin',(-3.8348275395122,24.9348544724096,1.));
#4983=CARTESIAN_POINT('Origin',(3.4022868967951,20.9719934333178,5.));
#4984=CARTESIAN_POINT('',(3.4022868967951,20.9719934333178,5.));
#4985=CARTESIAN_POINT('',(3.42022986191288,27.1091105771214,5.));
#4986=CARTESIAN_POINT('',(3.3690839298849,9.61542576949193,5.));
#4987=CARTESIAN_POINT('',(3.4022868967951,20.9719934333178,1.));
#4988=CARTESIAN_POINT('',(3.4022868967951,20.9719934333178,5.));
#4989=CARTESIAN_POINT('',(3.42022986191288,27.1091105771214,1.));
#4990=CARTESIAN_POINT('',(3.4022868967951,20.9719934333178,1.));
#4991=CARTESIAN_POINT('',(3.42022986191288,27.1091105771214,5.));
#4992=CARTESIAN_POINT('Origin',(5.93941928367537,20.9645756707348,5.));
#4993=CARTESIAN_POINT('',(5.93941928367537,20.9645756707348,5.));
#4994=CARTESIAN_POINT('',(1.07689632604328,20.9787921306408,5.));
#4995=CARTESIAN_POINT('',(5.93941928367537,20.9645756707348,1.));
#4996=CARTESIAN_POINT('',(5.93941928367537,20.9645756707348,5.));
#4997=CARTESIAN_POINT('',(5.93941928367538,20.9645756707348,1.));
#4998=CARTESIAN_POINT('Origin',(5.96280862380324,28.9645421945935,5.));
#4999=CARTESIAN_POINT('',(5.96280862380324,28.9645421945935,5.));
#5000=CARTESIAN_POINT('',(5.91791098682911,13.6079912688383,5.));
#5001=CARTESIAN_POINT('',(5.96280862380324,28.9645421945935,1.));
#5002=CARTESIAN_POINT('',(5.96280862380324,28.9645421945935,5.));
#5003=CARTESIAN_POINT('',(5.96280862380324,28.9645421945935,1.));
#5004=CARTESIAN_POINT('Origin',(0.637115843668399,28.9801128147305,5.));
#5005=CARTESIAN_POINT('',(0.637115843668399,28.9801128147305,5.));
#5006=CARTESIAN_POINT('',(-1.56256072389626,28.986543964568,5.));
#5007=CARTESIAN_POINT('',(0.637115843668399,28.9801128147305,1.));
#5008=CARTESIAN_POINT('',(0.637115843668399,28.9801128147305,5.));
#5009=CARTESIAN_POINT('',(0.637115843668399,28.9801128147305,1.));
#5010=CARTESIAN_POINT('Origin',(0.631669468658309,27.1172634346753,5.));
#5011=CARTESIAN_POINT('',(0.631669468658309,27.1172634346753,5.));
#5012=CARTESIAN_POINT('',(0.589495019189219,12.6921371989476,5.));
#5013=CARTESIAN_POINT('',(0.631669468658309,27.1172634346753,1.));
#5014=CARTESIAN_POINT('',(0.631669468658309,27.1172634346753,5.));
#5015=CARTESIAN_POINT('',(0.631669468658309,27.1172634346753,1.));
#5016=CARTESIAN_POINT('Origin',(3.42022986191288,27.1091105771214,5.));
#5017=CARTESIAN_POINT('',(-0.173726902279074,27.1196181557358,5.));
#5018=CARTESIAN_POINT('',(3.42022986191288,27.1091105771214,1.));
#5019=CARTESIAN_POINT('Origin',(-3.8348275395122,24.9348544724096,1.));
#5020=CARTESIAN_POINT('Origin',(-5.52338944817521,20.9980892525042,5.));
#5021=CARTESIAN_POINT('',(-5.52338944817521,20.9980892525042,5.));
#5022=CARTESIAN_POINT('',(-5.51827720724279,22.7466531751166,5.));
#5023=CARTESIAN_POINT('',(-5.55659241508542,9.64152158867832,5.));
#5024=CARTESIAN_POINT('',(-5.52338944817521,20.9980892525042,1.));
#5025=CARTESIAN_POINT('',(-5.52338944817521,20.9980892525042,5.));
#5026=CARTESIAN_POINT('',(-5.51827720724279,22.7466531751166,1.));
#5027=CARTESIAN_POINT('',(-5.52338944817521,20.9980892525042,1.));
#5028=CARTESIAN_POINT('',(-5.51827720724279,22.7466531751166,5.));
#5029=CARTESIAN_POINT('Origin',(-0.231983497361029,20.9826188760759,5.));
#5030=CARTESIAN_POINT('',(-0.231983497361029,20.9826188760759,5.));
#5031=CARTESIAN_POINT('',(-2.00880506447491,20.9878137333113,5.));
#5032=CARTESIAN_POINT('',(-0.231983497361029,20.9826188760759,1.));
#5033=CARTESIAN_POINT('',(-0.231983497361029,20.9826188760759,5.));
#5034=CARTESIAN_POINT('',(-0.231983497361026,20.9826188760759,1.));
#5035=CARTESIAN_POINT('Origin',(-0.20859415723316,28.9825853999346,5.));
#5036=CARTESIAN_POINT('',(-0.208594157233161,28.9825853999346,5.));
#5037=CARTESIAN_POINT('',(-0.253491794207295,13.6260344741794,5.));
#5038=CARTESIAN_POINT('',(-0.208594157233161,28.9825853999346,1.));
#5039=CARTESIAN_POINT('',(-0.208594157233161,28.9825853999346,5.));
#5040=CARTESIAN_POINT('',(-0.20859415723316,28.9825853999346,1.));
#5041=CARTESIAN_POINT('Origin',(-5.50000010804735,28.998055776363,5.));
#5042=CARTESIAN_POINT('',(-5.50000010804735,28.998055776363,5.));
#5043=CARTESIAN_POINT('',(-4.63111869975413,28.9955154453842,5.));
#5044=CARTESIAN_POINT('',(-5.50000010804735,28.998055776363,1.));
#5045=CARTESIAN_POINT('',(-5.50000010804735,28.998055776363,5.));
#5046=CARTESIAN_POINT('',(-5.50000010804735,28.998055776363,1.));
#5047=CARTESIAN_POINT('Origin',(-5.5052794160186,27.1923491250292,5.));
#5048=CARTESIAN_POINT('',(-5.5052794160186,27.1923491250292,5.));
#5049=CARTESIAN_POINT('',(-5.54753739900711,12.7386515249408,5.));
#5050=CARTESIAN_POINT('',(-5.5052794160186,27.1923491250292,1.));
#5051=CARTESIAN_POINT('',(-5.5052794160186,27.1923491250292,5.));
#5052=CARTESIAN_POINT('',(-5.5052794160186,27.1923491250292,1.));
#5053=CARTESIAN_POINT('Origin',(-2.7510058520847,27.1842965111839,5.));
#5054=CARTESIAN_POINT('',(-2.7510058520847,27.1842965111839,5.));
#5055=CARTESIAN_POINT('',(-3.25926122575845,27.1857824871278,5.));
#5056=CARTESIAN_POINT('',(-2.7510058520847,27.1842965111839,1.));
#5057=CARTESIAN_POINT('',(-2.7510058520847,27.1842965111839,5.));
#5058=CARTESIAN_POINT('',(-2.75100585208469,27.1842965111839,1.));
#5059=CARTESIAN_POINT('Origin',(-2.75501545404611,25.8128734060452,5.));
#5060=CARTESIAN_POINT('',(-2.75501545404611,25.8128734060452,5.));
#5061=CARTESIAN_POINT('',(-2.79526863605391,12.0448873585261,5.));
#5062=CARTESIAN_POINT('',(-2.75501545404611,25.8128734060452,1.));
#5063=CARTESIAN_POINT('',(-2.75501545404611,25.8128734060452,5.));
#5064=CARTESIAN_POINT('',(-2.75501545404611,25.8128734060452,1.));
#5065=CARTESIAN_POINT('Origin',(-5.26929074943781,25.8202243418127,5.));
#5066=CARTESIAN_POINT('',(-5.26929074943781,25.8202243418127,5.));
#5067=CARTESIAN_POINT('',(-4.52040847541569,25.8180348498728,5.));
#5068=CARTESIAN_POINT('',(-5.26929074943781,25.8202243418127,1.));
#5069=CARTESIAN_POINT('',(-5.26929074943781,25.8202243418127,5.));
#5070=CARTESIAN_POINT('',(-5.26929074943781,25.8202243418127,1.));
#5071=CARTESIAN_POINT('Origin',(-5.2743361635547,24.0945175106889,5.));
#5072=CARTESIAN_POINT('',(-5.27433616355471,24.0945175106889,5.));
#5073=CARTESIAN_POINT('',(-5.31206663850406,11.1893848787318,5.));
#5074=CARTESIAN_POINT('',(-5.27433616355471,24.0945175106889,1.));
#5075=CARTESIAN_POINT('',(-5.27433616355471,24.0945175106889,5.));
#5076=CARTESIAN_POINT('',(-5.2743361635547,24.0945175106889,1.));
#5077=CARTESIAN_POINT('Origin',(-2.760060868163,24.0871665749214,5.));
#5078=CARTESIAN_POINT('',(-2.760060868163,24.0871665749214,5.));
#5079=CARTESIAN_POINT('',(-3.26831624183674,24.0886525508653,5.));
#5080=CARTESIAN_POINT('',(-2.760060868163,24.0871665749214,1.));
#5081=CARTESIAN_POINT('',(-2.760060868163,24.0871665749214,5.));
#5082=CARTESIAN_POINT('',(-2.760060868163,24.0871665749214,1.));
#5083=CARTESIAN_POINT('Origin',(-2.76400364330888,22.7386005612713,5.));
#5084=CARTESIAN_POINT('',(-2.76400364330888,22.7386005612713,5.));
#5085=CARTESIAN_POINT('',(-2.7997627306853,10.5077509361392,5.));
#5086=CARTESIAN_POINT('',(-2.76400364330888,22.7386005612713,1.));
#5087=CARTESIAN_POINT('',(-2.76400364330888,22.7386005612713,5.));
#5088=CARTESIAN_POINT('',(-2.76400364330888,22.7386005612713,1.));
#5089=CARTESIAN_POINT('Origin',(-5.51827720724279,22.7466531751166,5.));
#5090=CARTESIAN_POINT('',(-4.64939579894959,22.7441128441378,5.));
#5091=CARTESIAN_POINT('',(-5.51827720724279,22.7466531751166,1.));
#5092=CARTESIAN_POINT('Origin',(-3.8348275395122,24.9348544724096,1.));
#5093=CARTESIAN_POINT('Origin',(-20.9747594526938,21.0432641100989,5.));
#5094=CARTESIAN_POINT('',(-20.9747594526938,21.0432641100989,5.));
#5095=CARTESIAN_POINT('',(-20.9564823534984,27.2946667113453,5.));
#5096=CARTESIAN_POINT('',(-21.007962419604,9.68669644627297,5.));
#5097=CARTESIAN_POINT('',(-20.9747594526938,21.0432641100989,1.));
#5098=CARTESIAN_POINT('',(-20.9747594526938,21.0432641100989,5.));
#5099=CARTESIAN_POINT('',(-20.9564823534984,27.2946667113453,1.));
#5100=CARTESIAN_POINT('',(-20.9747594526938,21.0432641100989,1.));
#5101=CARTESIAN_POINT('',(-20.9564823534984,27.2946667113453,5.));
#5102=CARTESIAN_POINT('Origin',(-19.111907688463,21.0378177281182,5.));
#5103=CARTESIAN_POINT('',(-19.111907688463,21.0378177281182,5.));
#5104=CARTESIAN_POINT('',(-11.4487671600259,21.0154131593325,5.));
#5105=CARTESIAN_POINT('',(-19.111907688463,21.0378177281182,1.));
#5106=CARTESIAN_POINT('',(-19.111907688463,21.0378177281182,5.));
#5107=CARTESIAN_POINT('',(-19.111907688463,21.0378177281182,1.));
#5108=CARTESIAN_POINT('Origin',(-16.5934891392214,22.4476034844227,5.));
#5109=CARTESIAN_POINT('',(-16.5934891392214,22.4476034844227,5.));
#5110=CARTESIAN_POINT('',(-16.8932532672585,22.2797984950237,5.));
#5111=CARTESIAN_POINT('',(-16.5934891392214,22.4476034844227,1.));
#5112=CARTESIAN_POINT('',(-16.5934891392214,22.4476034844227,5.));
#5113=CARTESIAN_POINT('',(-16.5934891392214,22.4476034844227,1.));
#5114=CARTESIAN_POINT('Origin',(-17.4119338716981,23.9585743078081,5.));
#5115=CARTESIAN_POINT('',(-17.4119338716981,23.9585743078081,5.));
#5116=CARTESIAN_POINT('',(-10.4969007390898,11.1923936586912,5.));
#5117=CARTESIAN_POINT('',(-17.4119338716981,23.9585743078081,1.));
#5118=CARTESIAN_POINT('',(-17.4119338716981,23.9585743078081,5.));
#5119=CARTESIAN_POINT('',(-17.4119338716981,23.9585743078081,1.));
#5120=CARTESIAN_POINT('Origin',(-18.487517906903,23.5160030692282,5.));
#5121=CARTESIAN_POINT('',(-18.487517906903,23.5160030692282,5.));
#5122=CARTESIAN_POINT('',(-16.6695371544464,24.2640487513825,5.));
#5123=CARTESIAN_POINT('',(-18.487517906903,23.5160030692282,1.));
#5124=CARTESIAN_POINT('',(-18.487517906903,23.5160030692282,5.));
#5125=CARTESIAN_POINT('',(-18.487517906903,23.5160030692282,1.));
#5126=CARTESIAN_POINT('Origin',(-18.4764915032517,27.2874160123158,5.));
#5127=CARTESIAN_POINT('',(-18.4764915032517,27.2874160123158,5.));
#5128=CARTESIAN_POINT('',(-18.5188330197596,12.8051470478667,5.));
#5129=CARTESIAN_POINT('',(-18.4764915032517,27.2874160123158,1.));
#5130=CARTESIAN_POINT('',(-18.4764915032517,27.2874160123158,5.));
#5131=CARTESIAN_POINT('',(-18.4764915032517,27.2874160123158,1.));
#5132=CARTESIAN_POINT('Origin',(-17.0364971236473,27.2832059299078,5.));
#5133=CARTESIAN_POINT('',(-17.0364971236473,27.2832059299078,5.));
#5134=CARTESIAN_POINT('',(-10.4019233280203,27.2638085608505,5.));
#5135=CARTESIAN_POINT('',(-17.0364971236473,27.2832059299078,1.));
#5136=CARTESIAN_POINT('',(-17.0364971236473,27.2832059299078,5.));
#5137=CARTESIAN_POINT('',(-17.0364971236473,27.2832059299078,1.));
#5138=CARTESIAN_POINT('Origin',(-17.0313848827149,29.0317698525201,5.));
#5139=CARTESIAN_POINT('',(-17.0313848827149,29.0317698525201,5.));
#5140=CARTESIAN_POINT('',(-17.076282519689,13.6752189267649,5.));
#5141=CARTESIAN_POINT('',(-17.0313848827149,29.0317698525201,1.));
#5142=CARTESIAN_POINT('',(-17.0313848827149,29.0317698525201,5.));
#5143=CARTESIAN_POINT('',(-17.0313848827149,29.0317698525201,1.));
#5144=CARTESIAN_POINT('Origin',(-22.1970780224297,29.0468726849483,5.));
#5145=CARTESIAN_POINT('',(-22.1970780224297,29.0468726849483,5.));
#5146=CARTESIAN_POINT('',(-12.9796576569453,29.0199238996769,5.));
#5147=CARTESIAN_POINT('',(-22.1970780224297,29.0468726849483,1.));
#5148=CARTESIAN_POINT('',(-22.1970780224297,29.0468726849483,5.));
#5149=CARTESIAN_POINT('',(-22.1970780224297,29.0468726849483,1.));
#5150=CARTESIAN_POINT('Origin',(-22.2021902633621,27.298308762336,5.));
#5151=CARTESIAN_POINT('',(-22.2021902633621,27.298308762336,5.));
#5152=CARTESIAN_POINT('',(-22.24453177987,12.8160397978869,5.));
#5153=CARTESIAN_POINT('',(-22.2021902633621,27.298308762336,1.));
#5154=CARTESIAN_POINT('',(-22.2021902633621,27.298308762336,5.));
#5155=CARTESIAN_POINT('',(-22.2021902633621,27.298308762336,1.));
#5156=CARTESIAN_POINT('Origin',(-20.9564823534984,27.2946667113453,5.));
#5157=CARTESIAN_POINT('',(-12.3619159429459,27.2695389515692,5.));
#5158=CARTESIAN_POINT('',(-20.9564823534984,27.2946667113453,1.));
#5159=CARTESIAN_POINT('Origin',(-3.8348275395122,24.9348544724096,1.));
#5160=CARTESIAN_POINT('Ctrl Pts',(-28.301594527577,24.578986728976,5.));
#5161=CARTESIAN_POINT('Ctrl Pts',(-28.301594527577,24.578986728976,1.));
#5162=CARTESIAN_POINT('Ctrl Pts',(-28.1567160134359,24.7391507688085,5.));
#5163=CARTESIAN_POINT('Ctrl Pts',(-28.1567160134359,24.7391507688085,1.));
#5164=CARTESIAN_POINT('Ctrl Pts',(-27.8273668961857,25.1032481330503,5.));
#5165=CARTESIAN_POINT('Ctrl Pts',(-27.8273668961857,25.1032481330503,1.));
#5166=CARTESIAN_POINT('Ctrl Pts',(-27.4189765169259,25.3768059031915,5.));
#5167=CARTESIAN_POINT('Ctrl Pts',(-27.4189765169259,25.3768059031915,1.));
#5168=CARTESIAN_POINT('Ctrl Pts',(-27.1902343839729,25.5300274064536,5.));
#5169=CARTESIAN_POINT('Ctrl Pts',(-27.1902343839729,25.5300274064536,1.));
#5170=CARTESIAN_POINT('',(-28.301594527577,24.578986728976,5.));
#5171=CARTESIAN_POINT('',(-27.1902343839729,25.5300274064536,5.));
#5172=CARTESIAN_POINT('Ctrl Pts',(-28.301594527577,24.578986728976,5.));
#5173=CARTESIAN_POINT('Ctrl Pts',(-28.1567160134359,24.7391507688085,5.));
#5174=CARTESIAN_POINT('Ctrl Pts',(-27.8273668961857,25.1032481330503,5.));
#5175=CARTESIAN_POINT('Ctrl Pts',(-27.4189765169259,25.3768059031915,5.));
#5176=CARTESIAN_POINT('Ctrl Pts',(-27.1902343839729,25.5300274064536,5.));
#5177=CARTESIAN_POINT('',(-28.301594527577,24.578986728976,1.));
#5178=CARTESIAN_POINT('',(-28.301594527577,24.578986728976,5.));
#5179=CARTESIAN_POINT('',(-27.1902343839729,25.5300274064536,1.));
#5180=CARTESIAN_POINT('Ctrl Pts',(-28.301594527577,24.578986728976,1.));
#5181=CARTESIAN_POINT('Ctrl Pts',(-28.1567160134359,24.7391507688085,1.));
#5182=CARTESIAN_POINT('Ctrl Pts',(-27.8273668961857,25.1032481330503,1.));
#5183=CARTESIAN_POINT('Ctrl Pts',(-27.4189765169259,25.3768059031915,1.));
#5184=CARTESIAN_POINT('Ctrl Pts',(-27.1902343839729,25.5300274064536,1.));
#5185=CARTESIAN_POINT('',(-27.1902343839729,25.5300274064536,5.));
#5186=CARTESIAN_POINT('Ctrl Pts',(-28.6476729043515,23.4771362480466,5.));
#5187=CARTESIAN_POINT('Ctrl Pts',(-28.6476729043515,23.4771362480466,1.));
#5188=CARTESIAN_POINT('Ctrl Pts',(-28.6350590839864,23.6828386785072,5.));
#5189=CARTESIAN_POINT('Ctrl Pts',(-28.6350590839864,23.6828386785072,1.));
#5190=CARTESIAN_POINT('Ctrl Pts',(-28.6107447447531,24.0793496902806,5.));
#5191=CARTESIAN_POINT('Ctrl Pts',(-28.6107447447531,24.0793496902806,1.));
#5192=CARTESIAN_POINT('Ctrl Pts',(-28.4020313511502,24.4166644845847,5.));
#5193=CARTESIAN_POINT('Ctrl Pts',(-28.4020313511502,24.4166644845847,1.));
#5194=CARTESIAN_POINT('Ctrl Pts',(-28.301594527577,24.578986728976,5.));
#5195=CARTESIAN_POINT('Ctrl Pts',(-28.301594527577,24.578986728976,1.));
#5196=CARTESIAN_POINT('',(-28.6476729043515,23.4771362480466,5.));
#5197=CARTESIAN_POINT('Ctrl Pts',(-28.6476729043515,23.4771362480466,5.));
#5198=CARTESIAN_POINT('Ctrl Pts',(-28.6350590839864,23.6828386785072,5.));
#5199=CARTESIAN_POINT('Ctrl Pts',(-28.6107447447531,24.0793496902806,5.));
#5200=CARTESIAN_POINT('Ctrl Pts',(-28.4020313511502,24.4166644845847,5.));
#5201=CARTESIAN_POINT('Ctrl Pts',(-28.301594527577,24.578986728976,5.));
#5202=CARTESIAN_POINT('',(-28.6476729043515,23.4771362480466,1.));
#5203=CARTESIAN_POINT('',(-28.6476729043515,23.4771362480466,5.));
#5204=CARTESIAN_POINT('Ctrl Pts',(-28.6476729043515,23.4771362480466,1.));
#5205=CARTESIAN_POINT('Ctrl Pts',(-28.6350590839864,23.6828386785072,1.));
#5206=CARTESIAN_POINT('Ctrl Pts',(-28.6107447447531,24.0793496902806,1.));
#5207=CARTESIAN_POINT('Ctrl Pts',(-28.4020313511502,24.4166644845847,1.));
#5208=CARTESIAN_POINT('Ctrl Pts',(-28.301594527577,24.578986728976,1.));
#5209=CARTESIAN_POINT('Origin',(-28.6489426103614,23.0428527018515,5.));
#5210=CARTESIAN_POINT('',(-28.6489426103614,23.0428527018515,5.));
#5211=CARTESIAN_POINT('',(-28.6850358318154,10.6977176192765,5.));
#5212=CARTESIAN_POINT('',(-28.6489426103614,23.0428527018515,1.));
#5213=CARTESIAN_POINT('',(-28.6489426103614,23.0428527018515,5.));
#5214=CARTESIAN_POINT('',(-28.6489426103614,23.0428527018515,1.));
#5215=CARTESIAN_POINT('Ctrl Pts',(-28.2980169266289,21.893249830527,5.));
#5216=CARTESIAN_POINT('Ctrl Pts',(-28.2980169266289,21.893249830527,1.));
#5217=CARTESIAN_POINT('Ctrl Pts',(-28.4008316131827,22.0675270120192,5.));
#5218=CARTESIAN_POINT('Ctrl Pts',(-28.4008316131827,22.0675270120192,1.));
#5219=CARTESIAN_POINT('Ctrl Pts',(-28.6101117405832,22.4222696267978,5.));
#5220=CARTESIAN_POINT('Ctrl Pts',(-28.6101117405832,22.4222696267978,1.));
#5221=CARTESIAN_POINT('Ctrl Pts',(-28.6358493286652,22.833599881505,5.));
#5222=CARTESIAN_POINT('Ctrl Pts',(-28.6358493286652,22.833599881505,1.));
#5223=CARTESIAN_POINT('Ctrl Pts',(-28.6489426103614,23.0428527018515,5.));
#5224=CARTESIAN_POINT('Ctrl Pts',(-28.6489426103614,23.0428527018515,1.));
#5225=CARTESIAN_POINT('',(-28.2980169266289,21.893249830527,5.));
#5226=CARTESIAN_POINT('Ctrl Pts',(-28.2980169266289,21.893249830527,5.));
#5227=CARTESIAN_POINT('Ctrl Pts',(-28.4008316131827,22.0675270120192,5.));
#5228=CARTESIAN_POINT('Ctrl Pts',(-28.6101117405832,22.4222696267978,5.));
#5229=CARTESIAN_POINT('Ctrl Pts',(-28.6358493286652,22.833599881505,5.));
#5230=CARTESIAN_POINT('Ctrl Pts',(-28.6489426103614,23.0428527018515,5.));
#5231=CARTESIAN_POINT('',(-28.2980169266289,21.893249830527,1.));
#5232=CARTESIAN_POINT('',(-28.2980169266289,21.893249830527,5.));
#5233=CARTESIAN_POINT('Ctrl Pts',(-28.2980169266289,21.893249830527,1.));
#5234=CARTESIAN_POINT('Ctrl Pts',(-28.4008316131827,22.0675270120192,1.));
#5235=CARTESIAN_POINT('Ctrl Pts',(-28.6101117405832,22.4222696267978,1.));
#5236=CARTESIAN_POINT('Ctrl Pts',(-28.6358493286652,22.833599881505,1.));
#5237=CARTESIAN_POINT('Ctrl Pts',(-28.6489426103614,23.0428527018515,1.));
#5238=CARTESIAN_POINT('Ctrl Pts',(-27.2602925624869,21.1130698914258,5.));
#5239=CARTESIAN_POINT('Ctrl Pts',(-27.2602925624869,21.1130698914258,1.));
#5240=CARTESIAN_POINT('Ctrl Pts',(-27.4713462103729,21.211424777903,5.));
#5241=CARTESIAN_POINT('Ctrl Pts',(-27.4713462103729,21.211424777903,1.));
#5242=CARTESIAN_POINT('Ctrl Pts',(-27.8729200348871,21.3985655751266,5.));
#5243=CARTESIAN_POINT('Ctrl Pts',(-27.8729200348871,21.3985655751266,1.));
#5244=CARTESIAN_POINT('Ctrl Pts',(-28.1612319993328,21.7340735316079,5.));
#5245=CARTESIAN_POINT('Ctrl Pts',(-28.1612319993328,21.7340735316079,1.));
#5246=CARTESIAN_POINT('Ctrl Pts',(-28.2980169266289,21.893249830527,5.));
#5247=CARTESIAN_POINT('Ctrl Pts',(-28.2980169266289,21.893249830527,1.));
#5248=CARTESIAN_POINT('',(-27.2602925624869,21.1130698914258,5.));
#5249=CARTESIAN_POINT('Ctrl Pts',(-27.2602925624869,21.1130698914258,5.));
#5250=CARTESIAN_POINT('Ctrl Pts',(-27.4713462103729,21.211424777903,5.));
#5251=CARTESIAN_POINT('Ctrl Pts',(-27.8729200348871,21.3985655751266,5.));
#5252=CARTESIAN_POINT('Ctrl Pts',(-28.1612319993328,21.7340735316079,5.));
#5253=CARTESIAN_POINT('Ctrl Pts',(-28.2980169266289,21.893249830527,5.));
#5254=CARTESIAN_POINT('',(-27.2602925624869,21.1130698914258,1.));
#5255=CARTESIAN_POINT('',(-27.2602925624869,21.1130698914258,5.));
#5256=CARTESIAN_POINT('Ctrl Pts',(-27.2602925624869,21.1130698914258,1.));
#5257=CARTESIAN_POINT('Ctrl Pts',(-27.4713462103729,21.211424777903,1.));
#5258=CARTESIAN_POINT('Ctrl Pts',(-27.8729200348871,21.3985655751266,1.));
#5259=CARTESIAN_POINT('Ctrl Pts',(-28.1612319993328,21.7340735316079,1.));
#5260=CARTESIAN_POINT('Ctrl Pts',(-28.2980169266289,21.893249830527,1.));
#5261=CARTESIAN_POINT('Ctrl Pts',(-25.6382600777215,20.8283264198024,5.));
#5262=CARTESIAN_POINT('Ctrl Pts',(-25.6382600777215,20.8283264198024,1.));
#5263=CARTESIAN_POINT('Ctrl Pts',(-25.9322937252289,20.8377736883399,5.));
#5264=CARTESIAN_POINT('Ctrl Pts',(-25.9322937252289,20.8377736883399,1.));
#5265=CARTESIAN_POINT('Ctrl Pts',(-26.4869696911001,20.8555953657069,5.));
#5266=CARTESIAN_POINT('Ctrl Pts',(-26.4869696911001,20.8555953657069,1.));
#5267=CARTESIAN_POINT('Ctrl Pts',(-27.0130754082303,21.0307600026368,5.));
#5268=CARTESIAN_POINT('Ctrl Pts',(-27.0130754082303,21.0307600026368,1.));
#5269=CARTESIAN_POINT('Ctrl Pts',(-27.2602925624869,21.1130698914258,5.));
#5270=CARTESIAN_POINT('Ctrl Pts',(-27.2602925624869,21.1130698914258,1.));
#5271=CARTESIAN_POINT('',(-25.6382600777215,20.8283264198024,5.));
#5272=CARTESIAN_POINT('Ctrl Pts',(-25.6382600777215,20.8283264198024,5.));
#5273=CARTESIAN_POINT('Ctrl Pts',(-25.9322937252289,20.8377736883399,5.));
#5274=CARTESIAN_POINT('Ctrl Pts',(-26.4869696911001,20.8555953657069,5.));
#5275=CARTESIAN_POINT('Ctrl Pts',(-27.0130754082303,21.0307600026368,5.));
#5276=CARTESIAN_POINT('Ctrl Pts',(-27.2602925624869,21.1130698914258,5.));
#5277=CARTESIAN_POINT('',(-25.6382600777215,20.8283264198024,1.));
#5278=CARTESIAN_POINT('',(-25.6382600777215,20.8283264198024,5.));
#5279=CARTESIAN_POINT('Ctrl Pts',(-25.6382600777215,20.8283264198024,1.));
#5280=CARTESIAN_POINT('Ctrl Pts',(-25.9322937252289,20.8377736883399,1.));
#5281=CARTESIAN_POINT('Ctrl Pts',(-26.4869696911001,20.8555953657069,1.));
#5282=CARTESIAN_POINT('Ctrl Pts',(-27.0130754082303,21.0307600026368,1.));
#5283=CARTESIAN_POINT('Ctrl Pts',(-27.2602925624869,21.1130698914258,1.));
#5284=CARTESIAN_POINT('Ctrl Pts',(-23.9746602363909,21.0806064678587,5.));
#5285=CARTESIAN_POINT('Ctrl Pts',(-23.9746602363909,21.0806064678587,1.));
#5286=CARTESIAN_POINT('Ctrl Pts',(-24.2327060414857,21.0064115855263,5.));
#5287=CARTESIAN_POINT('Ctrl Pts',(-24.2327060414857,21.0064115855263,1.));
#5288=CARTESIAN_POINT('Ctrl Pts',(-24.7759881218422,20.8502038532961,5.));
#5289=CARTESIAN_POINT('Ctrl Pts',(-24.7759881218422,20.8502038532961,1.));
#5290=CARTESIAN_POINT('Ctrl Pts',(-25.3414033583866,20.8358582235334,5.));
#5291=CARTESIAN_POINT('Ctrl Pts',(-25.3414033583866,20.8358582235334,1.));
#5292=CARTESIAN_POINT('Ctrl Pts',(-25.6382600777215,20.8283264198024,5.));
#5293=CARTESIAN_POINT('Ctrl Pts',(-25.6382600777215,20.8283264198024,1.));
#5294=CARTESIAN_POINT('',(-23.9746602363909,21.0806064678587,5.));
#5295=CARTESIAN_POINT('Ctrl Pts',(-23.9746602363909,21.0806064678587,5.));
#5296=CARTESIAN_POINT('Ctrl Pts',(-24.2327060414857,21.0064115855263,5.));
#5297=CARTESIAN_POINT('Ctrl Pts',(-24.7759881218422,20.8502038532961,5.));
#5298=CARTESIAN_POINT('Ctrl Pts',(-25.3414033583866,20.8358582235334,5.));
#5299=CARTESIAN_POINT('Ctrl Pts',(-25.6382600777215,20.8283264198024,5.));
#5300=CARTESIAN_POINT('',(-23.9746602363909,21.0806064678587,1.));
#5301=CARTESIAN_POINT('',(-23.9746602363909,21.0806064678587,5.));
#5302=CARTESIAN_POINT('Ctrl Pts',(-23.9746602363909,21.0806064678587,1.));
#5303=CARTESIAN_POINT('Ctrl Pts',(-24.2327060414857,21.0064115855263,1.));
#5304=CARTESIAN_POINT('Ctrl Pts',(-24.7759881218422,20.8502038532961,1.));
#5305=CARTESIAN_POINT('Ctrl Pts',(-25.3414033583866,20.8358582235334,1.));
#5306=CARTESIAN_POINT('Ctrl Pts',(-25.6382600777215,20.8283264198024,1.));
#5307=CARTESIAN_POINT('Ctrl Pts',(-22.5953336893554,21.8251481155698,5.));
#5308=CARTESIAN_POINT('Ctrl Pts',(-22.5953336893554,21.8251481155698,1.));
#5309=CARTESIAN_POINT('Ctrl Pts',(-22.8141785095326,21.6723967663709,5.));
#5310=CARTESIAN_POINT('Ctrl Pts',(-22.8141785095326,21.6723967663709,1.));
#5311=CARTESIAN_POINT('Ctrl Pts',(-23.2454922085516,21.3713444069879,5.));
#5312=CARTESIAN_POINT('Ctrl Pts',(-23.2454922085516,21.3713444069879,1.));
#5313=CARTESIAN_POINT('Ctrl Pts',(-23.7340114231268,21.1765593036263,5.));
#5314=CARTESIAN_POINT('Ctrl Pts',(-23.7340114231268,21.1765593036263,1.));
#5315=CARTESIAN_POINT('Ctrl Pts',(-23.9746602363909,21.0806064678587,5.));
#5316=CARTESIAN_POINT('Ctrl Pts',(-23.9746602363909,21.0806064678587,1.));
#5317=CARTESIAN_POINT('',(-22.5953336893554,21.8251481155698,5.));
#5318=CARTESIAN_POINT('Ctrl Pts',(-22.5953336893554,21.8251481155698,5.));
#5319=CARTESIAN_POINT('Ctrl Pts',(-22.8141785095326,21.6723967663709,5.));
#5320=CARTESIAN_POINT('Ctrl Pts',(-23.2454922085516,21.3713444069879,5.));
#5321=CARTESIAN_POINT('Ctrl Pts',(-23.7340114231268,21.1765593036263,5.));
#5322=CARTESIAN_POINT('Ctrl Pts',(-23.9746602363909,21.0806064678587,5.));
#5323=CARTESIAN_POINT('',(-22.5953336893554,21.8251481155698,1.));
#5324=CARTESIAN_POINT('',(-22.5953336893554,21.8251481155698,5.));
#5325=CARTESIAN_POINT('Ctrl Pts',(-22.5953336893554,21.8251481155698,1.));
#5326=CARTESIAN_POINT('Ctrl Pts',(-22.8141785095326,21.6723967663709,1.));
#5327=CARTESIAN_POINT('Ctrl Pts',(-23.2454922085516,21.3713444069879,1.));
#5328=CARTESIAN_POINT('Ctrl Pts',(-23.7340114231268,21.1765593036263,1.));
#5329=CARTESIAN_POINT('Ctrl Pts',(-23.9746602363909,21.0806064678587,1.));
#5330=CARTESIAN_POINT('Origin',(-23.5739093299648,23.2908731327601,5.));
#5331=CARTESIAN_POINT('',(-23.5739093299648,23.2908731327601,5.));
#5332=CARTESIAN_POINT('',(-14.7586449067026,10.0872401562876,5.));
#5333=CARTESIAN_POINT('',(-23.5739093299648,23.2908731327601,1.));
#5334=CARTESIAN_POINT('',(-23.5739093299648,23.2908731327601,5.));
#5335=CARTESIAN_POINT('',(-23.5739093299648,23.2908731327601,1.));
#5336=CARTESIAN_POINT('Ctrl Pts',(-24.4266898252299,22.8305069267817,5.));
#5337=CARTESIAN_POINT('Ctrl Pts',(-24.4266898252299,22.8305069267817,1.));
#5338=CARTESIAN_POINT('Ctrl Pts',(-24.2837379928525,22.8901123720405,5.));
#5339=CARTESIAN_POINT('Ctrl Pts',(-24.2837379928525,22.8901123720405,1.));
#5340=CARTESIAN_POINT('Ctrl Pts',(-23.9841761091294,23.0150182173517,5.));
#5341=CARTESIAN_POINT('Ctrl Pts',(-23.9841761091294,23.0150182173517,1.));
#5342=CARTESIAN_POINT('Ctrl Pts',(-23.7147595147547,23.1961683753104,5.));
#5343=CARTESIAN_POINT('Ctrl Pts',(-23.7147595147547,23.1961683753104,1.));
#5344=CARTESIAN_POINT('Ctrl Pts',(-23.5739093299648,23.2908731327601,5.));
#5345=CARTESIAN_POINT('Ctrl Pts',(-23.5739093299648,23.2908731327601,1.));
#5346=CARTESIAN_POINT('',(-24.4266898252299,22.8305069267817,5.));
#5347=CARTESIAN_POINT('Ctrl Pts',(-24.4266898252299,22.8305069267817,5.));
#5348=CARTESIAN_POINT('Ctrl Pts',(-24.2837379928525,22.8901123720405,5.));
#5349=CARTESIAN_POINT('Ctrl Pts',(-23.9841761091294,23.0150182173517,5.));
#5350=CARTESIAN_POINT('Ctrl Pts',(-23.7147595147547,23.1961683753104,5.));
#5351=CARTESIAN_POINT('Ctrl Pts',(-23.5739093299648,23.2908731327601,5.));
#5352=CARTESIAN_POINT('',(-24.4266898252299,22.8305069267817,1.));
#5353=CARTESIAN_POINT('',(-24.4266898252299,22.8305069267817,5.));
#5354=CARTESIAN_POINT('Ctrl Pts',(-24.4266898252299,22.8305069267817,1.));
#5355=CARTESIAN_POINT('Ctrl Pts',(-24.2837379928525,22.8901123720405,1.));
#5356=CARTESIAN_POINT('Ctrl Pts',(-23.9841761091294,23.0150182173517,1.));
#5357=CARTESIAN_POINT('Ctrl Pts',(-23.7147595147547,23.1961683753104,1.));
#5358=CARTESIAN_POINT('Ctrl Pts',(-23.5739093299648,23.2908731327601,1.));
#5359=CARTESIAN_POINT('Ctrl Pts',(-25.3242775731113,22.6788450955889,5.));
#5360=CARTESIAN_POINT('Ctrl Pts',(-25.3242775731113,22.6788450955889,1.));
#5361=CARTESIAN_POINT('Ctrl Pts',(-25.1682917998836,22.6843009208879,5.));
#5362=CARTESIAN_POINT('Ctrl Pts',(-25.1682917998836,22.6843009208879,1.));
#5363=CARTESIAN_POINT('Ctrl Pts',(-24.8622908747193,22.695003740475,5.));
#5364=CARTESIAN_POINT('Ctrl Pts',(-24.8622908747193,22.695003740475,1.));
#5365=CARTESIAN_POINT('Ctrl Pts',(-24.5699890659899,22.7859305793623,5.));
#5366=CARTESIAN_POINT('Ctrl Pts',(-24.5699890659899,22.7859305793623,1.));
#5367=CARTESIAN_POINT('Ctrl Pts',(-24.4266898252299,22.8305069267817,5.));
#5368=CARTESIAN_POINT('Ctrl Pts',(-24.4266898252299,22.8305069267817,1.));
#5369=CARTESIAN_POINT('',(-25.3242775731113,22.6788450955889,5.));
#5370=CARTESIAN_POINT('Ctrl Pts',(-25.3242775731113,22.6788450955889,5.));
#5371=CARTESIAN_POINT('Ctrl Pts',(-25.1682917998836,22.6843009208879,5.));
#5372=CARTESIAN_POINT('Ctrl Pts',(-24.8622908747193,22.695003740475,5.));
#5373=CARTESIAN_POINT('Ctrl Pts',(-24.5699890659899,22.7859305793623,5.));
#5374=CARTESIAN_POINT('Ctrl Pts',(-24.4266898252299,22.8305069267817,5.));
#5375=CARTESIAN_POINT('',(-25.3242775731113,22.6788450955889,1.));
#5376=CARTESIAN_POINT('',(-25.3242775731113,22.6788450955889,5.));
#5377=CARTESIAN_POINT('Ctrl Pts',(-25.3242775731113,22.6788450955889,1.));
#5378=CARTESIAN_POINT('Ctrl Pts',(-25.1682917998836,22.6843009208879,1.));
#5379=CARTESIAN_POINT('Ctrl Pts',(-24.8622908747193,22.695003740475,1.));
#5380=CARTESIAN_POINT('Ctrl Pts',(-24.5699890659899,22.7859305793623,1.));
#5381=CARTESIAN_POINT('Ctrl Pts',(-24.4266898252299,22.8305069267817,1.));
#5382=CARTESIAN_POINT('Ctrl Pts',(-25.9466828329566,22.8349508995588,5.));
#5383=CARTESIAN_POINT('Ctrl Pts',(-25.9466828329566,22.8349508995588,1.));
#5384=CARTESIAN_POINT('Ctrl Pts',(-25.859433148235,22.7898187778968,5.));
#5385=CARTESIAN_POINT('Ctrl Pts',(-25.859433148235,22.7898187778968,1.));
#5386=CARTESIAN_POINT('Ctrl Pts',(-25.6649520840046,22.6892184940126,5.));
#5387=CARTESIAN_POINT('Ctrl Pts',(-25.6649520840046,22.6892184940126,1.));
#5388=CARTESIAN_POINT('Ctrl Pts',(-25.445356429899,22.6825318968669,5.));
#5389=CARTESIAN_POINT('Ctrl Pts',(-25.445356429899,22.6825318968669,1.));
#5390=CARTESIAN_POINT('Ctrl Pts',(-25.3242775731113,22.6788450955889,5.));
#5391=CARTESIAN_POINT('Ctrl Pts',(-25.3242775731113,22.6788450955889,1.));
#5392=CARTESIAN_POINT('',(-25.9466828329566,22.8349508995588,5.));
#5393=CARTESIAN_POINT('Ctrl Pts',(-25.9466828329566,22.8349508995588,5.));
#5394=CARTESIAN_POINT('Ctrl Pts',(-25.859433148235,22.7898187778968,5.));
#5395=CARTESIAN_POINT('Ctrl Pts',(-25.6649520840046,22.6892184940126,5.));
#5396=CARTESIAN_POINT('Ctrl Pts',(-25.445356429899,22.6825318968669,5.));
#5397=CARTESIAN_POINT('Ctrl Pts',(-25.3242775731113,22.6788450955889,5.));
#5398=CARTESIAN_POINT('',(-25.9466828329566,22.8349508995588,1.));
#5399=CARTESIAN_POINT('',(-25.9466828329566,22.8349508995588,5.));
#5400=CARTESIAN_POINT('Ctrl Pts',(-25.9466828329566,22.8349508995588,1.));
#5401=CARTESIAN_POINT('Ctrl Pts',(-25.859433148235,22.7898187778968,1.));
#5402=CARTESIAN_POINT('Ctrl Pts',(-25.6649520840046,22.6892184940126,1.));
#5403=CARTESIAN_POINT('Ctrl Pts',(-25.445356429899,22.6825318968669,1.));
#5404=CARTESIAN_POINT('Ctrl Pts',(-25.3242775731113,22.6788450955889,1.));
#5405=CARTESIAN_POINT('Ctrl Pts',(-26.1683503205176,23.2413152301753,5.));
#5406=CARTESIAN_POINT('Ctrl Pts',(-26.1683503205176,23.2413152301753,1.));
#5407=CARTESIAN_POINT('Ctrl Pts',(-26.1584951633715,23.1609777135347,5.));
#5408=CARTESIAN_POINT('Ctrl Pts',(-26.1584951633715,23.1609777135347,1.));
#5409=CARTESIAN_POINT('Ctrl Pts',(-26.1383333771047,22.9966223597124,5.));
#5410=CARTESIAN_POINT('Ctrl Pts',(-26.1383333771047,22.9966223597124,1.));
#5411=CARTESIAN_POINT('Ctrl Pts',(-26.0115129547138,22.8896399195823,5.));
#5412=CARTESIAN_POINT('Ctrl Pts',(-26.0115129547138,22.8896399195823,1.));
#5413=CARTESIAN_POINT('Ctrl Pts',(-25.9466828329566,22.8349508995588,5.));
#5414=CARTESIAN_POINT('Ctrl Pts',(-25.9466828329566,22.8349508995588,1.));
#5415=CARTESIAN_POINT('',(-26.1683503205176,23.2413152301753,5.));
#5416=CARTESIAN_POINT('Ctrl Pts',(-26.1683503205176,23.2413152301753,5.));
#5417=CARTESIAN_POINT('Ctrl Pts',(-26.1584951633715,23.1609777135347,5.));
#5418=CARTESIAN_POINT('Ctrl Pts',(-26.1383333771047,22.9966223597124,5.));
#5419=CARTESIAN_POINT('Ctrl Pts',(-26.0115129547138,22.8896399195823,5.));
#5420=CARTESIAN_POINT('Ctrl Pts',(-25.9466828329566,22.8349508995588,5.));
#5421=CARTESIAN_POINT('',(-26.1683503205176,23.2413152301753,1.));
#5422=CARTESIAN_POINT('',(-26.1683503205176,23.2413152301753,5.));
#5423=CARTESIAN_POINT('Ctrl Pts',(-26.1683503205176,23.2413152301753,1.));
#5424=CARTESIAN_POINT('Ctrl Pts',(-26.1584951633715,23.1609777135347,1.));
#5425=CARTESIAN_POINT('Ctrl Pts',(-26.1383333771047,22.9966223597124,1.));
#5426=CARTESIAN_POINT('Ctrl Pts',(-26.0115129547138,22.8896399195823,1.));
#5427=CARTESIAN_POINT('Ctrl Pts',(-25.9466828329566,22.8349508995588,1.));
#5428=CARTESIAN_POINT('Origin',(-26.167949361367,23.3784571830628,5.));
#5429=CARTESIAN_POINT('',(-26.167949361367,23.3784571830628,5.));
#5430=CARTESIAN_POINT('',(-26.204543782195,10.8618945103675,5.));
#5431=CARTESIAN_POINT('',(-26.167949361367,23.3784571830628,1.));
#5432=CARTESIAN_POINT('',(-26.167949361367,23.3784571830628,5.));
#5433=CARTESIAN_POINT('',(-26.167949361367,23.3784571830628,1.));
#5434=CARTESIAN_POINT('Ctrl Pts',(-26.0182123754255,23.7780213242238,5.));
#5435=CARTESIAN_POINT('Ctrl Pts',(-26.0182123754255,23.7780213242238,1.));
#5436=CARTESIAN_POINT('Ctrl Pts',(-26.061719368737,23.718545486843,5.));
#5437=CARTESIAN_POINT('Ctrl Pts',(-26.061719368737,23.718545486843,1.));
#5438=CARTESIAN_POINT('Ctrl Pts',(-26.1489147738926,23.5993458055354,5.));
#5439=CARTESIAN_POINT('Ctrl Pts',(-26.1489147738926,23.5993458055354,1.));
#5440=CARTESIAN_POINT('Ctrl Pts',(-26.1615957042387,23.4521887820601,5.));
#5441=CARTESIAN_POINT('Ctrl Pts',(-26.1615957042387,23.4521887820601,1.));
#5442=CARTESIAN_POINT('Ctrl Pts',(-26.167949361367,23.3784571830628,5.));
#5443=CARTESIAN_POINT('Ctrl Pts',(-26.167949361367,23.3784571830628,1.));
#5444=CARTESIAN_POINT('',(-26.0182123754255,23.7780213242238,5.));
#5445=CARTESIAN_POINT('Ctrl Pts',(-26.0182123754255,23.7780213242238,5.));
#5446=CARTESIAN_POINT('Ctrl Pts',(-26.061719368737,23.718545486843,5.));
#5447=CARTESIAN_POINT('Ctrl Pts',(-26.1489147738926,23.5993458055354,5.));
#5448=CARTESIAN_POINT('Ctrl Pts',(-26.1615957042387,23.4521887820601,5.));
#5449=CARTESIAN_POINT('Ctrl Pts',(-26.167949361367,23.3784571830628,5.));
#5450=CARTESIAN_POINT('',(-26.0182123754255,23.7780213242238,1.));
#5451=CARTESIAN_POINT('',(-26.0182123754255,23.7780213242238,5.));
#5452=CARTESIAN_POINT('Ctrl Pts',(-26.0182123754255,23.7780213242238,1.));
#5453=CARTESIAN_POINT('Ctrl Pts',(-26.061719368737,23.718545486843,1.));
#5454=CARTESIAN_POINT('Ctrl Pts',(-26.1489147738926,23.5993458055354,1.));
#5455=CARTESIAN_POINT('Ctrl Pts',(-26.1615957042387,23.4521887820601,1.));
#5456=CARTESIAN_POINT('Ctrl Pts',(-26.167949361367,23.3784571830628,1.));
#5457=CARTESIAN_POINT('Ctrl Pts',(-25.3767436255464,24.2790055900936,5.));
#5458=CARTESIAN_POINT('Ctrl Pts',(-25.3767436255464,24.2790055900936,1.));
#5459=CARTESIAN_POINT('Ctrl Pts',(-25.5158121196061,24.1866852555502,5.));
#5460=CARTESIAN_POINT('Ctrl Pts',(-25.5158121196061,24.1866852555502,1.));
#5461=CARTESIAN_POINT('Ctrl Pts',(-25.7427384707438,24.0360406627875,5.));
#5462=CARTESIAN_POINT('Ctrl Pts',(-25.7427384707438,24.0360406627875,1.));
#5463=CARTESIAN_POINT('Ctrl Pts',(-25.9413262219446,23.8500358204382,5.));
#5464=CARTESIAN_POINT('Ctrl Pts',(-25.9413262219446,23.8500358204382,1.));
#5465=CARTESIAN_POINT('Ctrl Pts',(-26.0182123754255,23.7780213242238,5.));
#5466=CARTESIAN_POINT('Ctrl Pts',(-26.0182123754255,23.7780213242238,1.));
#5467=CARTESIAN_POINT('',(-25.3767436255464,24.2790055900936,5.));
#5468=CARTESIAN_POINT('Ctrl Pts',(-25.3767436255464,24.2790055900936,5.));
#5469=CARTESIAN_POINT('Ctrl Pts',(-25.5158121196061,24.1866852555502,5.));
#5470=CARTESIAN_POINT('Ctrl Pts',(-25.7427384707438,24.0360406627875,5.));
#5471=CARTESIAN_POINT('Ctrl Pts',(-25.9413262219446,23.8500358204382,5.));
#5472=CARTESIAN_POINT('Ctrl Pts',(-26.0182123754255,23.7780213242238,5.));
#5473=CARTESIAN_POINT('',(-25.3767436255464,24.2790055900936,1.));
#5474=CARTESIAN_POINT('',(-25.3767436255464,24.2790055900936,5.));
#5475=CARTESIAN_POINT('Ctrl Pts',(-25.3767436255464,24.2790055900936,1.));
#5476=CARTESIAN_POINT('Ctrl Pts',(-25.5158121196061,24.1866852555502,1.));
#5477=CARTESIAN_POINT('Ctrl Pts',(-25.7427384707438,24.0360406627875,1.));
#5478=CARTESIAN_POINT('Ctrl Pts',(-25.9413262219446,23.8500358204382,1.));
#5479=CARTESIAN_POINT('Ctrl Pts',(-26.0182123754255,23.7780213242238,1.));
#5480=CARTESIAN_POINT('Origin',(-24.266039811745,25.0071896394987,5.));
#5481=CARTESIAN_POINT('',(-24.266039811745,25.0071896394987,5.));
#5482=CARTESIAN_POINT('',(-23.2549262595925,25.6700817189764,5.));
#5483=CARTESIAN_POINT('',(-24.266039811745,25.0071896394987,1.));
#5484=CARTESIAN_POINT('',(-24.266039811745,25.0071896394987,5.));
#5485=CARTESIAN_POINT('',(-24.266039811745,25.0071896394987,1.));
#5486=CARTESIAN_POINT('Ctrl Pts',(-23.1541450553592,26.1410864528409,5.));
#5487=CARTESIAN_POINT('Ctrl Pts',(-23.1541450553592,26.1410864528409,1.));
#5488=CARTESIAN_POINT('Ctrl Pts',(-23.3017852734011,25.9274304606455,5.));
#5489=CARTESIAN_POINT('Ctrl Pts',(-23.3017852734011,25.9274304606455,1.));
#5490=CARTESIAN_POINT('Ctrl Pts',(-23.6069802830004,25.4857707052359,5.));
#5491=CARTESIAN_POINT('Ctrl Pts',(-23.6069802830004,25.4857707052359,1.));
#5492=CARTESIAN_POINT('Ctrl Pts',(-24.0416464431995,25.1701345826776,5.));
#5493=CARTESIAN_POINT('Ctrl Pts',(-24.0416464431995,25.1701345826776,1.));
#5494=CARTESIAN_POINT('Ctrl Pts',(-24.266039811745,25.0071896394987,5.));
#5495=CARTESIAN_POINT('Ctrl Pts',(-24.266039811745,25.0071896394987,1.));
#5496=CARTESIAN_POINT('',(-23.1541450553592,26.1410864528409,5.));
#5497=CARTESIAN_POINT('Ctrl Pts',(-23.1541450553592,26.1410864528409,5.));
#5498=CARTESIAN_POINT('Ctrl Pts',(-23.3017852734011,25.9274304606455,5.));
#5499=CARTESIAN_POINT('Ctrl Pts',(-23.6069802830004,25.4857707052359,5.));
#5500=CARTESIAN_POINT('Ctrl Pts',(-24.0416464431995,25.1701345826776,5.));
#5501=CARTESIAN_POINT('Ctrl Pts',(-24.266039811745,25.0071896394987,5.));
#5502=CARTESIAN_POINT('',(-23.1541450553592,26.1410864528409,1.));
#5503=CARTESIAN_POINT('',(-23.1541450553592,26.1410864528409,5.));
#5504=CARTESIAN_POINT('Ctrl Pts',(-23.1541450553592,26.1410864528409,1.));
#5505=CARTESIAN_POINT('Ctrl Pts',(-23.3017852734011,25.9274304606455,1.));
#5506=CARTESIAN_POINT('Ctrl Pts',(-23.6069802830004,25.4857707052359,1.));
#5507=CARTESIAN_POINT('Ctrl Pts',(-24.0416464431995,25.1701345826776,1.));
#5508=CARTESIAN_POINT('Ctrl Pts',(-24.266039811745,25.0071896394987,1.));
#5509=CARTESIAN_POINT('Ctrl Pts',(-22.7607152421123,27.8028008295215,5.));
#5510=CARTESIAN_POINT('Ctrl Pts',(-22.7607152421123,27.8028008295215,1.));
#5511=CARTESIAN_POINT('Ctrl Pts',(-22.7725944959976,27.4914200772166,5.));
#5512=CARTESIAN_POINT('Ctrl Pts',(-22.7725944959976,27.4914200772166,1.));
#5513=CARTESIAN_POINT('Ctrl Pts',(-22.7947533112013,26.9105899497614,5.));
#5514=CARTESIAN_POINT('Ctrl Pts',(-22.7947533112013,26.9105899497614,1.));
#5515=CARTESIAN_POINT('Ctrl Pts',(-23.0402555865425,26.3849383107133,5.));
#5516=CARTESIAN_POINT('Ctrl Pts',(-23.0402555865425,26.3849383107133,1.));
#5517=CARTESIAN_POINT('Ctrl Pts',(-23.1541450553592,26.1410864528409,5.));
#5518=CARTESIAN_POINT('Ctrl Pts',(-23.1541450553592,26.1410864528409,1.));
#5519=CARTESIAN_POINT('',(-22.7607152421123,27.8028008295215,5.));
#5520=CARTESIAN_POINT('Ctrl Pts',(-22.7607152421123,27.8028008295215,5.));
#5521=CARTESIAN_POINT('Ctrl Pts',(-22.7725944959976,27.4914200772166,5.));
#5522=CARTESIAN_POINT('Ctrl Pts',(-22.7947533112013,26.9105899497614,5.));
#5523=CARTESIAN_POINT('Ctrl Pts',(-23.0402555865425,26.3849383107133,5.));
#5524=CARTESIAN_POINT('Ctrl Pts',(-23.1541450553592,26.1410864528409,5.));
#5525=CARTESIAN_POINT('',(-22.7607152421123,27.8028008295215,1.));
#5526=CARTESIAN_POINT('',(-22.7607152421123,27.8028008295215,5.));
#5527=CARTESIAN_POINT('Ctrl Pts',(-22.7607152421123,27.8028008295215,1.));
#5528=CARTESIAN_POINT('Ctrl Pts',(-22.7725944959976,27.4914200772166,1.));
#5529=CARTESIAN_POINT('Ctrl Pts',(-22.7947533112013,26.9105899497614,1.));
#5530=CARTESIAN_POINT('Ctrl Pts',(-23.0402555865425,26.3849383107133,1.));
#5531=CARTESIAN_POINT('Ctrl Pts',(-23.1541450553592,26.1410864528409,1.));
#5532=CARTESIAN_POINT('Origin',(-22.7570731876363,29.048509931473,5.));
#5533=CARTESIAN_POINT('',(-22.7570731876363,29.048509931473,5.));
#5534=CARTESIAN_POINT('',(-22.8019708246104,13.6919590057178,5.));
#5535=CARTESIAN_POINT('',(-22.7570731876363,29.048509931473,1.));
#5536=CARTESIAN_POINT('',(-22.7570731876363,29.048509931473,5.));
#5537=CARTESIAN_POINT('',(-22.7570731876363,29.048509931473,1.));
#5538=CARTESIAN_POINT('Origin',(-28.5856195963441,29.0655507345811,5.));
#5539=CARTESIAN_POINT('',(-28.5856195963441,29.0655507345811,5.));
#5540=CARTESIAN_POINT('',(-16.1739284439025,29.0292629244933,5.));
#5541=CARTESIAN_POINT('',(-28.5856195963441,29.0655507345811,1.));
#5542=CARTESIAN_POINT('',(-28.5856195963441,29.0655507345811,5.));
#5543=CARTESIAN_POINT('',(-28.5856195963441,29.0655507345811,1.));
#5544=CARTESIAN_POINT('Origin',(-28.5910659713542,27.2027013545259,5.));
#5545=CARTESIAN_POINT('',(-28.5910659713542,27.2027013545259,5.));
#5546=CARTESIAN_POINT('',(-28.6332404208233,12.7775751187982,5.));
#5547=CARTESIAN_POINT('',(-28.5910659713542,27.2027013545259,1.));
#5548=CARTESIAN_POINT('',(-28.5910659713542,27.2027013545259,5.));
#5549=CARTESIAN_POINT('',(-28.5910659713542,27.2027013545259,1.));
#5550=CARTESIAN_POINT('Origin',(-25.265365120206,27.1929780702923,5.));
#5551=CARTESIAN_POINT('',(-25.265365120206,27.1929780702923,5.));
#5552=CARTESIAN_POINT('',(-14.5165243933385,27.1615519023213,5.));
#5553=CARTESIAN_POINT('',(-25.265365120206,27.1929780702923,1.));
#5554=CARTESIAN_POINT('',(-25.265365120206,27.1929780702923,5.));
#5555=CARTESIAN_POINT('',(-25.265365120206,27.1929780702923,1.));
#5556=CARTESIAN_POINT('Ctrl Pts',(-25.466633780697,26.7592792569905,5.));
#5557=CARTESIAN_POINT('Ctrl Pts',(-25.466633780697,26.7592792569905,1.));
#5558=CARTESIAN_POINT('Ctrl Pts',(-25.4139224853706,26.8248121513944,5.));
#5559=CARTESIAN_POINT('Ctrl Pts',(-25.4139224853706,26.8248121513944,1.));
#5560=CARTESIAN_POINT('Ctrl Pts',(-25.310912353682,26.9528786699782,5.));
#5561=CARTESIAN_POINT('Ctrl Pts',(-25.310912353682,26.9528786699782,1.));
#5562=CARTESIAN_POINT('Ctrl Pts',(-25.2803086220278,27.114204332522,5.));
#5563=CARTESIAN_POINT('Ctrl Pts',(-25.2803086220278,27.114204332522,1.));
#5564=CARTESIAN_POINT('Ctrl Pts',(-25.265365120206,27.1929780702923,5.));
#5565=CARTESIAN_POINT('Ctrl Pts',(-25.265365120206,27.1929780702923,1.));
#5566=CARTESIAN_POINT('',(-25.466633780697,26.7592792569905,5.));
#5567=CARTESIAN_POINT('Ctrl Pts',(-25.466633780697,26.7592792569905,5.));
#5568=CARTESIAN_POINT('Ctrl Pts',(-25.4139224853706,26.8248121513944,5.));
#5569=CARTESIAN_POINT('Ctrl Pts',(-25.310912353682,26.9528786699782,5.));
#5570=CARTESIAN_POINT('Ctrl Pts',(-25.2803086220278,27.114204332522,5.));
#5571=CARTESIAN_POINT('Ctrl Pts',(-25.265365120206,27.1929780702923,5.));
#5572=CARTESIAN_POINT('',(-25.466633780697,26.7592792569905,1.));
#5573=CARTESIAN_POINT('',(-25.466633780697,26.7592792569905,5.));
#5574=CARTESIAN_POINT('Ctrl Pts',(-25.466633780697,26.7592792569905,1.));
#5575=CARTESIAN_POINT('Ctrl Pts',(-25.4139224853706,26.8248121513944,1.));
#5576=CARTESIAN_POINT('Ctrl Pts',(-25.310912353682,26.9528786699782,1.));
#5577=CARTESIAN_POINT('Ctrl Pts',(-25.2803086220278,27.114204332522,1.));
#5578=CARTESIAN_POINT('Ctrl Pts',(-25.265365120206,27.1929780702923,1.));
#5579=CARTESIAN_POINT('Ctrl Pts',(-26.1138484269816,26.2468837428963,5.));
#5580=CARTESIAN_POINT('Ctrl Pts',(-26.1138484269816,26.2468837428963,1.));
#5581=CARTESIAN_POINT('Ctrl Pts',(-25.9784955413719,26.3387650474509,5.));
#5582=CARTESIAN_POINT('Ctrl Pts',(-25.9784955413719,26.3387650474509,1.));
#5583=CARTESIAN_POINT('Ctrl Pts',(-25.750056675212,26.4938357054513,5.));
#5584=CARTESIAN_POINT('Ctrl Pts',(-25.750056675212,26.4938357054513,1.));
#5585=CARTESIAN_POINT('Ctrl Pts',(-25.5486887083838,26.6824296028235,5.));
#5586=CARTESIAN_POINT('Ctrl Pts',(-25.5486887083838,26.6824296028235,1.));
#5587=CARTESIAN_POINT('Ctrl Pts',(-25.466633780697,26.7592792569905,5.));
#5588=CARTESIAN_POINT('Ctrl Pts',(-25.466633780697,26.7592792569905,1.));
#5589=CARTESIAN_POINT('',(-26.1138484269816,26.2468837428963,5.));
#5590=CARTESIAN_POINT('Ctrl Pts',(-26.1138484269816,26.2468837428963,5.));
#5591=CARTESIAN_POINT('Ctrl Pts',(-25.9784955413719,26.3387650474509,5.));
#5592=CARTESIAN_POINT('Ctrl Pts',(-25.750056675212,26.4938357054513,5.));
#5593=CARTESIAN_POINT('Ctrl Pts',(-25.5486887083838,26.6824296028235,5.));
#5594=CARTESIAN_POINT('Ctrl Pts',(-25.466633780697,26.7592792569905,5.));
#5595=CARTESIAN_POINT('',(-26.1138484269816,26.2468837428963,1.));
#5596=CARTESIAN_POINT('',(-26.1138484269816,26.2468837428963,5.));
#5597=CARTESIAN_POINT('Ctrl Pts',(-26.1138484269816,26.2468837428963,1.));
#5598=CARTESIAN_POINT('Ctrl Pts',(-25.9784955413719,26.3387650474509,1.));
#5599=CARTESIAN_POINT('Ctrl Pts',(-25.750056675212,26.4938357054513,1.));
#5600=CARTESIAN_POINT('Ctrl Pts',(-25.5486887083838,26.6824296028235,1.));
#5601=CARTESIAN_POINT('Ctrl Pts',(-25.466633780697,26.7592792569905,1.));
#5602=CARTESIAN_POINT('Origin',(-27.1902343839729,25.5300274064536,5.));
#5603=CARTESIAN_POINT('',(-25.3925567854598,26.7272527780827,5.));
#5604=CARTESIAN_POINT('',(-27.1902343839729,25.5300274064536,1.));
#5605=CARTESIAN_POINT('Origin',(-3.8348275395122,24.9348544724096,1.));
#5606=CARTESIAN_POINT('Ctrl Pts',(-10.5860943938894,26.9214877150346,5.));
#5607=CARTESIAN_POINT('Ctrl Pts',(-10.5860943938894,26.9214877150346,1.));
#5608=CARTESIAN_POINT('Ctrl Pts',(-10.664408262102,26.7740955640144,5.));
#5609=CARTESIAN_POINT('Ctrl Pts',(-10.664408262102,26.7740955640144,1.));
#5610=CARTESIAN_POINT('Ctrl Pts',(-10.8491729903124,26.4263554849565,5.));
#5611=CARTESIAN_POINT('Ctrl Pts',(-10.8491729903124,26.4263554849565,1.));
#5612=CARTESIAN_POINT('Ctrl Pts',(-10.8547347577809,26.0304029911983,5.));
#5613=CARTESIAN_POINT('Ctrl Pts',(-10.8547347577809,26.0304029911983,1.));
#5614=CARTESIAN_POINT('Ctrl Pts',(-10.8579391298267,25.8022778296101,5.));
#5615=CARTESIAN_POINT('Ctrl Pts',(-10.8579391298267,25.8022778296101,1.));
#5616=CARTESIAN_POINT('',(-10.5860943938894,26.9214877150346,5.));
#5617=CARTESIAN_POINT('',(-10.8579391298267,25.8022778296101,5.));
#5618=CARTESIAN_POINT('Ctrl Pts',(-10.5860943938894,26.9214877150346,5.));
#5619=CARTESIAN_POINT('Ctrl Pts',(-10.664408262102,26.7740955640144,5.));
#5620=CARTESIAN_POINT('Ctrl Pts',(-10.8491729903124,26.4263554849565,5.));
#5621=CARTESIAN_POINT('Ctrl Pts',(-10.8547347577809,26.0304029911983,5.));
#5622=CARTESIAN_POINT('Ctrl Pts',(-10.8579391298267,25.8022778296101,5.));
#5623=CARTESIAN_POINT('',(-10.5860943938894,26.9214877150346,1.));
#5624=CARTESIAN_POINT('',(-10.5860943938894,26.9214877150346,5.));
#5625=CARTESIAN_POINT('',(-10.8579391298267,25.8022778296101,1.));
#5626=CARTESIAN_POINT('Ctrl Pts',(-10.5860943938894,26.9214877150346,1.));
#5627=CARTESIAN_POINT('Ctrl Pts',(-10.664408262102,26.7740955640144,1.));
#5628=CARTESIAN_POINT('Ctrl Pts',(-10.8491729903124,26.4263554849565,1.));
#5629=CARTESIAN_POINT('Ctrl Pts',(-10.8547347577809,26.0304029911983,1.));
#5630=CARTESIAN_POINT('Ctrl Pts',(-10.8579391298267,25.8022778296101,1.));
#5631=CARTESIAN_POINT('',(-10.8579391298267,25.8022778296101,5.));
#5632=CARTESIAN_POINT('Ctrl Pts',(-9.74509685967086,27.2618882106056,5.));
#5633=CARTESIAN_POINT('Ctrl Pts',(-9.74509685967086,27.2618882106056,1.));
#5634=CARTESIAN_POINT('Ctrl Pts',(-9.9186892119815,27.2531786376749,5.));
#5635=CARTESIAN_POINT('Ctrl Pts',(-9.9186892119815,27.2531786376749,1.));
#5636=CARTESIAN_POINT('Ctrl Pts',(-10.2405620589656,27.2370294525416,5.));
#5637=CARTESIAN_POINT('Ctrl Pts',(-10.2405620589656,27.2370294525416,1.));
#5638=CARTESIAN_POINT('Ctrl Pts',(-10.477117809,27.0210056398944,5.));
#5639=CARTESIAN_POINT('Ctrl Pts',(-10.477117809,27.0210056398944,1.));
#5640=CARTESIAN_POINT('Ctrl Pts',(-10.5860943938894,26.9214877150346,5.));
#5641=CARTESIAN_POINT('Ctrl Pts',(-10.5860943938894,26.9214877150346,1.));
#5642=CARTESIAN_POINT('',(-9.74509685967085,27.2618882106056,5.));
#5643=CARTESIAN_POINT('Ctrl Pts',(-9.74509685967086,27.2618882106056,5.));
#5644=CARTESIAN_POINT('Ctrl Pts',(-9.9186892119815,27.2531786376749,5.));
#5645=CARTESIAN_POINT('Ctrl Pts',(-10.2405620589656,27.2370294525416,5.));
#5646=CARTESIAN_POINT('Ctrl Pts',(-10.477117809,27.0210056398944,5.));
#5647=CARTESIAN_POINT('Ctrl Pts',(-10.5860943938894,26.9214877150346,5.));
#5648=CARTESIAN_POINT('',(-9.74509685967085,27.2618882106056,1.));
#5649=CARTESIAN_POINT('',(-9.74509685967085,27.2618882106056,5.));
#5650=CARTESIAN_POINT('Ctrl Pts',(-9.74509685967086,27.2618882106056,1.));
#5651=CARTESIAN_POINT('Ctrl Pts',(-9.9186892119815,27.2531786376749,1.));
#5652=CARTESIAN_POINT('Ctrl Pts',(-10.2405620589656,27.2370294525416,1.));
#5653=CARTESIAN_POINT('Ctrl Pts',(-10.477117809,27.0210056398944,1.));
#5654=CARTESIAN_POINT('Ctrl Pts',(-10.5860943938894,26.9214877150346,1.));
#5655=CARTESIAN_POINT('Origin',(-9.31081212138799,27.2606185011105,5.));
#5656=CARTESIAN_POINT('',(-9.31081212138799,27.2606185011105,5.));
#5657=CARTESIAN_POINT('',(-6.53908082689069,27.2525148464518,5.));
#5658=CARTESIAN_POINT('',(-9.31081212138799,27.2606185011105,1.));
#5659=CARTESIAN_POINT('',(-9.31081212138799,27.2606185011105,5.));
#5660=CARTESIAN_POINT('',(-9.31081212138799,27.2606185011105,1.));
#5661=CARTESIAN_POINT('Origin',(-9.32397697965101,22.7577798224764,5.));
#5662=CARTESIAN_POINT('',(-9.32397697965101,22.7577798224764,5.));
#5663=CARTESIAN_POINT('',(-9.35973606702742,10.5269301973443,5.));
#5664=CARTESIAN_POINT('',(-9.32397697965101,22.7577798224764,1.));
#5665=CARTESIAN_POINT('',(-9.32397697965101,22.7577798224764,5.));
#5666=CARTESIAN_POINT('',(-9.32397697965101,22.7577798224764,1.));
#5667=CARTESIAN_POINT('Origin',(-9.8954042668653,22.7594504928647,5.));
#5668=CARTESIAN_POINT('',(-9.8954042668653,22.7594504928647,5.));
#5669=CARTESIAN_POINT('',(-6.83795932876084,22.7505115030119,5.));
#5670=CARTESIAN_POINT('',(-9.8954042668653,22.7594504928647,1.));
#5671=CARTESIAN_POINT('',(-9.8954042668653,22.7594504928647,5.));
#5672=CARTESIAN_POINT('',(-9.8954042668653,22.7594504928647,1.));
#5673=CARTESIAN_POINT('Ctrl Pts',(-10.6373540037134,23.0701924929655,5.));
#5674=CARTESIAN_POINT('Ctrl Pts',(-10.6373540037134,23.0701924929655,1.));
#5675=CARTESIAN_POINT('Ctrl Pts',(-10.5432024722188,22.980089006359,5.));
#5676=CARTESIAN_POINT('Ctrl Pts',(-10.5432024722188,22.980089006359,1.));
#5677=CARTESIAN_POINT('Ctrl Pts',(-10.337347907715,22.7830851584004,5.));
#5678=CARTESIAN_POINT('Ctrl Pts',(-10.337347907715,22.7830851584004,1.));
#5679=CARTESIAN_POINT('Ctrl Pts',(-10.050860932014,22.767764146341,5.));
#5680=CARTESIAN_POINT('Ctrl Pts',(-10.050860932014,22.767764146341,1.));
#5681=CARTESIAN_POINT('Ctrl Pts',(-9.8954042668653,22.7594504928647,5.));
#5682=CARTESIAN_POINT('Ctrl Pts',(-9.8954042668653,22.7594504928647,1.));
#5683=CARTESIAN_POINT('',(-10.6373540037134,23.0701924929655,5.));
#5684=CARTESIAN_POINT('Ctrl Pts',(-10.6373540037134,23.0701924929655,5.));
#5685=CARTESIAN_POINT('Ctrl Pts',(-10.5432024722188,22.980089006359,5.));
#5686=CARTESIAN_POINT('Ctrl Pts',(-10.337347907715,22.7830851584004,5.));
#5687=CARTESIAN_POINT('Ctrl Pts',(-10.050860932014,22.767764146341,5.));
#5688=CARTESIAN_POINT('Ctrl Pts',(-9.8954042668653,22.7594504928647,5.));
#5689=CARTESIAN_POINT('',(-10.6373540037134,23.0701924929655,1.));
#5690=CARTESIAN_POINT('',(-10.6373540037134,23.0701924929655,5.));
#5691=CARTESIAN_POINT('Ctrl Pts',(-10.6373540037134,23.0701924929655,1.));
#5692=CARTESIAN_POINT('Ctrl Pts',(-10.5432024722188,22.980089006359,1.));
#5693=CARTESIAN_POINT('Ctrl Pts',(-10.337347907715,22.7830851584004,1.));
#5694=CARTESIAN_POINT('Ctrl Pts',(-10.050860932014,22.767764146341,1.));
#5695=CARTESIAN_POINT('Ctrl Pts',(-9.8954042668653,22.7594504928647,1.));
#5696=CARTESIAN_POINT('Ctrl Pts',(-10.8629511305359,24.0879995442306,5.));
#5697=CARTESIAN_POINT('Ctrl Pts',(-10.8629511305359,24.0879995442306,1.));
#5698=CARTESIAN_POINT('Ctrl Pts',(-10.8618398301525,23.8807969769914,5.));
#5699=CARTESIAN_POINT('Ctrl Pts',(-10.8618398301525,23.8807969769914,1.));
#5700=CARTESIAN_POINT('Ctrl Pts',(-10.8599229758422,23.5233984373435,5.));
#5701=CARTESIAN_POINT('Ctrl Pts',(-10.8599229758422,23.5233984373435,1.));
#5702=CARTESIAN_POINT('Ctrl Pts',(-10.7032116172275,23.2042950214611,5.));
#5703=CARTESIAN_POINT('Ctrl Pts',(-10.7032116172275,23.2042950214611,1.));
#5704=CARTESIAN_POINT('Ctrl Pts',(-10.6373540037134,23.0701924929655,5.));
#5705=CARTESIAN_POINT('Ctrl Pts',(-10.6373540037134,23.0701924929655,1.));
#5706=CARTESIAN_POINT('',(-10.8629511305359,24.0879995442306,5.));
#5707=CARTESIAN_POINT('Ctrl Pts',(-10.8629511305359,24.0879995442306,5.));
#5708=CARTESIAN_POINT('Ctrl Pts',(-10.8618398301525,23.8807969769914,5.));
#5709=CARTESIAN_POINT('Ctrl Pts',(-10.8599229758422,23.5233984373435,5.));
#5710=CARTESIAN_POINT('Ctrl Pts',(-10.7032116172275,23.2042950214611,5.));
#5711=CARTESIAN_POINT('Ctrl Pts',(-10.6373540037134,23.0701924929655,5.));
#5712=CARTESIAN_POINT('',(-10.8629511305359,24.0879995442306,1.));
#5713=CARTESIAN_POINT('',(-10.8629511305359,24.0879995442306,5.));
#5714=CARTESIAN_POINT('Ctrl Pts',(-10.8629511305359,24.0879995442306,1.));
#5715=CARTESIAN_POINT('Ctrl Pts',(-10.8618398301525,23.8807969769914,1.));
#5716=CARTESIAN_POINT('Ctrl Pts',(-10.8599229758422,23.5233984373435,1.));
#5717=CARTESIAN_POINT('Ctrl Pts',(-10.7032116172275,23.2042950214611,1.));
#5718=CARTESIAN_POINT('Ctrl Pts',(-10.6373540037134,23.0701924929655,1.));
#5719=CARTESIAN_POINT('Origin',(-10.8579391298267,25.8022778296101,5.));
#5720=CARTESIAN_POINT('',(-10.8981421917229,12.0514346007075,5.));
#5721=CARTESIAN_POINT('',(-10.8579391298267,25.8022778296101,1.));
#5722=CARTESIAN_POINT('Origin',(-6.76856749357528,29.0017646611398,5.));
#5723=CARTESIAN_POINT('',(-6.76856749357529,29.0017646611398,5.));
#5724=CARTESIAN_POINT('',(-6.79195683370315,21.001798137281,5.));
#5725=CARTESIAN_POINT('',(-6.81346513054942,13.6452137353845,5.));
#5726=CARTESIAN_POINT('',(-6.76856749357529,29.0017646611398,1.));
#5727=CARTESIAN_POINT('',(-6.76856749357529,29.0017646611398,5.));
#5728=CARTESIAN_POINT('',(-6.79195683370315,21.001798137281,1.));
#5729=CARTESIAN_POINT('',(-6.76856749357528,29.0017646611398,1.));
#5730=CARTESIAN_POINT('',(-6.79195683370315,21.001798137281,5.));
#5731=CARTESIAN_POINT('Origin',(-9.67141334427271,29.0102516527713,5.));
#5732=CARTESIAN_POINT('',(-9.67141334427271,29.0102516527713,5.));
#5733=CARTESIAN_POINT('',(-6.71682531786681,29.0016133835884,5.));
#5734=CARTESIAN_POINT('',(-9.67141334427271,29.0102516527713,1.));
#5735=CARTESIAN_POINT('',(-9.67141334427271,29.0102516527713,5.));
#5736=CARTESIAN_POINT('',(-9.67141334427271,29.0102516527713,1.));
#5737=CARTESIAN_POINT('Ctrl Pts',(-12.433938808452,28.1497526836147,5.));
#5738=CARTESIAN_POINT('Ctrl Pts',(-12.433938808452,28.1497526836147,1.));
#5739=CARTESIAN_POINT('Ctrl Pts',(-12.0560512450504,28.4014209251101,5.));
#5740=CARTESIAN_POINT('Ctrl Pts',(-12.0560512450504,28.4014209251101,1.));
#5741=CARTESIAN_POINT('Ctrl Pts',(-11.223671853583,28.9557748599735,5.));
#5742=CARTESIAN_POINT('Ctrl Pts',(-11.223671853583,28.9557748599735,1.));
#5743=CARTESIAN_POINT('Ctrl Pts',(-10.2196335521836,28.9910117655394,5.));
#5744=CARTESIAN_POINT('Ctrl Pts',(-10.2196335521836,28.9910117655394,1.));
#5745=CARTESIAN_POINT('Ctrl Pts',(-9.67141334427271,29.0102516527713,5.));
#5746=CARTESIAN_POINT('Ctrl Pts',(-9.67141334427271,29.0102516527713,1.));
#5747=CARTESIAN_POINT('',(-12.433938808452,28.1497526836147,5.));
#5748=CARTESIAN_POINT('Ctrl Pts',(-12.433938808452,28.1497526836147,5.));
#5749=CARTESIAN_POINT('Ctrl Pts',(-12.0560512450504,28.4014209251101,5.));
#5750=CARTESIAN_POINT('Ctrl Pts',(-11.223671853583,28.9557748599735,5.));
#5751=CARTESIAN_POINT('Ctrl Pts',(-10.2196335521836,28.9910117655394,5.));
#5752=CARTESIAN_POINT('Ctrl Pts',(-9.67141334427271,29.0102516527713,5.));
#5753=CARTESIAN_POINT('',(-12.433938808452,28.1497526836147,1.));
#5754=CARTESIAN_POINT('',(-12.433938808452,28.1497526836147,5.));
#5755=CARTESIAN_POINT('Ctrl Pts',(-12.433938808452,28.1497526836147,1.));
#5756=CARTESIAN_POINT('Ctrl Pts',(-12.0560512450504,28.4014209251101,1.));
#5757=CARTESIAN_POINT('Ctrl Pts',(-11.223671853583,28.9557748599735,1.));
#5758=CARTESIAN_POINT('Ctrl Pts',(-10.2196335521836,28.9910117655394,1.));
#5759=CARTESIAN_POINT('Ctrl Pts',(-9.67141334427271,29.0102516527713,1.));
#5760=CARTESIAN_POINT('Ctrl Pts',(-13.395307794737,25.7296957789537,5.));
#5761=CARTESIAN_POINT('Ctrl Pts',(-13.395307794737,25.7296957789537,1.));
#5762=CARTESIAN_POINT('Ctrl Pts',(-13.3632421675037,26.2104602896597,5.));
#5763=CARTESIAN_POINT('Ctrl Pts',(-13.3632421675037,26.2104602896597,1.));
#5764=CARTESIAN_POINT('Ctrl Pts',(-13.3023284936659,27.1237476669802,5.));
#5765=CARTESIAN_POINT('Ctrl Pts',(-13.3023284936659,27.1237476669802,1.));
#5766=CARTESIAN_POINT('Ctrl Pts',(-12.7130259960253,27.8200103347542,5.));
#5767=CARTESIAN_POINT('Ctrl Pts',(-12.7130259960253,27.8200103347542,1.));
#5768=CARTESIAN_POINT('Ctrl Pts',(-12.433938808452,28.1497526836147,5.));
#5769=CARTESIAN_POINT('Ctrl Pts',(-12.433938808452,28.1497526836147,1.));
#5770=CARTESIAN_POINT('',(-13.395307794737,25.7296957789537,5.));
#5771=CARTESIAN_POINT('Ctrl Pts',(-13.395307794737,25.7296957789537,5.));
#5772=CARTESIAN_POINT('Ctrl Pts',(-13.3632421675037,26.2104602896597,5.));
#5773=CARTESIAN_POINT('Ctrl Pts',(-13.3023284936659,27.1237476669802,5.));
#5774=CARTESIAN_POINT('Ctrl Pts',(-12.7130259960253,27.8200103347542,5.));
#5775=CARTESIAN_POINT('Ctrl Pts',(-12.433938808452,28.1497526836147,5.));
#5776=CARTESIAN_POINT('',(-13.395307794737,25.7296957789537,1.));
#5777=CARTESIAN_POINT('',(-13.395307794737,25.7296957789537,5.));
#5778=CARTESIAN_POINT('Ctrl Pts',(-13.395307794737,25.7296957789537,1.));
#5779=CARTESIAN_POINT('Ctrl Pts',(-13.3632421675037,26.2104602896597,1.));
#5780=CARTESIAN_POINT('Ctrl Pts',(-13.3023284936659,27.1237476669802,1.));
#5781=CARTESIAN_POINT('Ctrl Pts',(-12.7130259960253,27.8200103347542,1.));
#5782=CARTESIAN_POINT('Ctrl Pts',(-12.433938808452,28.1497526836147,1.));
#5783=CARTESIAN_POINT('Origin',(-13.3997851809218,24.1982742254828,5.));
#5784=CARTESIAN_POINT('',(-13.3997851809218,24.1982742254828,5.));
#5785=CARTESIAN_POINT('',(-13.4376326027984,11.2531416834206,5.));
#5786=CARTESIAN_POINT('',(-13.3997851809218,24.1982742254828,1.));
#5787=CARTESIAN_POINT('',(-13.3997851809218,24.1982742254828,5.));
#5788=CARTESIAN_POINT('',(-13.3997851809218,24.1982742254828,1.));
#5789=CARTESIAN_POINT('Ctrl Pts',(-12.5265688761021,21.8757107758167,5.));
#5790=CARTESIAN_POINT('Ctrl Pts',(-12.5265688761021,21.8757107758167,1.));
#5791=CARTESIAN_POINT('Ctrl Pts',(-12.7821269113868,22.1983743699273,5.));
#5792=CARTESIAN_POINT('Ctrl Pts',(-12.7821269113868,22.1983743699273,1.));
#5793=CARTESIAN_POINT('Ctrl Pts',(-13.3196233379918,22.8770089847094,5.));
#5794=CARTESIAN_POINT('Ctrl Pts',(-13.3196233379918,22.8770089847094,1.));
#5795=CARTESIAN_POINT('Ctrl Pts',(-13.3722043403881,23.7436738248869,5.));
#5796=CARTESIAN_POINT('Ctrl Pts',(-13.3722043403881,23.7436738248869,1.));
#5797=CARTESIAN_POINT('Ctrl Pts',(-13.3997851809218,24.1982742254828,5.));
#5798=CARTESIAN_POINT('Ctrl Pts',(-13.3997851809218,24.1982742254828,1.));
#5799=CARTESIAN_POINT('',(-12.5265688761021,21.8757107758167,5.));
#5800=CARTESIAN_POINT('Ctrl Pts',(-12.5265688761021,21.8757107758167,5.));
#5801=CARTESIAN_POINT('Ctrl Pts',(-12.7821269113868,22.1983743699273,5.));
#5802=CARTESIAN_POINT('Ctrl Pts',(-13.3196233379918,22.8770089847094,5.));
#5803=CARTESIAN_POINT('Ctrl Pts',(-13.3722043403881,23.7436738248869,5.));
#5804=CARTESIAN_POINT('Ctrl Pts',(-13.3997851809218,24.1982742254828,5.));
#5805=CARTESIAN_POINT('',(-12.5265688761021,21.8757107758167,1.));
#5806=CARTESIAN_POINT('',(-12.5265688761021,21.8757107758167,5.));
#5807=CARTESIAN_POINT('Ctrl Pts',(-12.5265688761021,21.8757107758167,1.));
#5808=CARTESIAN_POINT('Ctrl Pts',(-12.7821269113868,22.1983743699273,1.));
#5809=CARTESIAN_POINT('Ctrl Pts',(-13.3196233379918,22.8770089847094,1.));
#5810=CARTESIAN_POINT('Ctrl Pts',(-13.3722043403881,23.7436738248869,1.));
#5811=CARTESIAN_POINT('Ctrl Pts',(-13.3997851809218,24.1982742254828,1.));
#5812=CARTESIAN_POINT('Ctrl Pts',(-9.95765804443136,21.0110536338059,5.));
#5813=CARTESIAN_POINT('Ctrl Pts',(-9.95765804443136,21.0110536338059,1.));
#5814=CARTESIAN_POINT('Ctrl Pts',(-10.4715076731911,21.0337813790478,5.));
#5815=CARTESIAN_POINT('Ctrl Pts',(-10.4715076731911,21.0337813790478,1.));
#5816=CARTESIAN_POINT('Ctrl Pts',(-11.4156275646844,21.0755401255188,5.));
#5817=CARTESIAN_POINT('Ctrl Pts',(-11.4156275646844,21.0755401255188,1.));
#5818=CARTESIAN_POINT('Ctrl Pts',(-12.1787746136977,21.6252072089245,5.));
#5819=CARTESIAN_POINT('Ctrl Pts',(-12.1787746136977,21.6252072089245,1.));
#5820=CARTESIAN_POINT('Ctrl Pts',(-12.5265688761021,21.8757107758167,5.));
#5821=CARTESIAN_POINT('Ctrl Pts',(-12.5265688761021,21.8757107758167,1.));
#5822=CARTESIAN_POINT('',(-9.95765804443136,21.0110536338059,5.));
#5823=CARTESIAN_POINT('Ctrl Pts',(-9.95765804443136,21.0110536338059,5.));
#5824=CARTESIAN_POINT('Ctrl Pts',(-10.4715076731911,21.0337813790478,5.));
#5825=CARTESIAN_POINT('Ctrl Pts',(-11.4156275646844,21.0755401255188,5.));
#5826=CARTESIAN_POINT('Ctrl Pts',(-12.1787746136977,21.6252072089245,5.));
#5827=CARTESIAN_POINT('Ctrl Pts',(-12.5265688761021,21.8757107758167,5.));
#5828=CARTESIAN_POINT('',(-9.95765804443136,21.0110536338059,1.));
#5829=CARTESIAN_POINT('',(-9.95765804443136,21.0110536338059,5.));
#5830=CARTESIAN_POINT('Ctrl Pts',(-9.95765804443136,21.0110536338059,1.));
#5831=CARTESIAN_POINT('Ctrl Pts',(-10.4715076731911,21.0337813790478,1.));
#5832=CARTESIAN_POINT('Ctrl Pts',(-11.4156275646844,21.0755401255188,1.));
#5833=CARTESIAN_POINT('Ctrl Pts',(-12.1787746136977,21.6252072089245,1.));
#5834=CARTESIAN_POINT('Ctrl Pts',(-12.5265688761021,21.8757107758167,1.));
#5835=CARTESIAN_POINT('Origin',(-6.79195683370315,21.001798137281,5.));
#5836=CARTESIAN_POINT('',(-5.28879173264597,20.9974033639139,5.));
#5837=CARTESIAN_POINT('',(-6.79195683370315,21.001798137281,1.));
#5838=CARTESIAN_POINT('Origin',(-3.8348275395122,24.9348544724096,1.));
#5839=CARTESIAN_POINT('Origin',(-33.1066697394459,22.8501700865716,5.));
#5840=CARTESIAN_POINT('',(-33.1066697394459,22.8501700865716,5.));
#5841=CARTESIAN_POINT('',(-35.5523713761963,22.8573205349219,5.));
#5842=CARTESIAN_POINT('',(-18.4435586516434,22.8072998456096,5.));
#5843=CARTESIAN_POINT('',(-33.1066697394459,22.8501700865716,1.));
#5844=CARTESIAN_POINT('',(-33.1066697394459,22.8501700865716,5.));
#5845=CARTESIAN_POINT('',(-35.5523713761963,22.8573205349219,1.));
#5846=CARTESIAN_POINT('',(-33.1066697394459,22.8501700865716,1.));
#5847=CARTESIAN_POINT('',(-35.5523713761963,22.8573205349219,5.));
#5848=CARTESIAN_POINT('Origin',(-32.2824468729118,27.2249224135524,5.));
#5849=CARTESIAN_POINT('',(-32.2824468729118,27.2249224135524,5.));
#5850=CARTESIAN_POINT('',(-34.4283762444065,15.8349089928381,5.));
#5851=CARTESIAN_POINT('',(-32.2824468729118,27.2249224135524,1.));
#5852=CARTESIAN_POINT('',(-32.2824468729118,27.2249224135524,5.));
#5853=CARTESIAN_POINT('',(-32.2824468729118,27.2249224135524,1.));
#5854=CARTESIAN_POINT('Origin',(-31.4723888901008,22.8453919727463,5.));
#5855=CARTESIAN_POINT('',(-31.4723888901008,22.8453919727463,5.));
#5856=CARTESIAN_POINT('',(-28.818824647812,8.49905427552257,5.));
#5857=CARTESIAN_POINT('',(-31.4723888901008,22.8453919727463,1.));
#5858=CARTESIAN_POINT('',(-31.4723888901008,22.8453919727463,5.));
#5859=CARTESIAN_POINT('',(-31.4723888901008,22.8453919727463,1.));
#5860=CARTESIAN_POINT('Origin',(-28.912399411732,22.8379073833477,5.));
#5861=CARTESIAN_POINT('',(-28.912399411732,22.8379073833477,5.));
#5862=CARTESIAN_POINT('',(-16.3464234877864,22.8011684939977,5.));
#5863=CARTESIAN_POINT('',(-28.912399411732,22.8379073833477,1.));
#5864=CARTESIAN_POINT('',(-28.912399411732,22.8379073833477,5.));
#5865=CARTESIAN_POINT('',(-28.912399411732,22.8379073833477,1.));
#5866=CARTESIAN_POINT('Origin',(-30.6770375071095,29.071665370776,5.));
#5867=CARTESIAN_POINT('',(-30.6770375071095,29.071665370776,5.));
#5868=CARTESIAN_POINT('',(-25.647083334932,11.3028565258655,5.));
#5869=CARTESIAN_POINT('',(-30.6770375071095,29.071665370776,1.));
#5870=CARTESIAN_POINT('',(-30.6770375071095,29.071665370776,5.));
#5871=CARTESIAN_POINT('',(-30.6770375071095,29.071665370776,1.));
#5872=CARTESIAN_POINT('Origin',(-33.7970269190361,29.0807872206404,5.));
#5873=CARTESIAN_POINT('',(-33.7970269190361,29.0807872206404,5.));
#5874=CARTESIAN_POINT('',(-18.7796321052485,29.0368811675229,5.));
#5875=CARTESIAN_POINT('',(-33.7970269190361,29.0807872206404,1.));
#5876=CARTESIAN_POINT('',(-33.7970269190361,29.0807872206404,5.));
#5877=CARTESIAN_POINT('',(-33.7970269190361,29.0807872206404,1.));
#5878=CARTESIAN_POINT('Origin',(-35.5523713761963,22.8573205349219,5.));
#5879=CARTESIAN_POINT('',(-37.5949999224279,15.615305637552,5.));
#5880=CARTESIAN_POINT('',(-35.5523713761963,22.8573205349219,1.));
#5881=CARTESIAN_POINT('Origin',(-3.8348275395122,24.9348544724096,1.));
#5882=CARTESIAN_POINT('Origin',(7.07084412027188,20.9612677468512,5.));
#5883=CARTESIAN_POINT('',(7.07084412027188,20.9612677468512,5.));
#5884=CARTESIAN_POINT('',(7.07588953438878,22.686974577975,5.));
#5885=CARTESIAN_POINT('',(7.03764115336169,9.6047000830253,5.));
#5886=CARTESIAN_POINT('',(7.07084412027188,20.9612677468512,1.));
#5887=CARTESIAN_POINT('',(7.07084412027188,20.9612677468512,5.));
#5888=CARTESIAN_POINT('',(7.07588953438878,22.686974577975,1.));
#5889=CARTESIAN_POINT('',(7.07084412027188,20.9612677468512,1.));
#5890=CARTESIAN_POINT('',(7.07588953438878,22.686974577975,5.));
#5891=CARTESIAN_POINT('Origin',(11.6422528812839,20.9479024116269,5.));
#5892=CARTESIAN_POINT('',(11.6422528812839,20.9479024116269,5.));
#5893=CARTESIAN_POINT('',(3.92831312484752,20.9704555010868,5.));
#5894=CARTESIAN_POINT('',(11.6422528812839,20.9479024116269,1.));
#5895=CARTESIAN_POINT('',(11.6422528812839,20.9479024116269,5.));
#5896=CARTESIAN_POINT('',(11.6422528812839,20.9479024116269,1.));
#5897=CARTESIAN_POINT('Origin',(11.6472982954007,22.6736092427506,5.));
#5898=CARTESIAN_POINT('',(11.6472982954007,22.6736092427506,5.));
#5899=CARTESIAN_POINT('',(11.6115726214321,10.4541881633628,5.));
#5900=CARTESIAN_POINT('',(11.6472982954007,22.6736092427506,1.));
#5901=CARTESIAN_POINT('',(11.6472982954007,22.6736092427506,5.));
#5902=CARTESIAN_POINT('',(11.6472982954007,22.6736092427506,1.));
#5903=CARTESIAN_POINT('Origin',(10.6301601083349,22.6765830290713,5.));
#5904=CARTESIAN_POINT('',(10.6301601083349,22.6765830290713,5.));
#5905=CARTESIAN_POINT('',(3.42478944543152,22.6976492253709,5.));
#5906=CARTESIAN_POINT('',(10.6301601083349,22.6765830290713,1.));
#5907=CARTESIAN_POINT('',(10.6301601083349,22.6765830290713,5.));
#5908=CARTESIAN_POINT('',(10.6301601083349,22.6765830290713,1.));
#5909=CARTESIAN_POINT('Origin',(10.6433917934135,27.2022787991939,5.));
#5910=CARTESIAN_POINT('',(10.6433917934135,27.2022787991939,5.));
#5911=CARTESIAN_POINT('',(10.6010502769055,12.7200098347448,5.));
#5912=CARTESIAN_POINT('',(10.6433917934135,27.2022787991939,1.));
#5913=CARTESIAN_POINT('',(10.6433917934135,27.2022787991939,5.));
#5914=CARTESIAN_POINT('',(10.6433917934135,27.2022787991939,1.));
#5915=CARTESIAN_POINT('Origin',(11.6605299804793,27.1993050128733,5.));
#5916=CARTESIAN_POINT('',(11.6605299804793,27.1993050128733,5.));
#5917=CARTESIAN_POINT('',(3.946590224043,27.2218581023332,5.));
#5918=CARTESIAN_POINT('',(11.6605299804793,27.1993050128733,1.));
#5919=CARTESIAN_POINT('',(11.6605299804793,27.1993050128733,5.));
#5920=CARTESIAN_POINT('',(11.6605299804793,27.1993050128733,1.));
#5921=CARTESIAN_POINT('Origin',(11.6656422214117,28.9478689354856,5.));
#5922=CARTESIAN_POINT('',(11.6656422214117,28.9478689354856,5.));
#5923=CARTESIAN_POINT('',(11.6207445844376,13.5913180097303,5.));
#5924=CARTESIAN_POINT('',(11.6656422214117,28.9478689354856,1.));
#5925=CARTESIAN_POINT('',(11.6656422214117,28.9478689354856,5.));
#5926=CARTESIAN_POINT('',(11.6656422214117,28.9478689354856,1.));
#5927=CARTESIAN_POINT('Origin',(7.09423346039975,28.9612342707099,5.));
#5928=CARTESIAN_POINT('',(7.09423346039975,28.9612342707099,5.));
#5929=CARTESIAN_POINT('',(1.66599808446941,28.9771046925577,5.));
#5930=CARTESIAN_POINT('',(7.09423346039975,28.9612342707099,1.));
#5931=CARTESIAN_POINT('',(7.09423346039975,28.9612342707099,5.));
#5932=CARTESIAN_POINT('',(7.09423346039975,28.9612342707099,1.));
#5933=CARTESIAN_POINT('Origin',(7.08912121946732,27.2126703480976,5.));
#5934=CARTESIAN_POINT('',(7.08912121946733,27.2126703480976,5.));
#5935=CARTESIAN_POINT('',(7.0467797029594,12.7304013836485,5.));
#5936=CARTESIAN_POINT('',(7.08912121946733,27.2126703480976,1.));
#5937=CARTESIAN_POINT('',(7.08912121946733,27.2126703480976,5.));
#5938=CARTESIAN_POINT('',(7.08912121946732,27.2126703480976,1.));
#5939=CARTESIAN_POINT('Origin',(8.10626059862098,27.2096965582917,5.));
#5940=CARTESIAN_POINT('',(8.10626059862098,27.2096965582917,5.));
#5941=CARTESIAN_POINT('',(2.16945553311384,27.2270538750424,5.));
#5942=CARTESIAN_POINT('',(8.10626059862098,27.2096965582917,1.));
#5943=CARTESIAN_POINT('',(8.10626059862098,27.2096965582917,5.));
#5944=CARTESIAN_POINT('',(8.10626059862098,27.2096965582917,1.));
#5945=CARTESIAN_POINT('Origin',(8.09302891354243,22.684000788169,5.));
#5946=CARTESIAN_POINT('',(8.09302891354243,22.684000788169,5.));
#5947=CARTESIAN_POINT('',(8.05730323957378,10.4645797087813,5.));
#5948=CARTESIAN_POINT('',(8.09302891354243,22.684000788169,1.));
#5949=CARTESIAN_POINT('',(8.09302891354243,22.684000788169,5.));
#5950=CARTESIAN_POINT('',(8.09302891354243,22.684000788169,1.));
#5951=CARTESIAN_POINT('Origin',(7.07588953438878,22.686974577975,5.));
#5952=CARTESIAN_POINT('',(1.64765415845846,22.7028449998228,5.));
#5953=CARTESIAN_POINT('',(7.07588953438878,22.686974577975,1.));
#5954=CARTESIAN_POINT('Origin',(-3.8348275395122,24.9348544724096,1.));
#5955=CARTESIAN_POINT('Origin',(24.6962309529622,25.7097574659392,5.));
#5956=CARTESIAN_POINT('',(24.6962309529622,25.7097574659392,5.));
#5957=CARTESIAN_POINT('',(23.4619503967549,25.7133661070074,5.));
#5958=CARTESIAN_POINT('',(10.4623189623765,25.7513728661918,5.));
#5959=CARTESIAN_POINT('',(24.6962309529622,25.7097574659392,1.));
#5960=CARTESIAN_POINT('',(24.6962309529622,25.7097574659392,5.));
#5961=CARTESIAN_POINT('',(23.4619503967549,25.7133661070074,1.));
#5962=CARTESIAN_POINT('',(24.6962309529622,25.7097574659392,1.));
#5963=CARTESIAN_POINT('',(23.4619503967549,25.7133661070074,5.));
#5964=CARTESIAN_POINT('Origin',(24.0697683532607,22.5230040803004,5.));
#5965=CARTESIAN_POINT('',(24.0697683532607,22.5230040803004,5.));
#5966=CARTESIAN_POINT('',(21.2560863045067,8.21008133079975,5.));
#5967=CARTESIAN_POINT('',(24.0697683532607,22.5230040803004,1.));
#5968=CARTESIAN_POINT('',(24.0697683532607,22.5230040803004,5.));
#5969=CARTESIAN_POINT('',(24.0697683532607,22.5230040803004,1.));
#5970=CARTESIAN_POINT('Origin',(23.4619503967549,25.7133661070074,5.));
#5971=CARTESIAN_POINT('',(25.5053503527861,14.9878099510597,5.));
#5972=CARTESIAN_POINT('',(23.4619503967549,25.7133661070074,1.));
#5973=CARTESIAN_POINT('Origin',(20.1456058783988,28.9230762374595,5.));
#5974=CARTESIAN_POINT('',(20.1456058783988,28.9230762374595,5.));
#5975=CARTESIAN_POINT('',(22.7055953567676,28.9155916480609,5.));
#5976=CARTESIAN_POINT('',(8.19168429346894,28.9580256759325,5.));
#5977=CARTESIAN_POINT('',(20.1456058783988,28.9230762374595,1.));
#5978=CARTESIAN_POINT('',(20.1456058783988,28.9230762374595,5.));
#5979=CARTESIAN_POINT('',(22.7055953567676,28.9155916480609,1.));
#5980=CARTESIAN_POINT('',(20.1456058783988,28.9230762374595,1.));
#5981=CARTESIAN_POINT('',(22.7055953567676,28.9155916480609,5.));
#5982=CARTESIAN_POINT('Origin',(22.3964929690765,20.9164604576537,5.));
#5983=CARTESIAN_POINT('',(22.3964929690765,20.9164604576537,5.));
#5984=CARTESIAN_POINT('',(24.3840514903195,13.8465290135668,5.));
#5985=CARTESIAN_POINT('',(22.3964929690765,20.9164604576537,1.));
#5986=CARTESIAN_POINT('',(22.3964929690765,20.9164604576537,5.));
#5987=CARTESIAN_POINT('',(22.3964929690765,20.9164604576537,1.));
#5988=CARTESIAN_POINT('Origin',(25.7450500176474,20.9066703492185,5.));
#5989=CARTESIAN_POINT('',(25.7450500176474,20.9066703492185,5.));
#5990=CARTESIAN_POINT('',(10.9797116930293,20.9498394698826,5.));
#5991=CARTESIAN_POINT('',(25.7450500176474,20.9066703492185,1.));
#5992=CARTESIAN_POINT('',(25.7450500176474,20.9066703492185,5.));
#5993=CARTESIAN_POINT('',(25.7450500176474,20.9066703492185,1.));
#5994=CARTESIAN_POINT('Origin',(27.8827162971719,28.9004554044032,5.));
#5995=CARTESIAN_POINT('',(27.8827162971719,28.9004554044032,5.));
#5996=CARTESIAN_POINT('',(23.0027731421649,10.6519490606891,5.));
#5997=CARTESIAN_POINT('',(27.8827162971719,28.9004554044032,1.));
#5998=CARTESIAN_POINT('',(27.8827162971719,28.9004554044032,5.));
#5999=CARTESIAN_POINT('',(27.8827162971719,28.9004554044032,1.));
#6000=CARTESIAN_POINT('Origin',(25.3912982422797,28.9077395129195,5.));
#6001=CARTESIAN_POINT('',(25.3912982422797,28.9077395129195,5.));
#6002=CARTESIAN_POINT('',(10.8145304754094,28.9503573136625,5.));
#6003=CARTESIAN_POINT('',(25.3912982422797,28.9077395129195,1.));
#6004=CARTESIAN_POINT('',(25.3912982422797,28.9077395129195,5.));
#6005=CARTESIAN_POINT('',(25.3912982422797,28.9077395129195,1.));
#6006=CARTESIAN_POINT('Origin',(25.0671560038692,27.4915377993498,5.));
#6007=CARTESIAN_POINT('',(25.0671560038692,27.4915377993498,5.));
#6008=CARTESIAN_POINT('',(21.1707804425468,10.467981185086,5.));
#6009=CARTESIAN_POINT('',(25.0671560038692,27.4915377993498,1.));
#6010=CARTESIAN_POINT('',(25.0671560038692,27.4915377993498,5.));
#6011=CARTESIAN_POINT('',(25.0671560038692,27.4915377993498,1.));
#6012=CARTESIAN_POINT('Origin',(23.0671643729045,27.4973851343818,5.));
#6013=CARTESIAN_POINT('',(23.0671643729045,27.4973851343818,5.));
#6014=CARTESIAN_POINT('',(9.65039191292555,27.5366114803357,5.));
#6015=CARTESIAN_POINT('',(23.0671643729045,27.4973851343818,1.));
#6016=CARTESIAN_POINT('',(23.0671643729045,27.4973851343818,5.));
#6017=CARTESIAN_POINT('',(23.0671643729045,27.4973851343818,1.));
#6018=CARTESIAN_POINT('Origin',(22.7055953567676,28.9155916480609,5.));
#6019=CARTESIAN_POINT('',(25.5620832904672,17.7113965621497,5.));
#6020=CARTESIAN_POINT('',(22.7055953567676,28.9155916480609,1.));
#6021=CARTESIAN_POINT('Origin',(-3.8348275395122,24.9348544724096,1.));
#6022=CARTESIAN_POINT('Origin',(-3.85203256540921,-1.72012673710504,5.));
#6023=CARTESIAN_POINT('',(-55.3520325654092,34.779873262895,5.));
#6024=CARTESIAN_POINT('',(-49.3520325654092,40.779873262895,5.));
#6025=CARTESIAN_POINT('Origin',(-49.3520325654092,34.779873262895,5.));
#6026=CARTESIAN_POINT('',(-55.3520325654092,-38.220126737105,5.));
#6027=CARTESIAN_POINT('',(-55.3520325654092,-44.220126737105,5.));
#6028=CARTESIAN_POINT('',(-49.3520325654092,-44.220126737105,5.));
#6029=CARTESIAN_POINT('Origin',(-49.3520325654092,-38.220126737105,5.));
#6030=CARTESIAN_POINT('',(41.6479674345908,-44.220126737105,5.));
#6031=CARTESIAN_POINT('',(47.6479674345908,-44.220126737105,5.));
#6032=CARTESIAN_POINT('',(47.6479674345908,-38.220126737105,5.));
#6033=CARTESIAN_POINT('Origin',(41.6479674345908,-38.220126737105,5.));
#6034=CARTESIAN_POINT('',(47.6479674345908,34.779873262895,5.));
#6035=CARTESIAN_POINT('',(47.6479674345908,40.779873262895,5.));
#6036=CARTESIAN_POINT('',(41.6479674345908,40.779873262895,5.));
#6037=CARTESIAN_POINT('Origin',(41.6479674345908,34.779873262895,5.));
#6038=CARTESIAN_POINT('',(-55.3520325654092,40.779873262895,5.));
#6039=CARTESIAN_POINT('',(41.0479674345908,-39.220126737105,5.));
#6040=CARTESIAN_POINT('Origin',(42.6479674345908,-39.220126737105,5.));
#6041=CARTESIAN_POINT('',(-51.9520325654092,35.779873262895,5.));
#6042=CARTESIAN_POINT('Origin',(-50.3520325654092,35.779873262895,5.));
#6043=CARTESIAN_POINT('',(41.0479674345908,35.779873262895,5.));
#6044=CARTESIAN_POINT('Origin',(42.6479674345908,35.779873262895,5.));
#6045=CARTESIAN_POINT('',(-51.9520325654092,-39.220126737105,5.));
#6046=CARTESIAN_POINT('Origin',(-50.3520325654092,-39.220126737105,5.));
#6047=CARTESIAN_POINT('',(-37.4330343736593,-19.,5.));
#6048=CARTESIAN_POINT('',(-31.,-12.5669656263407,5.));
#6049=CARTESIAN_POINT('Origin',(-30.,-20.,5.));
#6050=CARTESIAN_POINT('',(-31.,-17.7087121525221,5.));
#6051=CARTESIAN_POINT('',(-31.,-7.14354618172289,5.));
#6052=CARTESIAN_POINT('',(-32.2912878474779,-19.,5.));
#6053=CARTESIAN_POINT('Origin',(-30.,-20.,5.));
#6054=CARTESIAN_POINT('',(-18.0716602064436,-19.,5.));
#6055=CARTESIAN_POINT('',(-29.,-5.03337045290423,5.));
#6056=CARTESIAN_POINT('',(-15.0333704529042,-19.,5.));
#6057=CARTESIAN_POINT('Origin',(-30.,-20.,5.));
#6058=CARTESIAN_POINT('',(-20.0501256289338,-19.,5.));
#6059=CARTESIAN_POINT('',(-9.44270150915672,-19.,5.));
#6060=CARTESIAN_POINT('',(-29.,-10.0501256289338,5.));
#6061=CARTESIAN_POINT('Origin',(-30.,-20.,5.));
#6062=CARTESIAN_POINT('',(-29.,-5.88512618301942,5.));
#6063=CARTESIAN_POINT('',(-20.0501256289338,-21.,5.));
#6064=CARTESIAN_POINT('',(-15.0333704529042,-21.,5.));
#6065=CARTESIAN_POINT('',(-11.9510790971715,-21.,5.));
#6066=CARTESIAN_POINT('',(-29.,-34.9666295470958,5.));
#6067=CARTESIAN_POINT('Origin',(-30.,-20.,5.));
#6068=CARTESIAN_POINT('',(-29.,-29.9498743710662,5.));
#6069=CARTESIAN_POINT('',(-29.,-18.3433781421004,5.));
#6070=CARTESIAN_POINT('Origin',(-30.,-20.,5.));
#6071=CARTESIAN_POINT('',(-29.,-12.5669656263407,5.));
#6072=CARTESIAN_POINT('',(-22.5669656263407,-19.,5.));
#6073=CARTESIAN_POINT('Origin',(-30.,-20.,5.));
#6074=CARTESIAN_POINT('',(-27.7087121525221,-19.,5.));
#6075=CARTESIAN_POINT('',(-13.209499095875,-19.,5.));
#6076=CARTESIAN_POINT('',(-29.,-17.7087121525221,5.));
#6077=CARTESIAN_POINT('Origin',(-30.,-20.,5.));
#6078=CARTESIAN_POINT('',(-29.,-9.71441944481356,5.));
#6079=CARTESIAN_POINT('',(-31.,-27.4330343736593,5.));
#6080=CARTESIAN_POINT('',(-37.4330343736593,-21.,5.));
#6081=CARTESIAN_POINT('Origin',(-30.,-20.,5.));
#6082=CARTESIAN_POINT('',(-32.2912878474779,-21.,5.));
#6083=CARTESIAN_POINT('',(-20.6425334695342,-21.,5.));
#6084=CARTESIAN_POINT('',(-31.,-22.2912878474779,5.));
#6085=CARTESIAN_POINT('Origin',(-30.,-20.,5.));
#6086=CARTESIAN_POINT('',(-31.,-12.0057072922915,5.));
#6087=CARTESIAN_POINT('',(-39.9498743710662,-19.,5.));
#6088=CARTESIAN_POINT('',(-44.9666295470958,-19.,5.));
#6089=CARTESIAN_POINT('',(-21.9009534682377,-19.,5.));
#6090=CARTESIAN_POINT('',(-31.,-5.03337045290423,5.));
#6091=CARTESIAN_POINT('Origin',(-30.,-20.,5.));
#6092=CARTESIAN_POINT('',(-31.,-10.0501256289338,5.));
#6093=CARTESIAN_POINT('',(-31.,-3.37674859500464,5.));
#6094=CARTESIAN_POINT('Origin',(-30.,-20.,5.));
#6095=CARTESIAN_POINT('',(-31.,-34.9666295470958,5.));
#6096=CARTESIAN_POINT('',(-44.9666295470958,-21.,5.));
#6097=CARTESIAN_POINT('Origin',(-30.,-20.,5.));
#6098=CARTESIAN_POINT('',(-39.9498743710662,-21.,5.));
#6099=CARTESIAN_POINT('',(-24.4093310562525,-21.,5.));
#6100=CARTESIAN_POINT('',(-31.,-29.9498743710662,5.));
#6101=CARTESIAN_POINT('Origin',(-30.,-20.,5.));
#6102=CARTESIAN_POINT('',(-31.,-15.8350005540856,5.));
#6103=CARTESIAN_POINT('',(-27.7087121525221,-21.,5.));
#6104=CARTESIAN_POINT('',(-22.5669656263407,-21.,5.));
#6105=CARTESIAN_POINT('',(-15.7803723589656,-21.,5.));
#6106=CARTESIAN_POINT('',(-29.,-27.4330343736593,5.));
#6107=CARTESIAN_POINT('Origin',(-30.,-20.,5.));
#6108=CARTESIAN_POINT('',(-29.,-22.2912878474779,5.));
#6109=CARTESIAN_POINT('',(-29.,-14.5765805553821,5.));
#6110=CARTESIAN_POINT('Origin',(-30.,-20.,5.));
#6111=CARTESIAN_POINT('Origin',(-3.85203256540921,-1.72012673710504,5.));
#6112=CARTESIAN_POINT('Origin',(-3.85203256540921,-1.72012673710504,5.));
#6113=CARTESIAN_POINT('Origin',(-27.7087121525221,-21.,5.));
#6114=CARTESIAN_POINT('',(-27.7087121525221,-21.,0.));
#6115=CARTESIAN_POINT('',(-27.7087121525221,-21.,5.));
#6116=CARTESIAN_POINT('',(-22.5669656263407,-21.,0.));
#6117=CARTESIAN_POINT('',(-15.7803723589656,-21.,0.));
#6118=CARTESIAN_POINT('',(-22.5669656263407,-21.,5.));
#6119=CARTESIAN_POINT('Origin',(-30.,-20.,5.));
#6120=CARTESIAN_POINT('',(-29.,-22.2912878474779,0.));
#6121=CARTESIAN_POINT('',(-29.,-22.2912878474779,5.));
#6122=CARTESIAN_POINT('Origin',(-30.,-20.,0.));
#6123=CARTESIAN_POINT('Origin',(-29.,-27.4330343736593,5.));
#6124=CARTESIAN_POINT('',(-29.,-27.4330343736593,0.));
#6125=CARTESIAN_POINT('',(-29.,-27.4330343736593,5.));
#6126=CARTESIAN_POINT('',(-29.,-14.5765805553821,0.));
#6127=CARTESIAN_POINT('Origin',(-30.,-20.,5.));
#6128=CARTESIAN_POINT('Origin',(-30.,-20.,0.));
#6129=CARTESIAN_POINT('Origin',(-30.,-20.,5.));
#6130=CARTESIAN_POINT('',(-31.,-34.9666295470958,0.));
#6131=CARTESIAN_POINT('',(-31.,-34.9666295470958,5.));
#6132=CARTESIAN_POINT('',(-44.9666295470958,-21.,0.));
#6133=CARTESIAN_POINT('Origin',(-30.,-20.,0.));
#6134=CARTESIAN_POINT('',(-44.9666295470958,-21.,5.));
#6135=CARTESIAN_POINT('Origin',(-31.,-29.9498743710662,5.));
#6136=CARTESIAN_POINT('',(-31.,-29.9498743710662,0.));
#6137=CARTESIAN_POINT('',(-31.,-29.9498743710662,5.));
#6138=CARTESIAN_POINT('',(-31.,-15.8350005540856,0.));
#6139=CARTESIAN_POINT('Origin',(-30.,-20.,5.));
#6140=CARTESIAN_POINT('',(-39.9498743710662,-21.,0.));
#6141=CARTESIAN_POINT('',(-39.9498743710662,-21.,5.));
#6142=CARTESIAN_POINT('Origin',(-30.,-20.,0.));
#6143=CARTESIAN_POINT('Origin',(-44.9666295470958,-21.,5.));
#6144=CARTESIAN_POINT('',(-24.4093310562525,-21.,0.));
#6145=CARTESIAN_POINT('Origin',(-39.9498743710662,-19.,5.));
#6146=CARTESIAN_POINT('',(-39.9498743710662,-19.,0.));
#6147=CARTESIAN_POINT('',(-39.9498743710662,-19.,5.));
#6148=CARTESIAN_POINT('',(-44.9666295470958,-19.,0.));
#6149=CARTESIAN_POINT('',(-21.9009534682377,-19.,0.));
#6150=CARTESIAN_POINT('',(-44.9666295470958,-19.,5.));
#6151=CARTESIAN_POINT('Origin',(-30.,-20.,5.));
#6152=CARTESIAN_POINT('',(-31.,-10.0501256289338,0.));
#6153=CARTESIAN_POINT('',(-31.,-10.0501256289338,5.));
#6154=CARTESIAN_POINT('Origin',(-30.,-20.,0.));
#6155=CARTESIAN_POINT('Origin',(-31.,-5.03337045290423,5.));
#6156=CARTESIAN_POINT('',(-31.,-5.03337045290423,0.));
#6157=CARTESIAN_POINT('',(-31.,-5.03337045290423,5.));
#6158=CARTESIAN_POINT('',(-31.,-3.37674859500464,0.));
#6159=CARTESIAN_POINT('Origin',(-30.,-20.,5.));
#6160=CARTESIAN_POINT('Origin',(-30.,-20.,0.));
#6161=CARTESIAN_POINT('Origin',(-30.,-20.,5.));
#6162=CARTESIAN_POINT('',(-31.,-27.4330343736593,0.));
#6163=CARTESIAN_POINT('',(-31.,-27.4330343736593,5.));
#6164=CARTESIAN_POINT('',(-37.4330343736593,-21.,0.));
#6165=CARTESIAN_POINT('Origin',(-30.,-20.,0.));
#6166=CARTESIAN_POINT('',(-37.4330343736593,-21.,5.));
#6167=CARTESIAN_POINT('Origin',(-31.,-22.2912878474779,5.));
#6168=CARTESIAN_POINT('',(-31.,-22.2912878474779,0.));
#6169=CARTESIAN_POINT('',(-31.,-22.2912878474779,5.));
#6170=CARTESIAN_POINT('',(-31.,-12.0057072922915,0.));
#6171=CARTESIAN_POINT('Origin',(-30.,-20.,5.));
#6172=CARTESIAN_POINT('',(-32.2912878474779,-21.,0.));
#6173=CARTESIAN_POINT('',(-32.2912878474779,-21.,5.));
#6174=CARTESIAN_POINT('Origin',(-30.,-20.,0.));
#6175=CARTESIAN_POINT('Origin',(-37.4330343736593,-21.,5.));
#6176=CARTESIAN_POINT('',(-20.6425334695342,-21.,0.));
#6177=CARTESIAN_POINT('Origin',(-30.,-20.,5.));
#6178=CARTESIAN_POINT('',(-29.,-12.5669656263407,0.));
#6179=CARTESIAN_POINT('',(-29.,-12.5669656263407,5.));
#6180=CARTESIAN_POINT('',(-22.5669656263407,-19.,0.));
#6181=CARTESIAN_POINT('Origin',(-30.,-20.,0.));
#6182=CARTESIAN_POINT('',(-22.5669656263407,-19.,5.));
#6183=CARTESIAN_POINT('Origin',(-29.,-17.7087121525221,5.));
#6184=CARTESIAN_POINT('',(-29.,-17.7087121525221,0.));
#6185=CARTESIAN_POINT('',(-29.,-17.7087121525221,5.));
#6186=CARTESIAN_POINT('',(-29.,-9.71441944481356,0.));
#6187=CARTESIAN_POINT('Origin',(-30.,-20.,5.));
#6188=CARTESIAN_POINT('',(-27.7087121525221,-19.,0.));
#6189=CARTESIAN_POINT('',(-27.7087121525221,-19.,5.));
#6190=CARTESIAN_POINT('Origin',(-30.,-20.,0.));
#6191=CARTESIAN_POINT('Origin',(-22.5669656263407,-19.,5.));
#6192=CARTESIAN_POINT('',(-13.209499095875,-19.,0.));
#6193=CARTESIAN_POINT('Origin',(-20.0501256289338,-21.,5.));
#6194=CARTESIAN_POINT('',(-20.0501256289338,-21.,0.));
#6195=CARTESIAN_POINT('',(-20.0501256289338,-21.,5.));
#6196=CARTESIAN_POINT('',(-15.0333704529042,-21.,0.));
#6197=CARTESIAN_POINT('',(-11.9510790971715,-21.,0.));
#6198=CARTESIAN_POINT('',(-15.0333704529042,-21.,5.));
#6199=CARTESIAN_POINT('Origin',(-30.,-20.,5.));
#6200=CARTESIAN_POINT('',(-29.,-29.9498743710662,0.));
#6201=CARTESIAN_POINT('',(-29.,-29.9498743710662,5.));
#6202=CARTESIAN_POINT('Origin',(-30.,-20.,0.));
#6203=CARTESIAN_POINT('Origin',(-29.,-34.9666295470958,5.));
#6204=CARTESIAN_POINT('',(-29.,-34.9666295470958,0.));
#6205=CARTESIAN_POINT('',(-29.,-34.9666295470958,5.));
#6206=CARTESIAN_POINT('',(-29.,-18.3433781421004,0.));
#6207=CARTESIAN_POINT('Origin',(-30.,-20.,5.));
#6208=CARTESIAN_POINT('Origin',(-30.,-20.,0.));
#6209=CARTESIAN_POINT('Origin',(-30.,-20.,5.));
#6210=CARTESIAN_POINT('',(-29.,-5.03337045290423,0.));
#6211=CARTESIAN_POINT('',(-29.,-5.03337045290423,5.));
#6212=CARTESIAN_POINT('',(-15.0333704529042,-19.,0.));
#6213=CARTESIAN_POINT('Origin',(-30.,-20.,0.));
#6214=CARTESIAN_POINT('',(-15.0333704529042,-19.,5.));
#6215=CARTESIAN_POINT('Origin',(-29.,-10.0501256289338,5.));
#6216=CARTESIAN_POINT('',(-29.,-10.0501256289338,0.));
#6217=CARTESIAN_POINT('',(-29.,-10.0501256289338,5.));
#6218=CARTESIAN_POINT('',(-29.,-5.88512618301942,0.));
#6219=CARTESIAN_POINT('Origin',(-30.,-20.,5.));
#6220=CARTESIAN_POINT('',(-20.0501256289338,-19.,0.));
#6221=CARTESIAN_POINT('',(-20.0501256289338,-19.,5.));
#6222=CARTESIAN_POINT('Origin',(-30.,-20.,0.));
#6223=CARTESIAN_POINT('Origin',(-15.0333704529042,-19.,5.));
#6224=CARTESIAN_POINT('',(-9.44270150915672,-19.,0.));
#6225=CARTESIAN_POINT('Origin',(-30.,-20.,5.));
#6226=CARTESIAN_POINT('',(-37.4330343736593,-19.,0.));
#6227=CARTESIAN_POINT('',(-37.4330343736593,-19.,5.));
#6228=CARTESIAN_POINT('',(-31.,-12.5669656263407,0.));
#6229=CARTESIAN_POINT('Origin',(-30.,-20.,0.));
#6230=CARTESIAN_POINT('',(-31.,-12.5669656263407,5.));
#6231=CARTESIAN_POINT('Origin',(-32.2912878474779,-19.,5.));
#6232=CARTESIAN_POINT('',(-32.2912878474779,-19.,0.));
#6233=CARTESIAN_POINT('',(-32.2912878474779,-19.,5.));
#6234=CARTESIAN_POINT('',(-18.0716602064436,-19.,0.));
#6235=CARTESIAN_POINT('Origin',(-30.,-20.,5.));
#6236=CARTESIAN_POINT('',(-31.,-17.7087121525221,0.));
#6237=CARTESIAN_POINT('',(-31.,-17.7087121525221,5.));
#6238=CARTESIAN_POINT('Origin',(-30.,-20.,0.));
#6239=CARTESIAN_POINT('Origin',(-31.,-12.5669656263407,5.));
#6240=CARTESIAN_POINT('',(-31.,-7.14354618172289,0.));
#6241=CARTESIAN_POINT('Origin',(-50.3520325654092,-39.220126737105,0.));
#6242=CARTESIAN_POINT('',(-51.9520325654092,-39.220126737105,0.));
#6243=CARTESIAN_POINT('Origin',(-50.3520325654092,-39.220126737105,0.));
#6244=CARTESIAN_POINT('',(-51.9520325654092,-39.220126737105,0.));
#6245=CARTESIAN_POINT('Origin',(-49.3520325654092,34.779873262895,0.));
#6246=CARTESIAN_POINT('',(-49.3520325654092,40.779873262895,0.));
#6247=CARTESIAN_POINT('',(-49.3520325654092,40.779873262895,0.));
#6248=CARTESIAN_POINT('',(-55.3520325654092,34.779873262895,0.));
#6249=CARTESIAN_POINT('Origin',(-49.3520325654092,34.779873262895,0.));
#6250=CARTESIAN_POINT('',(-55.3520325654092,34.779873262895,0.));
#6251=CARTESIAN_POINT('Origin',(-55.3520325654092,40.779873262895,0.));
#6252=CARTESIAN_POINT('',(-55.3520325654092,-38.220126737105,0.));
#6253=CARTESIAN_POINT('',(-55.3520325654092,-44.220126737105,0.));
#6254=CARTESIAN_POINT('',(-55.3520325654092,-38.220126737105,0.));
#6255=CARTESIAN_POINT('Origin',(-3.85203256540921,-1.72012673710504,0.));
#6256=CARTESIAN_POINT('',(41.6479674345908,40.779873262895,0.));
#6257=CARTESIAN_POINT('',(-55.3520325654092,40.779873262895,0.));
#6258=CARTESIAN_POINT('',(47.6479674345908,34.779873262895,0.));
#6259=CARTESIAN_POINT('Origin',(41.6479674345908,34.779873262895,0.));
#6260=CARTESIAN_POINT('',(47.6479674345908,-38.220126737105,0.));
#6261=CARTESIAN_POINT('',(47.6479674345908,40.779873262895,0.));
#6262=CARTESIAN_POINT('',(41.6479674345908,-44.220126737105,0.));
#6263=CARTESIAN_POINT('Origin',(41.6479674345908,-38.220126737105,0.));
#6264=CARTESIAN_POINT('',(-49.3520325654092,-44.220126737105,0.));
#6265=CARTESIAN_POINT('',(47.6479674345908,-44.220126737105,0.));
#6266=CARTESIAN_POINT('Origin',(-49.3520325654092,-38.220126737105,0.));
#6267=CARTESIAN_POINT('',(41.0479674345908,35.779873262895,0.));
#6268=CARTESIAN_POINT('Origin',(42.6479674345908,35.779873262895,0.));
#6269=CARTESIAN_POINT('',(-51.9520325654092,35.779873262895,0.));
#6270=CARTESIAN_POINT('Origin',(-50.3520325654092,35.779873262895,0.));
#6271=CARTESIAN_POINT('',(41.0479674345908,-39.220126737105,0.));
#6272=CARTESIAN_POINT('Origin',(42.6479674345908,-39.220126737105,0.));
#6273=CARTESIAN_POINT('Origin',(-49.3520325654092,-38.220126737105,0.));
#6274=CARTESIAN_POINT('',(-49.3520325654092,-44.220126737105,0.));
#6275=CARTESIAN_POINT('Origin',(-55.3520325654092,-44.220126737105,0.));
#6276=CARTESIAN_POINT('',(41.6479674345908,-44.220126737105,0.));
#6277=CARTESIAN_POINT('Origin',(41.6479674345908,-38.220126737105,0.));
#6278=CARTESIAN_POINT('',(47.6479674345908,-38.220126737105,0.));
#6279=CARTESIAN_POINT('Origin',(47.6479674345908,-44.220126737105,0.));
#6280=CARTESIAN_POINT('',(47.6479674345908,34.779873262895,0.));
#6281=CARTESIAN_POINT('Origin',(41.6479674345908,34.779873262895,0.));
#6282=CARTESIAN_POINT('',(41.6479674345908,40.779873262895,0.));
#6283=CARTESIAN_POINT('Origin',(42.6479674345908,-39.220126737105,0.));
#6284=CARTESIAN_POINT('',(41.0479674345908,-39.220126737105,0.));
#6285=CARTESIAN_POINT('Origin',(-50.3520325654092,35.779873262895,0.));
#6286=CARTESIAN_POINT('',(-51.9520325654092,35.779873262895,0.));
#6287=CARTESIAN_POINT('Origin',(42.6479674345908,35.779873262895,0.));
#6288=CARTESIAN_POINT('',(41.0479674345908,35.779873262895,0.));
#6289=CARTESIAN_POINT('Origin',(47.6479674345908,40.779873262895,0.));
#6290=CARTESIAN_POINT('Origin',(-3.85203256540921,-1.72012673710504,5.));
#6291=UNCERTAINTY_MEASURE_WITH_UNIT(LENGTH_MEASURE(0.01),#6295,
'DISTANCE_ACCURACY_VALUE',
'Maximum model space distance between geometric entities at asserted c
onnectivities');
#6292=UNCERTAINTY_MEASURE_WITH_UNIT(LENGTH_MEASURE(0.01),#6295,
'DISTANCE_ACCURACY_VALUE',
'Maximum model space distance between geometric entities at asserted c
onnectivities');
#6293=(
GEOMETRIC_REPRESENTATION_CONTEXT(3)
GLOBAL_UNCERTAINTY_ASSIGNED_CONTEXT((#6291))
GLOBAL_UNIT_ASSIGNED_CONTEXT((#6295,#6297,#6298))
REPRESENTATION_CONTEXT('','3D')
);
#6294=(
GEOMETRIC_REPRESENTATION_CONTEXT(3)
GLOBAL_UNCERTAINTY_ASSIGNED_CONTEXT((#6292))
GLOBAL_UNIT_ASSIGNED_CONTEXT((#6295,#6297,#6298))
REPRESENTATION_CONTEXT('','3D')
);
#6295=(
LENGTH_UNIT()
NAMED_UNIT(*)
SI_UNIT(.MILLI.,.METRE.)
);
#6296=(
LENGTH_UNIT()
NAMED_UNIT(*)
SI_UNIT($,.METRE.)
);
#6297=(
NAMED_UNIT(*)
PLANE_ANGLE_UNIT()
SI_UNIT($,.RADIAN.)
);
#6298=(
NAMED_UNIT(*)
SI_UNIT($,.STERADIAN.)
SOLID_ANGLE_UNIT()
);
#6299=SHAPE_DEFINITION_REPRESENTATION(#6300,#6301);
#6300=PRODUCT_DEFINITION_SHAPE('',$,#6303);
#6301=SHAPE_REPRESENTATION('',(#3567),#6293);
#6302=PRODUCT_DEFINITION_CONTEXT('part definition',#6307,'design');
#6303=PRODUCT_DEFINITION('2026-04-02-13-31-05-311','TOPPART',#6304,#6302);
#6304=PRODUCT_DEFINITION_FORMATION('',$,#6309);
#6305=PRODUCT_RELATED_PRODUCT_CATEGORY('TOPPART','TOPPART',(#6309));
#6306=APPLICATION_PROTOCOL_DEFINITION('international standard',
'automotive_design',2009,#6307);
#6307=APPLICATION_CONTEXT(
'Core Data for Automotive Mechanical Design Process');
#6308=PRODUCT_CONTEXT('part definition',#6307,'mechanical');
#6309=PRODUCT('2026-04-02-13-31-05-311','TOPPART',$,(#6308));
#6310=PRESENTATION_STYLE_ASSIGNMENT((#6311));
#6311=SURFACE_STYLE_USAGE(.BOTH.,#6312);
#6312=SURFACE_SIDE_STYLE('',(#6313));
#6313=SURFACE_STYLE_FILL_AREA(#6314);
#6314=FILL_AREA_STYLE('Steel - Satin',(#6315));
#6315=FILL_AREA_STYLE_COLOUR('Steel - Satin',#6316);
#6316=COLOUR_RGB('Steel - Satin',0.627450980392157,0.627450980392157,0.627450980392157);
ENDSEC;
END-ISO-10303-21;
